Workbook

Sheet Distilled
A1: Type | B1: Time (min) | C1: Avg Temp (°C) | D1: m Measured 4He nccSTP | E1: ±2σ | F1: n0 4He nccSTP in Tube | G1: ±2σ | H1: ω Apatite-Evolved 4He nccSTP | J1: FHeApatite Corrected | K1: Corrected ln(d/a^2) | L1: ±2σ | M1: Uncorrected ln(d/a^2) | N1: FHeTube
A2: Permeation | B2: 15 | C2: 24.3 | D2: 0.0070397161 | E2: 0.00046366283 | F2: 1.4795008 | G2: 0.17715777 | N2: 0.0047581697
A3: Experirmental | B3: 240 | C3: 100 | D3: 0.16997322 | E3: 0.0010689647 | F3: 1.4724611 | G3: 0.177161 | H3: 0.049585314 | I3: 0.23714865 | J3: 8.0292822e-05 | K3: -- | L3: -- | M3: -28.390539
B4: 15 | C4: 28 | D4: 0.0072063928 | E4: 0.00039277365 | F4: 1.3520732 | G4: 0.15764618
B5: 15 | C5: 24 | D5: 0.0063909671 | E5: 0.00039211574 | F5: 1.3448668 | G5: 0.15764569
A6: Permeation | B6: 15 | C6: 24 | D6: 0.0063035258 | E6: 0.0003922416 | F6: 1.3384758 | G6: 0.1576452 | N6: 0.0047094805
A7: Experirmental | B7: 240 | C7: 150 | D7: 0.30898586 | E7: 0.0023276047 | F7: 1.3321723 | G7: 0.15764569 | H7: 0.011125653 | I7: 0.20543141 | J7: 9.830844e-05 | K7: -- | L7: -- | M7: -26.979613
B8: 15 | C8: 28.1 | D8: 0.0054182507 | E8: 0.00039240748 | F8: 1.0343121 | G8: 0.13169845
B9: 15 | C9: 24.3 | D9: 0.0048442465 | E9: 0.00039173705 | F9: 1.0288939 | G9: 0.13169787
A10: Permeation | B10: 15 | C10: 24.2 | D10: 0.0048470052 | E10: 0.00039195139 | F10: 1.0240496 | G10: 0.13169729 | N10: 0.0047331742
A11: Experirmental | B11: 240 | C11: 200.1 | D11: 0.94159047 | E11: 0.008454219 | F11: 1.0192026 | G11: 0.13169787 | H11: 1.6418389 | I11: 0.2316491 | J11: 0.0027569157 | K11: -23.80233 | L11: 0.27582053 | M11: -25.016905
B12: 15 | C12: 29.9 | D12: 0.0094679763 | E12: 0.00040549037 | F12: 1.719451 | G12: 0.19038252
B13: 15 | C13: 23.8 | D13: 0.0078570308 | E13: 0.00040143492 | F13: 1.7099831 | G13: 0.19038209
A14: Permeation | B14: 15 | C14: 24 | D14: 0.0080357965 | E14: 0.00040261459 | F14: 1.702126 | G14: 0.19038167 | N14: 0.004721035
A15: Experirmental | B15: 60 | C15: 250.2 | D15: 1.0965443 | E15: 0.010927819 | F15: 1.6940902 | G15: 0.19038209 | H15: 3.6974788 | I15: 0.47601417 | J15: 0.0087441927 | K15: -20.210909 | L15: 0.19957032 | M15: -24.010252
B16: 15 | C16: 33 | D16: 0.026533466 | E16: 0.00049953195 | F16: 4.2950248 | G16: 0.4361476
B17: 15 | C17: 23.5 | D17: 0.020157554 | E17: 0.00046327781 | F17: 4.2684913 | G17: 0.43614732
A18: Permeation | B18: 15 | C18: 24 | D18: 0.020031989 | E18: 0.00046537633 | F18: 4.2483338 | G18: 0.43614707 | N18: 0.0047152577
A19: Experirmental | B19: 60 | C19: 270.3 | D19: 2.5076806 | E19: 0.027419363 | F19: 4.2283018 | G19: 0.43614732 | H19: 5.2581583 | I19: 0.82875713 | J19: 0.017258657 | K19: -19.043016 | L19: 0.2216449 | M19: -22.51444
B20: 15 | C20: 33.9 | D20: 0.044142938 | E20: 0.0006690419 | F20: 6.9787795 | G20: 0.70417474
A21: Permeation | B21: 15 | C21: 23.6 | D21: 0.032460046 | E21: 0.00057270788 | F21: 6.9346365 | G21: 0.70417443 | N21: 0.0046808576
A22: Experirmental | B22: 60 | C22: 290.3 | D22: 4.9788581 | E22: 0.058309248 | F22: 6.9021765 | G22: 0.70417466 | H22: 8.9926264 | I22: 1.305291 | J22: 0.031820294 | K22: -17.871168 | L22: 0.20363213 | M22: -21.100115
B23: 15 | C23: 33.6 | D23: 0.06816375 | E23: 0.00095428102 | F23: 10.915945 | G23: 1.0975075
A24: Permeation | B24: 15 | C24: 23.6 | D24: 0.050498404 | E24: 0.0007758697 | F24: 10.847781 | G24: 1.097507 | N24: 0.0046551829
A25: Experirmental | B25: 60 | C25: 300.3 | D25: 7.2425431 | E25: 0.090504533 | F25: 10.797283 | G25: 1.0975073 | H25: 9.508228 | I25: 1.7092683 | J25: 0.047216838 | K25: -17.338928 | L25: 0.25013333 | M25: -20.072096
B26: 15 | C26: 34.2 | D26: 0.084341606 | E26: 0.0012002647 | F26: 13.062967 | G26: 1.3072432
B27: 15 | C27: 23.5 | D27: 0.061603994 | E27: 0.00094346982 | F27: 12.978626 | G27: 1.3072426
A28: Permeation | B28: 15 | C28: 24.1 | D28: 0.060966654 | E28: 0.00094853967 | F28: 12.917022 | G28: 1.3072423 | N28: 0.0047198693
A29: Experirmental | B29: 60 | C29: 285.3 | D29: 5.9192547 | E29: 0.07989536 | F29: 12.856055 | G29: 1.3072426 | H29: 3.5751129 | I29: 1.6845151 | J29: 0.053005969 | K29: -18.039226 | L29: 0.70831059 | M29: -20.648811
B30: 15 | C30: 36.8 | D30: 0.072903363 | E30: 0.001136436 | F30: 10.511913 | G30: 1.0593981
A31: Permeation | B31: 15 | C31: 23.6 | D31: 0.048461489 | E31: 0.00083811801 | F31: 10.43901 | G31: 1.0593975 | N31: 0.0046423453
A32: Experirmental | B32: 80 | C32: 275.2 | D32: 5.38248 | E32: 0.077292051 | F32: 10.390548 | G32: 1.0593979 | H32: 2.5210172 | I32: 1.3076851 | J32: 0.057088218 | K32: -18.578245 | L32: 1.0903722 | M32: -19.801766
B33: 15 | C33: 37 | D33: 0.052427731 | E33: 0.00092166798 | F33: 7.5290856 | G33: 0.76272036
A34: Permeation | B34: 15 | C34: 23.6 | D34: 0.034869197 | E34: 0.00070324153 | F34: 7.4766579 | G34: 0.7627198 | N34: 0.0046637412
A35: Experirmental | B35: 100 | C35: 255.2 | D35: 3.3818034 | E35: 0.051757902 | F35: 7.4417887 | G35: 0.76272012 | H35: 0.60143931 | I35: 0.90195738 | J35: 0.05806212 | K35: -- | L35: -- | M35: -20.215546
B36: 15 | C36: 37.1 | D36: 0.032063068 | E36: 0.00069073226 | F36: 4.6614246 | G36: 0.47865045
A37: Permeation | B37: 15 | C37: 23.6 | D37: 0.021471284 | E37: 0.00056416692 | F37: 4.6293615 | G37: 0.47864996 | N37: 0.004638066
A38: Experirmental | B38: 60 | C38: 300.3 | D38: 3.6843249 | E38: 0.059302486 | F38: 4.6078902 | G38: 0.47865029 | H38: 6.6769386 | I38: 0.91078037 | J38: 0.068873996 | K38: -17.16709 | L38: 0.19601763 | M38: -20.762091
B39: 15 | C39: 36.3 | D39: 0.051808902 | E39: 0.00100351 | F39: 7.600504 | G39: 0.77259174
A40: Permeation | B40: 15 | C40: 23.6 | D40: 0.035129789 | E40: 0.00076566699 | F40: 7.5486951 | G40: 0.77259109 | N40: 0.0046537565
A41: Experirmental | B41: 120 | C41: 300.2 | D41: 9.7782249 | E41: 0.16710204 | F41: 7.5135653 | G41: 0.77259147 | H41: 11.113967 | I41: 1.1975669 | J41: 0.08687069 | K41: -17.133841 | L41: 0.21957968 | M41: -19.207715
B42: 15 | C42: 35.7 | D42: 0.059481307 | E42: 0.0011818532 | F42: 8.849307 | G42: 0.89963645
A43: Permeation | B43: 15 | C43: 23.6 | D43: 0.040868095 | E43: 0.00089112413 | F43: 8.7898257 | G43: 0.89963567 | N43: 0.0046494773
A44: Experirmental | B44: 180 | C44: 300.1 | D44: 14.578232 | E44: 0.26693763 | F44: 8.7489576 | G44: 0.89963612 | H44: 13.792106 | I44: 1.2412315 | J44: 0.10920406 | K44: -17.075743 | L44: 0.1783897 | M44: -18.753195
B45: 15 | C45: 35.9 | D45: 0.054671954 | E45: 0.0011722987 | F45: 7.9628314 | G45: 0.81243759
A46: Permeation | B46: 15 | C46: 23.6 | D46: 0.037817796 | E46: 0.00089034353 | F46: 7.9081595 | G46: 0.81243674 | N46: 0.0047821236
A47: Experirmental | B47: 60 | C47: 320.3 | D47: 7.4935918 | E47: 0.14330127 | F47: 7.8703417 | G47: 0.81243723 | H47: 11.358315 | I47: 1.451786 | J47: 0.12759642 | K47: -15.964865 | L47: 0.17788511 | M47: -17.939341
B48: 15 | C48: 36.9 | D48: 0.0812871 | E48: 0.0017149482 | F48: 11.735065 | G48: 1.19461
A49: Permeation | B49: 15 | C49: 23.5 | D49: 0.054130423 | E49: 0.0012199747 | F49: 11.653778 | G49: 1.1946087 | N49: 0.0046448819
A50: Experirmental | B50: 60 | C50: 330.4 | D50: 11.18011 | E50: 0.22272937 | F50: 11.599648 | G50: 1.1946094 | H50: 14.462753 | I50: 1.9418386 | J50: 0.15101576 | K50: -15.541779 | L50: 0.20985835 | M50: -18.084208
B51: 15 | C51: 37.4 | D51: 0.10764278 | E51: 0.0023042092 | F51: 14.882291 | G51: 1.5146079
A52: Permeation | B52: 15 | C52: 23.7 | D52: 0.069057864 | E52: 0.0015581563 | F52: 14.774648 | G52: 1.5146062 | N52: 0.0046740785
A53: Experirmental | B53: 60 | C53: 350.4 | D53: 19.775026 | E53: 0.40976217 | F53: 14.70559 | G53: 1.514607 | H53: 28.330053 | I53: 2.8402388 | J53: 0.19689023 | K53: -14.614465 | L53: 0.15121022 | M53: -18.109301
B54: 15 | C54: 37 | D54: 0.16147163 | E54: 0.0035110735 | F54: 23.260617 | G54: 2.3674918
A55: Permeation | B55: 15 | C55: 23.5 | D55: 0.10709573 | E55: 0.0024059913 | F55: 23.099146 | G55: 2.3674892 | N55: 0.0046363503
A56: Experirmental | B56: 60 | C56: 370.4 | D56: 32.965737 | E56: 0.70952775 | F56: 22.99205 | G56: 2.3674904 | H56: 41.343332 | I56: 4.0397892 | J56: 0.26383692 | K56: -13.899548 | L56: 0.14828892 | M56: -16.150589
B57: 15 | C57: 37.3 | D57: 0.22071872 | E57: 0.0049272484 | F57: 31.369645 | G57: 3.1955369
A58: Permeation | B58: 15 | C58: 23.5 | D58: 0.14472737 | E58: 0.003314466 | F58: 31.148926 | G58: 3.1955331 | N58: 0.0046463039
A59: Experirmental | B59: 60 | C59: 385.4 | D59: 42.322242 | E59: 0.94499922 | F59: 31.004199 | G59: 3.1955348 | H59: 44.783772 | I59: 4.7710076 | J59: 0.33635467 | K59: -13.481177 | L59: 0.17233635 | M59: -15.412398
B60: 15 | C60: 37.8 | D60: 0.23927395 | E60: 0.0055260833 | F60: 33.465729 | G60: 3.4143882
A61: Permeation | B61: 15 | C61: 23.5 | D61: 0.15480541 | E61: 0.0036627872 | F61: 33.226455 | G61: 3.4143838 | N61: 0.0046591012
A62: Experirmental | B62: 60 | C62: 360.4 | D62: 27.527865 | E62: 0.6369414 | F62: 33.071649 | G62: 3.4143857 | H62: 15.329518 | I62: 4.0773667 | J62: 0.36117755 | K62: -14.348992 | L62: 0.51221071 | M62: -15.329226
B63: 15 | C63: 39.6 | D63: 0.16196446 | E63: 0.0039238405 | F63: 20.873303 | G63: 2.1356954
A64: Permeation | B64: 15 | C64: 23.6 | D64: 0.09632644 | E64: 0.0024237602 | F64: 20.711338 | G64: 2.1356918 | N64: 0.0046509037
A65: Experirmental | B65: 60 | C65: 340.4 | D65: 14.777545 | E65: 0.35394126 | F65: 20.615012 | G65: 2.1356932 | H65: 7.4056558 | I65: 2.5574779 | J65: 0.37316943 | K65: -15.003066 | L65: 0.90473958 | M65: -15.628958
B66: 15 | C66: 40 | D66: 0.10285559 | E66: 0.0026395685 | F66: 13.243122 | G66: 1.3617023
A67: Permeation | B67: 15 | C67: 23.5 | D67: 0.061016303 | E67: 0.0016584384 | F67: 13.140267 | G67: 1.3616998 | N67: 0.00464346
A68: Experirmental | B68: 100 | C68: 325.2 | D68: 12.370783 | E68: 0.30812916 | F68: 13.07925 | G68: 1.3617008 | H68: 6.7885434 | I68: 1.5986132 | J68: 0.38416203 | K68: -15.555887 | L68: 1.075933 | M68: -13.68589
B69: 15 | C69: 40.1 | D69: 0.058880482 | E69: 0.0016538703 | F69: 7.497011 | G69: 0.77871137
A70: Permeation | B70: 15 | C70: 24 | D70: 0.035083445 | E70: 0.0010872055 | F70: 7.4381305 | G70: 0.77870962 | N70: 0.004716702
A71: Experirmental | B71: 240 | C71: 400.1 | D71: 101.06899 | E71: 2.6643425 | F71: 7.4030471 | G71: 0.77871037 | H71: 109.98923 | I71: 3.2490485 | J71: 0.56226609 | K71: -13.280712 | L71: 0.076085568 | M71: -13.703346
B72: 15 | C72: 34.9 | D72: 0.10960216 | E72: 0.0030764928 | F72: 16.323287 | G72: 1.6885512
A73: Permeation | B73: 15 | C73: 23.8 | D73: 0.075672532 | E73: 0.0022008207 | F73: 16.213685 | G73: 1.6885484 | N73: 0.0046672012
A74: Experirmental | B74: 90 | C74: 350.3 | D74: 14.878931 | E74: 0.40606625 | F74: 16.138013 | G74: 1.6885498 | H74: 5.8007598 | I74: 1.8876885 | J74: 0.57165918 | K74: -14.924592 | L74: 0.92267669 | M74: -15.417287
B75: 15 | C75: 39.5 | D75: 0.056705358 | E75: 0.0017447243 | F75: 7.0598418 | G75: 0.73978213
A76: Permeation | B76: 15 | C76: 24 | D76: 0.03295079 | E76: 0.0011217151 | F76: 7.0031364 | G76: 0.73978007 | N76: 0.0047051475
A77: Experirmental | B77: 60 | C77: 400.4 | D77: 14.213963 | E77: 0.39956992 | F77: 6.9701856 | G77: 0.73978092 | H77: 18.117517 | I77: 1.4114443 | J77: 0.60099663 | K77: -13.310688 | L77: 0.31482949 | M77: -15.500844
B78: 15 | C78: 40.4 | D78: 0.086596461 | E78: 0.0026286024 | F78: 10.87374 | G78: 1.1336856
A79: Permeation | B79: 15 | C79: 24 | D79: 0.05081742 | E79: 0.0016428332 | F79: 10.787143 | G79: 1.1336825 | N79: 0.0047109248
A80: Experirmental | B80: 120 | C80: 300.2 | D80: 7.6532803 | E80: 0.22313325 | F80: 10.736326 | G80: 1.1336837 | H80: 0.70246649 | I80: 1.2259902 | J80: 0.60213412 | K80: -- | L80: -- | M80: -16.498778
B81: 15 | C81: 39.4 | D81: 0.02905099 | E81: 0.0010721309 | F81: 3.785512 | G81: 0.40990824
A82: Permeation | B82: 15 | C82: 23.7 | D82: 0.017579493 | E82: 0.00076773895 | F82: 3.756461 | G82: 0.40990684 | N82: 0.0046798019

Sheet Raw Data and Corrections
C1: Encapsulated Durango Apatite (r = 150 micron, 3.18mg) in tube ID 850 OD 1350 micron | E1: G = | F1: =2/(LN(0.135/0.085)*((0.085/2)^2)) -> 2393.4504 | G1: cm^-2 | V1: R (cm^3 * atm * atoms^-1 * K^1) | W1: 1.3621e-22
J2: Automated Reduction | L2: Manual Reduction with Tracked Sensitivities
A3: Avg Temp | B3: Analysis | C3: Time (min) | D3: Set Temp | E3: Timestamp | F3: 2 Int | G3: 3 Int | H3: 4 Int | I3: Ratio Int | J3: Raw nCC | K3: BC nCC | L3: sensitivity | M3: 2σ | N3: Raw nCC | O3: 2σ | P3: Blank | Q3: 2σ | R3: BC nCC | S3: 2σ | T3: cumulative measured 4He nCC | U3: 2σ | V3: total time (seconds) | W3: K 4He (Swets et al., 1961) | X3: FHeTube | Y3: n0 calc | Z3: 2σ | AA3: n0 | AB3: 2σ | AC3: ω | AD3: 2σ | AE3: C_gas/Cap
A4: 53.3 | B4: Diff Cell | C4: 15 | D4: 25C | E4: 45235.418 | F4: 656.74479 | G4: 7880.3732 | H4: 33.250194 | I4: =H4/G4 -> 0.0042193679 | J4: 0.012772 | K4: 0.007835 | L4: =(((E4-STDs!$F$12)/STDs!$E$12)*STDs!$G$13)+((1-((E4-STDs!$F$12)/STDs!$E$12))*STDs!$G$12) -> 3.2892163 | M4: =(((E4-STDs!$F$12)/STDs!$E$12)*STDs!$H$13)+((1-((E4-STDs!$F$12)/STDs!$E$12))*STDs!$H$12) -> 0.026028269 | N4: =I4*L4 -> 0.013878414 | O4: =(M4/L4)*N4 -> 0.00010982285 | P4: =(((E4-STDs!$F$12)/STDs!$E$12)*STDs!$I$13)+((1-((E4-STDs!$F$12)/STDs!$E$12))*STDs!$I$12) -> 0.005376714 | Q4: =(((E4-STDs!$F$12)/STDs!$E$12)*STDs!$J$13)+((1-((E4-STDs!$F$12)/STDs!$E$12))*STDs!$J$12) -> 0.00038710164 | R4: =N4-P4 -> 0.0085016997 | S4: =O4+Q4 -> 0.00049692449 | T4: 0 | U4: 0
A5: 24.3 | B5: Diff Cell | C5: 15 | D5: 25C | E5: 45235.459 | F5: 814.49787 | G5: 7861.865 | H5: 30.103685 | I5: =H5/G5 -> 0.0038290768 | J5: 0.01159 | K5: 0.006653 | L5: =(((E5-STDs!$F$12)/STDs!$E$12)*STDs!$G$13)+((1-((E5-STDs!$F$12)/STDs!$E$12))*STDs!$G$12) -> 3.2929816 | M5: =(((E5-STDs!$F$12)/STDs!$E$12)*STDs!$H$13)+((1-((E5-STDs!$F$12)/STDs!$E$12))*STDs!$H$12) -> 0.023179326 | N5: =I5*L5 -> 0.01260908 | O5: =(M5/L5)*N5 -> 8.8755419e-05 | P5: =(((E5-STDs!$F$12)/STDs!$E$12)*STDs!$I$13)+((1-((E5-STDs!$F$12)/STDs!$E$12))*STDs!$I$12) -> 0.0053830216 | Q5: =(((E5-STDs!$F$12)/STDs!$E$12)*STDs!$J$13)+((1-((E5-STDs!$F$12)/STDs!$E$12))*STDs!$J$12) -> 0.00038707682 | R5: =N5-P5 -> 0.007226058 | S5: =O5+Q5 -> 0.00047583224 | T5: 0 | U5: 0 | V5: =((E5-E4)*24*3600)-(5*60) -> 3244 | W5: =(0.000304*199000000000000000)*EXP(-(5580-680)/(1.987*(A5+273))) -> 1.5113411e+10 | X5: =1-EXP(-W5*$W$1*$F$1*(A5+273)*V5) -> 0.0047406751 | Y5: =R5/(X5) -> 1.5242677 | Z5: =(((S5/R5)*Y5)^2+(Y5*0.1)^2)^0.5 -> 0.18250619
A6: 24.3 | B6: Diff Cell | C6: 15 | D6: 25C | E6: 45235.5 | F6: 915.96127 | G6: 7752.5459 | H6: 29.227762 | I6: =H6/G6 -> 0.0037700856 | J6: 0.011411 | K6: 0.006474 | L6: =(((E6-STDs!$F$12)/STDs!$E$12)*STDs!$G$13)+((1-((E6-STDs!$F$12)/STDs!$E$12))*STDs!$G$12) -> 3.2967598 | M6: =(((E6-STDs!$F$12)/STDs!$E$12)*STDs!$H$13)+((1-((E6-STDs!$F$12)/STDs!$E$12))*STDs!$H$12) -> 0.020320736 | N6: =I6*L6 -> 0.012429067 | O6: =(M6/L6)*N6 -> 7.6610913e-05 | P6: =(((E6-STDs!$F$12)/STDs!$E$12)*STDs!$I$13)+((1-((E6-STDs!$F$12)/STDs!$E$12))*STDs!$I$12) -> 0.0053893506 | Q6: =(((E6-STDs!$F$12)/STDs!$E$12)*STDs!$J$13)+((1-((E6-STDs!$F$12)/STDs!$E$12))*STDs!$J$12) -> 0.00038705192 | R6: =N6-P6 -> 0.0070397161 | S6: =O6+Q6 -> 0.00046366283 | T6: 0 | U6: 0 | V6: =((E6-E5)*24*3600)-(5*60) -> 3256 | W6: =(0.000304*199000000000000000)*EXP(-(5580-680)/(1.987*(A6+273))) -> 1.5113411e+10 | X6: =1-EXP(-W6*$W$1*$F$1*(A6+273)*V6) -> 0.0047581697 | Y6: =R6/(X6) -> 1.4795008 | Z6: =(((S6/R6)*Y6)^2+(Y6*0.1)^2)^0.5 -> 0.17715777 | AA6: =Y6 -> 1.4795008 | AB6: =Z6 -> 0.17715777
A7: STD | B7: 4He STD | E7: 45235.552 | F7: 936.58464 | G7: 7849.1801 | H7: 9522.7807 | I7: =H7/G7 -> 1.2132198 | J7: 3.997998 | K7: 3.992623 | L7: =J7/I7 -> 3.2953616 | P7: =J7-K7 -> 0.005375 | T7: 0 | U7: 0 | V7: =((E7-E6)*24*3600)-(5*60) -> 4196 | AA7: -
A8: STD | B8: 4He STD | E8: 45235.586 | F8: 917.64049 | G8: 7734.4132 | H8: 9337.7776 | I8: =H8/G8 -> 1.2073027 | J8: 3.997225 | K8: 3.991825 | L8: =J8/I8 -> 3.3108724 | P8: =J8-K8 -> 0.0054 | T8: =T7 -> 0 | U8: 0 | V8: =((E8-E7)*24*3600)-(5*60) -> 2675 | AA8: -
A9: 100 | B9: Diff Cell | C9: 240 | D9: 100C | E9: 45235.767 | F9: 880.96997 | G9: 7864.4798 | H9: 417.9725 | I9: =H9/G9 -> 0.053146872 | J9: 0.175964 | K9: 0.170564 | L9: =(((E9-STDs!$F$13)/STDs!$E$13)*STDs!$G$14)+((1-((E9-STDs!$F$13)/STDs!$E$13)))*STDs!$G$13 -> 3.2997455 | M9: =(((E9-STDs!$F$13)/STDs!$E$13)*STDs!$H$14)+((1-((E9-STDs!$F$13)/STDs!$E$13))*STDs!$H$13) -> 0.018756896 | N9: =I9*L9 -> 0.17537115 | O9: =(M9/L9)*N9 -> 0.00099687037 | P9: =(((E9-STDs!$F$13)/STDs!$E$13)*STDs!$I$14)+((1-((E9-STDs!$F$13)/STDs!$E$13))*STDs!$I$13) -> 0.0053979315 | Q9: =(((E9-STDs!$F$13)/STDs!$E$13)*STDs!$J$14)+((1-((E9-STDs!$F$13)/STDs!$E$13))*STDs!$J$13) -> 0.00038592098 | R9: =N9-P9 -> 0.16997322 | S9: =(O9^2+Q9^2)^0.5 -> 0.0010689647 | T9: =R9+T8 -> 0.16997322 | U9: =(S9^2+U8^2)^0.5 -> 0.0010689647 | V9: =((E9-E8)*24*3600)-(5*60) -> 15286 | W9: =(0.000304*199000000000000000)*EXP(-(5580-680)/(1.987*(A9+273))) -> 8.1368988e+10 | AA9: =Y6-R6 -> 1.4724611 | AB9: =(AB6^2+S9^2)^0.5 -> 0.177161 | AC9: =R9+AA10-AA9 -> 0.049585314 | AD9: =(S9^2+AB9^2+AB10^2)^0.5 -> 0.23714865 | AE9: =0.2*AA9/($D$89-T9) -> 0.00047699852
A10: 28 | B10: Diff Cell | C10: 15 | D10: 25C | E10: 45235.808 | F10: 1023.8112 | G10: 7730.9796 | H10: 29.535947 | I10: =H10/G10 -> 0.0038204663 | J10: 0.012648 | K10: 0.007248 | L10: =(((E10-STDs!$F$13)/STDs!$E$13)*STDs!$G$14)+((1-((E10-STDs!$F$13)/STDs!$E$13)))*STDs!$G$13 -> 3.2990463 | M10: =(((E10-STDs!$F$13)/STDs!$E$13)*STDs!$H$14)+((1-((E10-STDs!$F$13)/STDs!$E$13))*STDs!$H$13) -> 0.019430143 | N10: =I10*L10 -> 0.012603895 | O10: =(M10/L10)*N10 -> 7.4232205e-05 | P10: =(((E10-STDs!$F$13)/STDs!$E$13)*STDs!$I$14)+((1-((E10-STDs!$F$13)/STDs!$E$13))*STDs!$I$13) -> 0.0053975025 | Q10: =(((E10-STDs!$F$13)/STDs!$E$13)*STDs!$J$14)+((1-((E10-STDs!$F$13)/STDs!$E$13))*STDs!$J$13) -> 0.00038569511 | R10: =N10-P10 -> 0.0072063928 | S10: =(O10^2+Q10^2)^0.5 -> 0.00039277365 | T10: =R10+T9 -> 0.17717962 | U10: =(S10^2+U9^2)^0.5 -> 0.0011388401 | V10: =((E10-E9)*24*3600)-(5*60) -> 3241 | W10: =(0.000304*199000000000000000)*EXP(-(5580-680)/(1.987*(A10+273))) -> 1.6735706e+10 | X10: =1-EXP(-W10*$W$1*$F$1*(A10+273)*V10) -> 0.0053084497 | Y10: =R10/(X10) -> 1.3575325 | Z10: =(((S10/R10)*Y10)^2+(Y10*0.1)^2)^0.5 -> 0.15460758 | AA10: =AA11+R10 -> 1.3520732 | AB10: =(S10^2+AB11^2)^0.5 -> 0.15764618 | AE10: =0.2*AA10/($D$89-T10) -> 0.0004380044
A11: 24 | B11: Diff Cell | C11: 15 | D11: 25C | E11: 45235.85 | F11: 1051.7218 | G11: 7742.8887 | H11: 27.672663 | I11: =H11/G11 -> 0.0035739456 | J11: 0.01183 | K11: 0.00643 | L11: =(((E11-STDs!$F$13)/STDs!$E$13)*STDs!$G$14)+((1-((E11-STDs!$F$13)/STDs!$E$13)))*STDs!$G$13 -> 3.2983226 | M11: =(((E11-STDs!$F$13)/STDs!$E$13)*STDs!$H$14)+((1-((E11-STDs!$F$13)/STDs!$E$13))*STDs!$H$13) -> 0.020126965 | N11: =I11*L11 -> 0.011788026 | O11: =(M11/L11)*N11 -> 7.1932678e-05 | P11: =(((E11-STDs!$F$13)/STDs!$E$13)*STDs!$I$14)+((1-((E11-STDs!$F$13)/STDs!$E$13))*STDs!$I$13) -> 0.0053970584 | Q11: =(((E11-STDs!$F$13)/STDs!$E$13)*STDs!$J$14)+((1-((E11-STDs!$F$13)/STDs!$E$13))*STDs!$J$13) -> 0.00038546134 | R11: =N11-P11 -> 0.0063909671 | S11: =(O11^2+Q11^2)^0.5 -> 0.00039211574 | T11: =R11+T10 -> 0.18357058 | U11: =(S11^2+U10^2)^0.5 -> 0.0012044548 | V11: =((E11-E10)*24*3600)-(5*60) -> 3365 | W11: =(0.000304*199000000000000000)*EXP(-(5580-680)/(1.987*(A11+273))) -> 1.4987311e+10 | X11: =1-EXP(-W11*$W$1*$F$1*(A11+273)*V11) -> 0.0048712312 | Y11: =R11/(X11) -> 1.3119819 | Z11: =(((S11/R11)*Y11)^2+(Y11*0.1)^2)^0.5 -> 0.15392403 | AA11: =AA12+R11 -> 1.3448668 | AB11: =(S11^2+AB12^2)^0.5 -> 0.15764569 | AE11: =0.2*AA11/($D$89-T11) -> 0.0004356744
A12: 24 | B12: Diff Cell | C12: 15 | D12: 25C | E12: 45235.891 | F12: 1057.6855 | G12: 7748.2243 | H12: 27.491157 | I12: =H12/G12 -> 0.003548059 | J12: 0.011745 | K12: 0.006345 | L12: =(((E12-STDs!$F$13)/STDs!$E$13)*STDs!$G$14)+((1-((E12-STDs!$F$13)/STDs!$E$13)))*STDs!$G$13 -> 3.297621 | M12: =(((E12-STDs!$F$13)/STDs!$E$13)*STDs!$H$14)+((1-((E12-STDs!$F$13)/STDs!$E$13))*STDs!$H$13) -> 0.020802493 | N12: =I12*L12 -> 0.011700154 | O12: =(M12/L12)*N12 -> 7.3808471e-05 | P12: =(((E12-STDs!$F$13)/STDs!$E$13)*STDs!$I$14)+((1-((E12-STDs!$F$13)/STDs!$E$13))*STDs!$I$13) -> 0.005396628 | Q12: =(((E12-STDs!$F$13)/STDs!$E$13)*STDs!$J$14)+((1-((E12-STDs!$F$13)/STDs!$E$13))*STDs!$J$13) -> 0.00038523471 | R12: =N12-P12 -> 0.0063035258 | S12: =(O12^2+Q12^2)^0.5 -> 0.0003922416 | T12: =R12+T11 -> 0.18987411 | U12: =(S12^2+U11^2)^0.5 -> 0.0012667142 | V12: =((E12-E11)*24*3600)-(5*60) -> 3253 | W12: =(0.000304*199000000000000000)*EXP(-(5580-680)/(1.987*(A12+273))) -> 1.4987311e+10 | X12: =1-EXP(-W12*$W$1*$F$1*(A12+273)*V12) -> 0.0047094805 | Y12: =R12/(X12) -> 1.3384758 | Z12: =(((S12/R12)*Y12)^2+(Y12*0.1)^2)^0.5 -> 0.1576452 | AA12: =Y12 -> 1.3384758 | AB12: =Z12 -> 0.1576452 | AE12: =0.2*AA12/($D$89-T12) -> 0.00043360845
A13: 150 | B13: Diff Cell | C13: 240 | D13: 150C | E13: 45236.089 | F13: 831.40539 | G13: 7867.4312 | H13: 750.81487 | I13: =H13/G13 -> 0.095433294 | J13: 0.315964 | K13: 0.310564 | L13: =(((E13-STDs!$F$13)/STDs!$E$13)*STDs!$G$14)+((1-((E13-STDs!$F$13)/STDs!$E$13)))*STDs!$G$13 -> 3.2942425 | M13: =(((E13-STDs!$F$13)/STDs!$E$13)*STDs!$H$14)+((1-((E13-STDs!$F$13)/STDs!$E$13))*STDs!$H$13) -> 0.024055407 | N13: =I13*L13 -> 0.31438041 | O13: =(M13/L13)*N13 -> 0.0022956867 | P13: =(((E13-STDs!$F$13)/STDs!$E$13)*STDs!$I$14)+((1-((E13-STDs!$F$13)/STDs!$E$13))*STDs!$I$13) -> 0.0053945551 | Q13: =(((E13-STDs!$F$13)/STDs!$E$13)*STDs!$J$14)+((1-((E13-STDs!$F$13)/STDs!$E$13))*STDs!$J$13) -> 0.00038414341 | R13: =N13-P13 -> 0.30898586 | S13: =(O13^2+Q13^2)^0.5 -> 0.0023276047 | T13: =R13+T12 -> 0.49885997 | U13: =(S13^2+U12^2)^0.5 -> 0.0026499639 | V13: =((E13-E12)*24*3600)-(5*60) -> 16809 | W13: =(0.000304*199000000000000000)*EXP(-(5580-680)/(1.987*(A13+273))) -> 1.7776746e+11 | AA13: =AA12-R12 -> 1.3321723 | AB13: =(AB12^2+S12^2)^0.5 -> 0.15764569 | AC13: =R13+AA14-AA13 -> 0.011125653 | AD13: =(S13^2+AB13^2+AB14^2)^0.5 -> 0.20543141 | AE13: =0.2*AA13/($D$89-T13) -> 0.00043178248
A14: 28.1 | B14: Diff Cell | C14: 15 | D14: 25C | E14: 45236.13 | F14: 933.10524 | G14: 7806.0965 | H14: 25.626654 | I14: =H14/G14 -> 0.0032829025 | J14: 0.010868 | K14: 0.005467 | L14: =(((E14-STDs!$F$13)/STDs!$E$13)*STDs!$G$14)+((1-((E14-STDs!$F$13)/STDs!$E$13)))*STDs!$G$13 -> 3.2935415 | M14: =(((E14-STDs!$F$13)/STDs!$E$13)*STDs!$H$14)+((1-((E14-STDs!$F$13)/STDs!$E$13))*STDs!$H$13) -> 0.024730364 | N14: =I14*L14 -> 0.010812376 | O14: =(M14/L14)*N14 -> 8.1187376e-05 | P14: =(((E14-STDs!$F$13)/STDs!$E$13)*STDs!$I$14)+((1-((E14-STDs!$F$13)/STDs!$E$13))*STDs!$I$13) -> 0.005394125 | Q14: =(((E14-STDs!$F$13)/STDs!$E$13)*STDs!$J$14)+((1-((E14-STDs!$F$13)/STDs!$E$13))*STDs!$J$13) -> 0.00038391698 | R14: =N14-P14 -> 0.0054182507 | S14: =(O14^2+Q14^2)^0.5 -> 0.00039240748 | T14: =R14+T13 -> 0.50427822 | U14: =(S14^2+U13^2)^0.5 -> 0.0026788603 | V14: =((E14-E13)*24*3600)-(5*60) -> 3250 | W14: =(0.000304*199000000000000000)*EXP(-(5580-680)/(1.987*(A14+273))) -> 1.6781305e+10 | X14: =1-EXP(-W14*$W$1*$F$1*(A14+273)*V14) -> 0.0053393851 | Y14: =R14/(X14) -> 1.0147705 | Z14: =(((S14/R14)*Y14)^2+(Y14*0.1)^2)^0.5 -> 0.12529491 | AA14: =AA15+R14 -> 1.0343121 | AB14: =(S14^2+AB15^2)^0.5 -> 0.13169845 | AE14: =0.2*AA14/($D$89-T14) -> 0.00033524325
A15: 24.3 | B15: Diff Cell | C15: 15 | D15: 25C | E15: 45236.172 | F15: 945.61404 | G15: 7820.007 | H15: 24.313596 | I15: =H15/G15 -> 0.0031091527 | J15: 0.010292 | K15: 0.004892 | L15: =(((E15-STDs!$F$13)/STDs!$E$13)*STDs!$G$14)+((1-((E15-STDs!$F$13)/STDs!$E$13)))*STDs!$G$13 -> 3.2928395 | M15: =(((E15-STDs!$F$13)/STDs!$E$13)*STDs!$H$14)+((1-((E15-STDs!$F$13)/STDs!$E$13))*STDs!$H$13) -> 0.025406272 | N15: =I15*L15 -> 0.010237941 | O15: =(M15/L15)*N15 -> 7.8991981e-05 | P15: =(((E15-STDs!$F$13)/STDs!$E$13)*STDs!$I$14)+((1-((E15-STDs!$F$13)/STDs!$E$13))*STDs!$I$13) -> 0.0053936943 | Q15: =(((E15-STDs!$F$13)/STDs!$E$13)*STDs!$J$14)+((1-((E15-STDs!$F$13)/STDs!$E$13))*STDs!$J$13) -> 0.00038369022 | R15: =N15-P15 -> 0.0048442465 | S15: =(O15^2+Q15^2)^0.5 -> 0.00039173705 | T15: =R15+T14 -> 0.50912246 | U15: =(S15^2+U14^2)^0.5 -> 0.0027073511 | V15: =((E15-E14)*24*3600)-(5*60) -> 3255 | W15: =(0.000304*199000000000000000)*EXP(-(5580-680)/(1.987*(A15+273))) -> 1.5113411e+10 | X15: =1-EXP(-W15*$W$1*$F$1*(A15+273)*V15) -> 0.0047567119 | Y15: =R15/(X15) -> 1.0184023 | Z15: =(((S15/R15)*Y15)^2+(Y15*0.1)^2)^0.5 -> 0.13097218 | AA15: =AA16+R15 -> 1.0288939 | AB15: =(S15^2+AB16^2)^0.5 -> 0.13169787 | AE15: =0.2*AA15/($D$89-T15) -> 0.00033348969
A16: 24.2 | B16: Diff Cell | C16: 15 | D16: 25C | E16: 45236.213 | F16: 952.35268 | G16: 7799.0326 | H16: 24.259062 | I16: =H16/G16 -> 0.0031105219 | J16: 0.010297 | K16: 0.004897 | L16: =(((E16-STDs!$F$13)/STDs!$E$13)*STDs!$G$14)+((1-((E16-STDs!$F$13)/STDs!$E$13)))*STDs!$G$13 -> 3.2921387 | M16: =(((E16-STDs!$F$13)/STDs!$E$13)*STDs!$H$14)+((1-((E16-STDs!$F$13)/STDs!$E$13))*STDs!$H$13) -> 0.02608104 | N16: =I16*L16 -> 0.01024027 | O16: =(M16/L16)*N16 -> 8.1125646e-05 | P16: =(((E16-STDs!$F$13)/STDs!$E$13)*STDs!$I$14)+((1-((E16-STDs!$F$13)/STDs!$E$13))*STDs!$I$13) -> 0.0053932643 | Q16: =(((E16-STDs!$F$13)/STDs!$E$13)*STDs!$J$14)+((1-((E16-STDs!$F$13)/STDs!$E$13))*STDs!$J$13) -> 0.00038346385 | R16: =N16-P16 -> 0.0048470052 | S16: =(O16^2+Q16^2)^0.5 -> 0.00039195139 | T16: =R16+T15 -> 0.51396947 | U16: =(S16^2+U15^2)^0.5 -> 0.002735576 | V16: =((E16-E15)*24*3600)-(5*60) -> 3249 | W16: =(0.000304*199000000000000000)*EXP(-(5580-680)/(1.987*(A16+273))) -> 1.5071289e+10 | X16: =1-EXP(-W16*$W$1*$F$1*(A16+273)*V16) -> 0.0047331742 | Y16: =R16/(X16) -> 1.0240496 | Z16: =(((S16/R16)*Y16)^2+(Y16*0.1)^2)^0.5 -> 0.13169729 | AA16: =Y16 -> 1.0240496 | AB16: =Z16 -> 0.13169729 | AE16: =0.2*AA16/($D$89-T16) -> 0.00033192216
A17: 200.1 | B17: Diff Cell | C17: 240 | D17: 200C | E17: 45236.41 | F17: 791.26508 | G17: 7925.1603 | H17: 2282.0069 | I17: =H17/G17 -> 0.28794457 | J17: 0.953359 | K17: 0.947959 | L17: =(((E17-STDs!$F$13)/STDs!$E$13)*STDs!$G$14)+((1-((E17-STDs!$F$13)/STDs!$E$13)))*STDs!$G$13 -> 3.2887638 | M17: =(((E17-STDs!$F$13)/STDs!$E$13)*STDs!$H$14)+((1-((E17-STDs!$F$13)/STDs!$E$13))*STDs!$H$13) -> 0.029330532 | N17: =I17*L17 -> 0.94698166 | O17: =(M17/L17)*N17 -> 0.0084455674 | P17: =(((E17-STDs!$F$13)/STDs!$E$13)*STDs!$I$14)+((1-((E17-STDs!$F$13)/STDs!$E$13))*STDs!$I$13) -> 0.0053911937 | Q17: =(((E17-STDs!$F$13)/STDs!$E$13)*STDs!$J$14)+((1-((E17-STDs!$F$13)/STDs!$E$13))*STDs!$J$13) -> 0.00038237369 | R17: =N17-P17 -> 0.94159047 | S17: =(O17^2+Q17^2)^0.5 -> 0.008454219 | T17: =R17+T16 -> 1.4555599 | U17: =(S17^2+U16^2)^0.5 -> 0.0088857861 | V17: =((E17-E16)*24*3600)-(5*60) -> 16791 | W17: =(0.000304*199000000000000000)*EXP(-(5580-680)/(1.987*(A17+273))) -> 3.295876e+11 | AA17: =AA16-R16 -> 1.0192026 | AB17: =(AB16^2+S16^2)^0.5 -> 0.13169787 | AC17: =R17+AA18-AA17 -> 1.6418389 | AD17: =(S17^2+AB17^2+AB18^2)^0.5 -> 0.2316491 | AE17: =0.2*AA17/($D$89-T17) -> 0.00033085599
A18: 29.9 | B18: Diff Cell | C18: 15 | D18: 25C | E18: 45236.452 | F18: 872.70806 | G18: 7868.7416 | H18: 35.558806 | I18: =H18/G18 -> 0.0045189953 | J18: 0.014959 | K18: 0.009559 | L18: =(((E18-STDs!$F$13)/STDs!$E$13)*STDs!$G$14)+((1-((E18-STDs!$F$13)/STDs!$E$13)))*STDs!$G$13 -> 3.2880627 | M18: =(((E18-STDs!$F$13)/STDs!$E$13)*STDs!$H$14)+((1-((E18-STDs!$F$13)/STDs!$E$13))*STDs!$H$13) -> 0.030005489 | N18: =I18*L18 -> 0.01485874 | O18: =(M18/L18)*N18 -> 0.00013559466 | P18: =(((E18-STDs!$F$13)/STDs!$E$13)*STDs!$I$14)+((1-((E18-STDs!$F$13)/STDs!$E$13))*STDs!$I$13) -> 0.0053907636 | Q18: =(((E18-STDs!$F$13)/STDs!$E$13)*STDs!$J$14)+((1-((E18-STDs!$F$13)/STDs!$E$13))*STDs!$J$13) -> 0.00038214726 | R18: =N18-P18 -> 0.0094679763 | S18: =(O18^2+Q18^2)^0.5 -> 0.00040549037 | T18: =R18+T17 -> 1.4650279 | U18: =(S18^2+U17^2)^0.5 -> 0.0088950333 | V18: =((E18-E17)*24*3600)-(5*60) -> 3250 | W18: =(0.000304*199000000000000000)*EXP(-(5580-680)/(1.987*(A18+273))) -> 1.7618252e+10 | X18: =1-EXP(-W18*$W$1*$F$1*(A18+273)*V18) -> 0.0056383448 | Y18: =R18/(X18) -> 1.679212 | Z18: =(((S18/R18)*Y18)^2+(Y18*0.1)^2)^0.5 -> 0.18267327 | AA18: =AA19+R18 -> 1.719451 | AB18: =(S18^2+AB19^2)^0.5 -> 0.19038252 | AE18: =0.2*AA18/($D$89-T18) -> 0.00055818089
A19: 23.8 | B19: Diff Cell | C19: 15 | D19: 25C | E19: 45236.493 | F19: 903.34539 | G19: 7850.6412 | H19: 31.636412 | I19: =H19/G19 -> 0.004029787 | J19: 0.013339 | K19: 0.007939 | L19: =(((E19-STDs!$F$13)/STDs!$E$13)*STDs!$G$14)+((1-((E19-STDs!$F$13)/STDs!$E$13)))*STDs!$G$13 -> 3.2873607 | M19: =(((E19-STDs!$F$13)/STDs!$E$13)*STDs!$H$14)+((1-((E19-STDs!$F$13)/STDs!$E$13))*STDs!$H$13) -> 0.030681397 | N19: =I19*L19 -> 0.013247364 | O19: =(M19/L19)*N19 -> 0.0001236395 | P19: =(((E19-STDs!$F$13)/STDs!$E$13)*STDs!$I$14)+((1-((E19-STDs!$F$13)/STDs!$E$13))*STDs!$I$13) -> 0.0053903329 | Q19: =(((E19-STDs!$F$13)/STDs!$E$13)*STDs!$J$14)+((1-((E19-STDs!$F$13)/STDs!$E$13))*STDs!$J$13) -> 0.0003819205 | R19: =N19-P19 -> 0.0078570308 | S19: =(O19^2+Q19^2)^0.5 -> 0.00040143492 | T19: =R19+T18 -> 1.4728849 | U19: =(S19^2+U18^2)^0.5 -> 0.0089040871 | V19: =((E19-E18)*24*3600)-(5*60) -> 3255 | W19: =(0.000304*199000000000000000)*EXP(-(5580-680)/(1.987*(A19+273))) -> 1.490369e+10 | X19: =1-EXP(-W19*$W$1*$F$1*(A19+273)*V19) -> 0.00468299 | Y19: =R19/(X19) -> 1.6777808 | Z19: =(((S19/R19)*Y19)^2+(Y19*0.1)^2)^0.5 -> 0.18840842 | AA19: =AA20+R19 -> 1.7099831 | AB19: =(S19^2+AB20^2)^0.5 -> 0.19038209 | AE19: =0.2*AA19/($D$89-T19) -> 0.0005551144
A20: 24 | B20: Diff Cell | C20: 15 | D20: 25C | E20: 45236.534 | F20: 916.37698 | G20: 7827.0216 | H20: 31.972673 | I20: =H20/G20 -> 0.0040849093 | J20: 0.013523 | K20: 0.008123 | L20: =(((E20-STDs!$F$13)/STDs!$E$13)*STDs!$G$14)+((1-((E20-STDs!$F$13)/STDs!$E$13)))*STDs!$G$13 -> 3.2866576 | M20: =(((E20-STDs!$F$13)/STDs!$E$13)*STDs!$H$14)+((1-((E20-STDs!$F$13)/STDs!$E$13))*STDs!$H$13) -> 0.031358446 | N20: =I20*L20 -> 0.013425698 | O20: =(M20/L20)*N20 -> 0.00012809641 | P20: =(((E20-STDs!$F$13)/STDs!$E$13)*STDs!$I$14)+((1-((E20-STDs!$F$13)/STDs!$E$13))*STDs!$I$13) -> 0.0053899014 | Q20: =(((E20-STDs!$F$13)/STDs!$E$13)*STDs!$J$14)+((1-((E20-STDs!$F$13)/STDs!$E$13))*STDs!$J$13) -> 0.00038169336 | R20: =N20-P20 -> 0.0080357965 | S20: =(O20^2+Q20^2)^0.5 -> 0.00040261459 | T20: =R20+T19 -> 1.4809207 | U20: =(S20^2+U19^2)^0.5 -> 0.0089131849 | V20: =((E20-E19)*24*3600)-(5*60) -> 3261 | W20: =(0.000304*199000000000000000)*EXP(-(5580-680)/(1.987*(A20+273))) -> 1.4987311e+10 | X20: =1-EXP(-W20*$W$1*$F$1*(A20+273)*V20) -> 0.004721035 | Y20: =R20/(X20) -> 1.702126 | Z20: =(((S20/R20)*Y20)^2+(Y20*0.1)^2)^0.5 -> 0.19038167 | AA20: =Y20 -> 1.702126 | AB20: =Z20 -> 0.19038167 | AE20: =0.2*AA20/($D$89-T20) -> 0.00055257097
A21: 250.2 | B21: Diff Cell | C21: 60 | D21: 250C | E21: 45236.607 | F21: 892.57698 | G21: 7873.4076 | H21: 2640.7589 | I21: =H21/G21 -> 0.33540228 | J21: 1.110473 | K21: 1.105073 | L21: =(((E21-STDs!$F$13)/STDs!$E$13)*STDs!$G$14)+((1-((E21-STDs!$F$13)/STDs!$E$13)))*STDs!$G$13 -> 3.2854082 | M21: =(((E21-STDs!$F$13)/STDs!$E$13)*STDs!$H$14)+((1-((E21-STDs!$F$13)/STDs!$E$13))*STDs!$H$13) -> 0.032561391 | N21: =I21*L21 -> 1.1019334 | O21: =(M21/L21)*N21 -> 0.010921165 | P21: =(((E21-STDs!$F$13)/STDs!$E$13)*STDs!$I$14)+((1-((E21-STDs!$F$13)/STDs!$E$13))*STDs!$I$13) -> 0.0053891349 | Q21: =(((E21-STDs!$F$13)/STDs!$E$13)*STDs!$J$14)+((1-((E21-STDs!$F$13)/STDs!$E$13))*STDs!$J$13) -> 0.00038128979 | R21: =N21-P21 -> 1.0965443 | S21: =(O21^2+Q21^2)^0.5 -> 0.010927819 | T21: =R21+T20 -> 2.577465 | U21: =(S21^2+U20^2)^0.5 -> 0.014101847 | V21: =((E21-E20)*24*3600)-(5*60) -> 6027 | W21: =(0.000304*199000000000000000)*EXP(-(5580-680)/(1.987*(A21+273))) -> 5.4292652e+11 | AA21: =AA20-R20 -> 1.6940902 | AB21: =(AB20^2+S20^2)^0.5 -> 0.19038209 | AC21: =R21+AA22-AA21 -> 3.6974788 | AD21: =(S21^2+AB21^2+AB22^2)^0.5 -> 0.47601417 | AE21: =0.2*AA21/($D$89-T21) -> 0.00055094288
A22: 33 | B22: Diff Cell | C22: 15 | D22: 25C | E22: 45236.648 | F22: 909.96203 | G22: 7826.0568 | H22: 76.056889 | I22: =H22/G22 -> 0.0097184178 | J22: 0.032173 | K22: 0.026773 | L22: =(((E22-STDs!$F$13)/STDs!$E$13)*STDs!$G$14)+((1-((E22-STDs!$F$13)/STDs!$E$13)))*STDs!$G$13 -> 3.2847087 | M22: =(((E22-STDs!$F$13)/STDs!$E$13)*STDs!$H$14)+((1-((E22-STDs!$F$13)/STDs!$E$13))*STDs!$H$13) -> 0.033234828 | N22: =I22*L22 -> 0.031922172 | O22: =(M22/L22)*N22 -> 0.00032298994 | P22: =(((E22-STDs!$F$13)/STDs!$E$13)*STDs!$I$14)+((1-((E22-STDs!$F$13)/STDs!$E$13))*STDs!$I$13) -> 0.0053887058 | Q22: =(((E22-STDs!$F$13)/STDs!$E$13)*STDs!$J$14)+((1-((E22-STDs!$F$13)/STDs!$E$13))*STDs!$J$13) -> 0.00038106387 | R22: =N22-P22 -> 0.026533466 | S22: =(O22^2+Q22^2)^0.5 -> 0.00049953195 | T22: =R22+T21 -> 2.6039985 | U22: =(S22^2+U21^2)^0.5 -> 0.014110692 | V22: =((E22-E21)*24*3600)-(5*60) -> 3242 | W22: =(0.000304*199000000000000000)*EXP(-(5580-680)/(1.987*(A22+273))) -> 1.9132981e+10 | X22: =1-EXP(-W22*$W$1*$F$1*(A22+273)*V22) -> 0.0061688965 | Y22: =R22/(X22) -> 4.301169 | Z22: =(((S22/R22)*Y22)^2+(Y22*0.1)^2)^0.5 -> 0.43767298 | AA22: =AA23+R22 -> 4.2950248 | AB22: =(S22^2+AB23^2)^0.5 -> 0.4361476 | AE22: =0.2*AA22/($D$89-T22) -> 0.001396865
A23: 23.5 | B23: Diff Cell | C23: 15 | D23: 25C | E23: 45236.689 | F23: 904.40351 | G23: 7834.5351 | H23: 60.943779 | I23: =H23/G23 -> 0.0077788635 | J23: 0.025753 | K23: 0.020353 | L23: =(((E23-STDs!$F$13)/STDs!$E$13)*STDs!$G$14)+((1-((E23-STDs!$F$13)/STDs!$E$13)))*STDs!$G$13 -> 3.2840052 | M23: =(((E23-STDs!$F$13)/STDs!$E$13)*STDs!$H$14)+((1-((E23-STDs!$F$13)/STDs!$E$13))*STDs!$H$13) -> 0.033912257 | N23: =I23*L23 -> 0.025545828 | O23: =(M23/L23)*N23 -> 0.00026379882 | P23: =(((E23-STDs!$F$13)/STDs!$E$13)*STDs!$I$14)+((1-((E23-STDs!$F$13)/STDs!$E$13))*STDs!$I$13) -> 0.0053882741 | Q23: =(((E23-STDs!$F$13)/STDs!$E$13)*STDs!$J$14)+((1-((E23-STDs!$F$13)/STDs!$E$13))*STDs!$J$13) -> 0.0003808366 | R23: =N23-P23 -> 0.020157554 | S23: =(O23^2+Q23^2)^0.5 -> 0.00046327781 | T23: =R23+T22 -> 2.624156 | U23: =(S23^2+U22^2)^0.5 -> 0.014118295 | V23: =((E23-E22)*24*3600)-(5*60) -> 3263 | W23: =(0.000304*199000000000000000)*EXP(-(5580-680)/(1.987*(A23+273))) -> 1.4778923e+10 | X23: =1-EXP(-W23*$W$1*$F$1*(A23+273)*V23) -> 0.0046505696 | Y23: =R23/(X23) -> 4.3344268 | Z23: =(((S23/R23)*Y23)^2+(Y23*0.1)^2)^0.5 -> 0.44474284 | AA23: =AA24+R23 -> 4.2684913 | AB23: =(S23^2+AB24^2)^0.5 -> 0.43614732 | AE23: =0.2*AA23/($D$89-T23) -> 0.0013882811
A24: 24 | B24: Diff Cell | C24: 15 | D24: 25C | E24: 45236.73 | F24: 900.7655 | G24: 7839.2887 | H24: 60.692971 | I24: =H24/G24 -> 0.0077421528 | J24: 0.025631 | K24: 0.020231 | L24: =(((E24-STDs!$F$13)/STDs!$E$13)*STDs!$G$14)+((1-((E24-STDs!$F$13)/STDs!$E$13)))*STDs!$G$13 -> 3.2833028 | M24: =(((E24-STDs!$F$13)/STDs!$E$13)*STDs!$H$14)+((1-((E24-STDs!$F$13)/STDs!$E$13))*STDs!$H$13) -> 0.034588545 | N24: =I24*L24 -> 0.025419832 | O24: =(M24/L24)*N24 -> 0.0002677898 | P24: =(((E24-STDs!$F$13)/STDs!$E$13)*STDs!$I$14)+((1-((E24-STDs!$F$13)/STDs!$E$13))*STDs!$I$13) -> 0.0053878431 | Q24: =(((E24-STDs!$F$13)/STDs!$E$13)*STDs!$J$14)+((1-((E24-STDs!$F$13)/STDs!$E$13))*STDs!$J$13) -> 0.00038060971 | R24: =N24-P24 -> 0.020031989 | S24: =(O24^2+Q24^2)^0.5 -> 0.00046537633 | T24: =R24+T23 -> 2.644188 | U24: =(S24^2+U23^2)^0.5 -> 0.014125963 | V24: =((E24-E23)*24*3600)-(5*60) -> 3257 | W24: =(0.000304*199000000000000000)*EXP(-(5580-680)/(1.987*(A24+273))) -> 1.4987311e+10 | X24: =1-EXP(-W24*$W$1*$F$1*(A24+273)*V24) -> 0.0047152577 | Y24: =R24/(X24) -> 4.2483338 | Z24: =(((S24/R24)*Y24)^2+(Y24*0.1)^2)^0.5 -> 0.43614707 | AA24: =Y24 -> 4.2483338 | AB24: =Z24 -> 0.43614707 | AE24: =0.2*AA24/($D$89-T24) -> 0.0013817701
A25: 270.3 | B25: Diff Cell | C25: 60 | D25: 270C | E25: 45236.805 | F25: 859.57514 | G25: 7938.4229 | H25: 6078.4767 | I25: =H25/G25 -> 0.76570331 | J25: 2.535141 | K25: 2.529741 | L25: =(((E25-STDs!$F$13)/STDs!$E$13)*STDs!$G$14)+((1-((E25-STDs!$F$13)/STDs!$E$13)))*STDs!$G$13 -> 3.2820384 | M25: =(((E25-STDs!$F$13)/STDs!$E$13)*STDs!$H$14)+((1-((E25-STDs!$F$13)/STDs!$E$13))*STDs!$H$13) -> 0.03580594 | N25: =I25*L25 -> 2.5130677 | O25: =(M25/L25)*N25 -> 0.027416727 | P25: =(((E25-STDs!$F$13)/STDs!$E$13)*STDs!$I$14)+((1-((E25-STDs!$F$13)/STDs!$E$13))*STDs!$I$13) -> 0.0053870674 | Q25: =(((E25-STDs!$F$13)/STDs!$E$13)*STDs!$J$14)+((1-((E25-STDs!$F$13)/STDs!$E$13))*STDs!$J$13) -> 0.0003802013 | R25: =N25-P25 -> 2.5076806 | S25: =(O25^2+Q25^2)^0.5 -> 0.027419363 | T25: =R25+T24 -> 5.1518686 | U25: =(S25^2+U24^2)^0.5 -> 0.030844194 | V25: =((E25-E24)*24*3600)-(5*60) -> 6103 | W25: =(0.000304*199000000000000000)*EXP(-(5580-680)/(1.987*(A25+273))) -> 6.4635574e+11 | AA25: =AA24-R24 -> 4.2283018 | AB25: =(AB24^2+S24^2)^0.5 -> 0.43614732 | AC25: =R25+AA26-AA25 -> 5.2581583 | AD25: =(S25^2+AB25^2+AB26^2)^0.5 -> 0.82875713 | AE25: =0.2*AA25/($D$89-T25) -> 0.0013808861
A26: 33.9 | B26: Diff Cell | C26: 15 | D26: 25C | E26: 45236.846 | F26: 868.20482 | G26: 7895.7965 | H26: 119.18176 | I26: =H26/G26 -> 0.01509433 | J26: 0.049972 | K26: 0.044572 | L26: =(((E26-STDs!$F$13)/STDs!$E$13)*STDs!$G$14)+((1-((E26-STDs!$F$13)/STDs!$E$13)))*STDs!$G$13 -> 3.2813364 | M26: =(((E26-STDs!$F$13)/STDs!$E$13)*STDs!$H$14)+((1-((E26-STDs!$F$13)/STDs!$E$13))*STDs!$H$13) -> 0.036481848 | N26: =I26*L26 -> 0.049529574 | O26: =(M26/L26)*N26 -> 0.00055066905 | P26: =(((E26-STDs!$F$13)/STDs!$E$13)*STDs!$I$14)+((1-((E26-STDs!$F$13)/STDs!$E$13))*STDs!$I$13) -> 0.0053866367 | Q26: =(((E26-STDs!$F$13)/STDs!$E$13)*STDs!$J$14)+((1-((E26-STDs!$F$13)/STDs!$E$13))*STDs!$J$13) -> 0.00037997454 | R26: =N26-P26 -> 0.044142938 | S26: =(O26^2+Q26^2)^0.5 -> 0.0006690419 | T26: =R26+T25 -> 5.1960116 | U26: =(S26^2+U25^2)^0.5 -> 0.030851449 | V26: =((E26-E25)*24*3600)-(5*60) -> 3255 | W26: =(0.000304*199000000000000000)*EXP(-(5580-680)/(1.987*(A26+273))) -> 1.959054e+10 | X26: =1-EXP(-W26*$W$1*$F$1*(A26+273)*V26) -> 0.0063597936 | Y26: =R26/(X26) -> 6.9409387 | Z26: =(((S26/R26)*Y26)^2+(Y26*0.1)^2)^0.5 -> 0.7020207 | AA26: =AA27+R26 -> 6.9787795 | AB26: =(S26^2+AB27^2)^0.5 -> 0.70417474 | AE26: =0.2*AA26/($D$89-T26) -> 0.0022793062
A27: 23.6 | B27: Diff Cell | C27: 15 | D27: 25C | E27: 45236.887 | F27: 857.73407 | G27: 7932.5061 | H27: 91.511554 | I27: =H27/G27 -> 0.011536273 | J27: 0.038191 | K27: 0.032791 | L27: =(((E27-STDs!$F$13)/STDs!$E$13)*STDs!$G$14)+((1-((E27-STDs!$F$13)/STDs!$E$13)))*STDs!$G$13 -> 3.2806306 | M27: =(((E27-STDs!$F$13)/STDs!$E$13)*STDs!$H$14)+((1-((E27-STDs!$F$13)/STDs!$E$13))*STDs!$H$13) -> 0.037161369 | N27: =I27*L27 -> 0.03784625 | O27: =(M27/L27)*N27 -> 0.00042870369 | P27: =(((E27-STDs!$F$13)/STDs!$E$13)*STDs!$I$14)+((1-((E27-STDs!$F$13)/STDs!$E$13))*STDs!$I$13) -> 0.0053862037 | Q27: =(((E27-STDs!$F$13)/STDs!$E$13)*STDs!$J$14)+((1-((E27-STDs!$F$13)/STDs!$E$13))*STDs!$J$13) -> 0.00037974657 | R27: =N27-P27 -> 0.032460046 | S27: =(O27^2+Q27^2)^0.5 -> 0.00057270788 | T27: =R27+T26 -> 5.2284716 | U27: =(S27^2+U26^2)^0.5 -> 0.030856764 | V27: =((E27-E26)*24*3600)-(5*60) -> 3274 | W27: =(0.000304*199000000000000000)*EXP(-(5580-680)/(1.987*(A27+273))) -> 1.4820423e+10 | X27: =1-EXP(-W27*$W$1*$F$1*(A27+273)*V27) -> 0.0046808576 | Y27: =R27/(X27) -> 6.9346365 | Z27: =(((S27/R27)*Y27)^2+(Y27*0.1)^2)^0.5 -> 0.70417443 | AA27: =Y27 -> 6.9346365 | AB27: =Z27 -> 0.70417443 | AE27: =0.2*AA27/($D$89-T27) -> 0.0022650089
A28: 290.3 | B28: Diff Cell | C28: 60 | D28: 290C | E28: 45236.96 | F28: 839.17258 | G28: 8018.0565 | H28: 12186.427 | I28: =H28/G28 -> 1.5198729 | J28: 5.032202 | K28: 5.026802 | L28: =(((E28-STDs!$F$13)/STDs!$E$13)*STDs!$G$14)+((1-((E28-STDs!$F$13)/STDs!$E$13)))*STDs!$G$13 -> 3.2793819 | M28: =(((E28-STDs!$F$13)/STDs!$E$13)*STDs!$H$14)+((1-((E28-STDs!$F$13)/STDs!$E$13))*STDs!$H$13) -> 0.038363743 | N28: =I28*L28 -> 4.9842436 | O28: =(M28/L28)*N28 -> 0.058308014 | P28: =(((E28-STDs!$F$13)/STDs!$E$13)*STDs!$I$14)+((1-((E28-STDs!$F$13)/STDs!$E$13))*STDs!$I$13) -> 0.0053854375 | Q28: =(((E28-STDs!$F$13)/STDs!$E$13)*STDs!$J$14)+((1-((E28-STDs!$F$13)/STDs!$E$13))*STDs!$J$13) -> 0.0003793432 | R28: =N28-P28 -> 4.9788581 | S28: =(O28^2+Q28^2)^0.5 -> 0.058309248 | T28: =R28+T27 -> 10.20733 | U28: =(S28^2+U27^2)^0.5 -> 0.065970511 | V28: =((E28-E27)*24*3600)-(5*60) -> 6024 | W28: =(0.000304*199000000000000000)*EXP(-(5580-680)/(1.987*(A28+273))) -> 7.5938347e+11 | AA28: =AA27-R27 -> 6.9021765 | AB28: =(AB27^2+S27^2)^0.5 -> 0.70417466 | AC28: =R28+AA29-AA28 -> 8.9926264 | AD28: =(S28^2+AB28^2+AB29^2)^0.5 -> 1.305291 | AE28: =0.2*AA28/($D$89-T28) -> 0.0022728877
A29: 33.6 | B29: Diff Cell | C29: 15 | D29: 25C | E29: 45237.001 | F29: 849.53464 | G29: 7918.6852 | H29: 177.63532 | I29: =H29/G29 -> 0.022432426 | J29: 0.074267 | K29: 0.068867 | L29: =(((E29-STDs!$F$13)/STDs!$E$13)*STDs!$G$14)+((1-((E29-STDs!$F$13)/STDs!$E$13)))*STDs!$G$13 -> 3.2786804 | M29: =(((E29-STDs!$F$13)/STDs!$E$13)*STDs!$H$14)+((1-((E29-STDs!$F$13)/STDs!$E$13))*STDs!$H$13) -> 0.039039081 | N29: =I29*L29 -> 0.073548757 | O29: =(M29/L29)*N29 -> 0.00087574131 | P29: =(((E29-STDs!$F$13)/STDs!$E$13)*STDs!$I$14)+((1-((E29-STDs!$F$13)/STDs!$E$13))*STDs!$I$13) -> 0.0053850071 | Q29: =(((E29-STDs!$F$13)/STDs!$E$13)*STDs!$J$14)+((1-((E29-STDs!$F$13)/STDs!$E$13))*STDs!$J$13) -> 0.00037911663 | R29: =N29-P29 -> 0.06816375 | S29: =(O29^2+Q29^2)^0.5 -> 0.00095428102 | T29: =R29+T28 -> 10.275493 | U29: =(S29^2+U28^2)^0.5 -> 0.065977412 | V29: =((E29-E28)*24*3600)-(5*60) -> 3252 | W29: =(0.000304*199000000000000000)*EXP(-(5580-680)/(1.987*(A29+273))) -> 1.9437117e+10 | X29: =1-EXP(-W29*$W$1*$F$1*(A29+273)*V29) -> 0.0062982039 | Y29: =R29/(X29) -> 10.822728 | Z29: =(((S29/R29)*Y29)^2+(Y29*0.1)^2)^0.5 -> 1.0928274 | AA29: =AA30+R29 -> 10.915945 | AB29: =(S29^2+AB30^2)^0.5 -> 1.0975075 | AE29: =0.2*AA29/($D$89-T29) -> 0.0035950256
A30: 23.6 | B30: Diff Cell | C30: 15 | D30: 25C | E30: 45237.043 | F30: 842.61916 | G30: 7935.7331 | H30: 135.2884 | I30: =H30/G30 -> 0.017048002 | J30: 0.05644 | K30: 0.05104 | L30: =(((E30-STDs!$F$13)/STDs!$E$13)*STDs!$G$14)+((1-((E30-STDs!$F$13)/STDs!$E$13)))*STDs!$G$13 -> 3.2779782 | M30: =(((E30-STDs!$F$13)/STDs!$E$13)*STDs!$H$14)+((1-((E30-STDs!$F$13)/STDs!$E$13))*STDs!$H$13) -> 0.039715179 | N30: =I30*L30 -> 0.055882981 | O30: =(M30/L30)*N30 -> 0.00067706447 | P30: =(((E30-STDs!$F$13)/STDs!$E$13)*STDs!$I$14)+((1-((E30-STDs!$F$13)/STDs!$E$13))*STDs!$I$13) -> 0.0053845763 | Q30: =(((E30-STDs!$F$13)/STDs!$E$13)*STDs!$J$14)+((1-((E30-STDs!$F$13)/STDs!$E$13))*STDs!$J$13) -> 0.00037888981 | R30: =N30-P30 -> 0.050498404 | S30: =(O30^2+Q30^2)^0.5 -> 0.0007758697 | T30: =R30+T29 -> 10.325992 | U30: =(S30^2+U29^2)^0.5 -> 0.065981974 | V30: =((E30-E29)*24*3600)-(5*60) -> 3256 | W30: =(0.000304*199000000000000000)*EXP(-(5580-680)/(1.987*(A30+273))) -> 1.4820423e+10 | X30: =1-EXP(-W30*$W$1*$F$1*(A30+273)*V30) -> 0.0046551829 | Y30: =R30/(X30) -> 10.847781 | Z30: =(((S30/R30)*Y30)^2+(Y30*0.1)^2)^0.5 -> 1.097507 | AA30: =Y30 -> 10.847781 | AB30: =Z30 -> 1.097507 | AE30: =0.2*AA30/($D$89-T30) -> 0.0035728738
A31: 300.3 | B31: Diff Cell | C31: 60 | D31: 300C | E31: 45237.116 | F31: 822.72521 | G31: 8049.6073 | H31: 17805.235 | I31: =H31/G31 -> 2.2119383 | J31: 7.323607 | K31: 7.318207 | L31: =(((E31-STDs!$F$13)/STDs!$E$13)*STDs!$G$14)+((1-((E31-STDs!$F$13)/STDs!$E$13)))*STDs!$G$13 -> 3.276731 | M31: =(((E31-STDs!$F$13)/STDs!$E$13)*STDs!$H$14)+((1-((E31-STDs!$F$13)/STDs!$E$13))*STDs!$H$13) -> 0.040916033 | N31: =I31*L31 -> 7.247927 | O31: =(M31/L31)*N31 -> 0.090503742 | P31: =(((E31-STDs!$F$13)/STDs!$E$13)*STDs!$I$14)+((1-((E31-STDs!$F$13)/STDs!$E$13))*STDs!$I$13) -> 0.0053838111 | Q31: =(((E31-STDs!$F$13)/STDs!$E$13)*STDs!$J$14)+((1-((E31-STDs!$F$13)/STDs!$E$13))*STDs!$J$13) -> 0.00037848694 | R31: =N31-P31 -> 7.2425431 | S31: =(O31^2+Q31^2)^0.5 -> 0.090504533 | T31: =R31+T30 -> 17.568535 | U31: =(S31^2+U30^2)^0.5 -> 0.11200309 | V31: =((E31-E30)*24*3600)-(5*60) -> 6016 | W31: =(0.000304*199000000000000000)*EXP(-(5580-680)/(1.987*(A31+273))) -> 8.1964288e+11 | AA31: =AA30-R30 -> 10.797283 | AB31: =(AB30^2+S30^2)^0.5 -> 1.0975073 | AC31: =R31+AA32-AA31 -> 9.508228 | AD31: =(S31^2+AB31^2+AB32^2)^0.5 -> 1.7092683 | AE31: =0.2*AA31/($D$89-T31) -> 0.0035991694
A32: 34.2 | B32: Diff Cell | C32: 15 | D32: 25C | E32: 45237.157 | F32: 822.32302 | G32: 7934.5987 | H32: 217.31538 | I32: =H32/G32 -> 0.027388327 | J32: 0.090673 | K32: 0.085273 | L32: =(((E32-STDs!$F$13)/STDs!$E$13)*STDs!$G$14)+((1-((E32-STDs!$F$13)/STDs!$E$13)))*STDs!$G$13 -> 3.2760302 | M32: =(((E32-STDs!$F$13)/STDs!$E$13)*STDs!$H$14)+((1-((E32-STDs!$F$13)/STDs!$E$13))*STDs!$H$13) -> 0.0415908 | N32: =I32*L32 -> 0.089724987 | O32: =(M32/L32)*N32 -> 0.0011391024 | P32: =(((E32-STDs!$F$13)/STDs!$E$13)*STDs!$I$14)+((1-((E32-STDs!$F$13)/STDs!$E$13))*STDs!$I$13) -> 0.0053833811 | Q32: =(((E32-STDs!$F$13)/STDs!$E$13)*STDs!$J$14)+((1-((E32-STDs!$F$13)/STDs!$E$13))*STDs!$J$13) -> 0.00037826057 | R32: =N32-P32 -> 0.084341606 | S32: =(O32^2+Q32^2)^0.5 -> 0.0012002647 | T32: =R32+T31 -> 17.652877 | U32: =(S32^2+U31^2)^0.5 -> 0.11200952 | V32: =((E32-E31)*24*3600)-(5*60) -> 3249 | W32: =(0.000304*199000000000000000)*EXP(-(5580-680)/(1.987*(A32+273))) -> 1.9744871e+10 | X32: =1-EXP(-W32*$W$1*$F$1*(A32+273)*V32) -> 0.0064041908 | Y32: =R32/(X32) -> 13.169752 | Z32: =(((S32/R32)*Y32)^2+(Y32*0.1)^2)^0.5 -> 1.3302441 | AA32: =AA33+R32 -> 13.062967 | AB32: =(S32^2+AB33^2)^0.5 -> 1.3072432 | AE32: =0.2*AA32/($D$89-T32) -> 0.0043550257
A33: 23.5 | B33: Diff Cell | C33: 15 | D33: 25C | E33: 45237.198 | F33: 813.62278 | G33: 7930.9229 | H33: 162.20303 | I33: =H33/G33 -> 0.020451974 | J33: 0.067711 | K33: 0.062311 | L33: =(((E33-STDs!$F$13)/STDs!$E$13)*STDs!$G$14)+((1-((E33-STDs!$F$13)/STDs!$E$13)))*STDs!$G$13 -> 3.275329 | M33: =(((E33-STDs!$F$13)/STDs!$E$13)*STDs!$H$14)+((1-((E33-STDs!$F$13)/STDs!$E$13))*STDs!$H$13) -> 0.042265948 | N33: =I33*L33 -> 0.066986945 | O33: =(M33/L33)*N33 -> 0.00086442208 | P33: =(((E33-STDs!$F$13)/STDs!$E$13)*STDs!$I$14)+((1-((E33-STDs!$F$13)/STDs!$E$13))*STDs!$I$13) -> 0.0053829509 | Q33: =(((E33-STDs!$F$13)/STDs!$E$13)*STDs!$J$14)+((1-((E33-STDs!$F$13)/STDs!$E$13))*STDs!$J$13) -> 0.00037803407 | R33: =N33-P33 -> 0.061603994 | S33: =(O33^2+Q33^2)^0.5 -> 0.00094346982 | T33: =R33+T32 -> 17.714481 | U33: =(S33^2+U32^2)^0.5 -> 0.11201349 | V33: =((E33-E32)*24*3600)-(5*60) -> 3251 | W33: =(0.000304*199000000000000000)*EXP(-(5580-680)/(1.987*(A33+273))) -> 1.4778923e+10 | X33: =1-EXP(-W33*$W$1*$F$1*(A33+273)*V33) -> 0.0046335064 | Y33: =R33/(X33) -> 13.295329 | Z33: =(((S33/R33)*Y33)^2+(Y33*0.1)^2)^0.5 -> 1.3450348 | AA33: =AA34+R33 -> 12.978626 | AB33: =(S33^2+AB34^2)^0.5 -> 1.3072426 | AE33: =0.2*AA33/($D$89-T33) -> 0.0043273516
A34: 24.1 | B34: Diff Cell | C34: 15 | D34: 25C | E34: 45237.239 | F34: 814.91559 | G34: 7953.0132 | H34: 161.14071 | I34: =H34/G34 -> 0.020261592 | J34: 0.06708 | K34: 0.06168 | L34: =(((E34-STDs!$F$13)/STDs!$E$13)*STDs!$G$14)+((1-((E34-STDs!$F$13)/STDs!$E$13)))*STDs!$G$13 -> 3.274628 | M34: =(((E34-STDs!$F$13)/STDs!$E$13)*STDs!$H$14)+((1-((E34-STDs!$F$13)/STDs!$E$13))*STDs!$H$13) -> 0.042940905 | N34: =I34*L34 -> 0.066349175 | O34: =(M34/L34)*N34 -> 0.00087005109 | P34: =(((E34-STDs!$F$13)/STDs!$E$13)*STDs!$I$14)+((1-((E34-STDs!$F$13)/STDs!$E$13))*STDs!$I$13) -> 0.0053825208 | Q34: =(((E34-STDs!$F$13)/STDs!$E$13)*STDs!$J$14)+((1-((E34-STDs!$F$13)/STDs!$E$13))*STDs!$J$13) -> 0.00037780763 | R34: =N34-P34 -> 0.060966654 | S34: =(O34^2+Q34^2)^0.5 -> 0.00094853967 | T34: =R34+T33 -> 17.775447 | U34: =(S34^2+U33^2)^0.5 -> 0.11201751 | V34: =((E34-E33)*24*3600)-(5*60) -> 3250 | W34: =(0.000304*199000000000000000)*EXP(-(5580-680)/(1.987*(A34+273))) -> 1.5029255e+10 | X34: =1-EXP(-W34*$W$1*$F$1*(A34+273)*V34) -> 0.0047198693 | Y34: =R34/(X34) -> 12.917022 | Z34: =(((S34/R34)*Y34)^2+(Y34*0.1)^2)^0.5 -> 1.3072423 | AA34: =Y34 -> 12.917022 | AB34: =Z34 -> 1.3072423 | AE34: =0.2*AA34/($D$89-T34) -> 0.0043072493
A35: 285.3 | B35: Diff Cell | C35: 60 | D35: 285C | E35: 45237.312 | F35: 764.29577 | G35: 8052.9038 | H35: 14575.307 | I35: =H35/G35 -> 1.8099443 | J35: 5.992601 | K35: 5.987201 | L35: =(((E35-STDs!$F$13)/STDs!$E$13)*STDs!$G$14)+((1-((E35-STDs!$F$13)/STDs!$E$13)))*STDs!$G$13 -> 3.2733806 | M35: =(((E35-STDs!$F$13)/STDs!$E$13)*STDs!$H$14)+((1-((E35-STDs!$F$13)/STDs!$E$13))*STDs!$H$13) -> 0.044141949 | N35: =I35*L35 -> 5.9246365 | O35: =(M35/L35)*N35 -> 0.079894468 | P35: =(((E35-STDs!$F$13)/STDs!$E$13)*STDs!$I$14)+((1-((E35-STDs!$F$13)/STDs!$E$13))*STDs!$I$13) -> 0.0053817555 | Q35: =(((E35-STDs!$F$13)/STDs!$E$13)*STDs!$J$14)+((1-((E35-STDs!$F$13)/STDs!$E$13))*STDs!$J$13) -> 0.0003774047 | R35: =N35-P35 -> 5.9192547 | S35: =(O35^2+Q35^2)^0.5 -> 0.07989536 | T35: =R35+T34 -> 23.694702 | U35: =(S35^2+U34^2)^0.5 -> 0.13759066 | V35: =((E35-E34)*24*3600)-(5*60) -> 6017 | W35: =(0.000304*199000000000000000)*EXP(-(5580-680)/(1.987*(A35+273))) -> 7.301866e+11 | AA35: =AA34-R34 -> 12.856055 | AB35: =(AB34^2+S34^2)^0.5 -> 1.3072426 | AC35: =R35+AA36-AA35 -> 3.5751129 | AD35: =(S35^2+AB35^2+AB36^2)^0.5 -> 1.6845151 | AE35: =0.2*AA35/($D$89-T35) -> 0.0043296491
A36: 36.8 | B36: Diff Cell | C36: 15 | D36: 25C | E36: 45237.353 | F36: 759.74502 | G36: 7974.2256 | H36: 190.74874 | I36: =H36/G36 -> 0.02392066 | J36: 0.079194 | K36: 0.073794 | L36: =(((E36-STDs!$F$13)/STDs!$E$13)*STDs!$G$14)+((1-((E36-STDs!$F$13)/STDs!$E$13)))*STDs!$G$13 -> 3.272681 | M36: =(((E36-STDs!$F$13)/STDs!$E$13)*STDs!$H$14)+((1-((E36-STDs!$F$13)/STDs!$E$13))*STDs!$H$13) -> 0.044815576 | N36: =I36*L36 -> 0.07828469 | O36: =(M36/L36)*N36 -> 0.0010720182 | P36: =(((E36-STDs!$F$13)/STDs!$E$13)*STDs!$I$14)+((1-((E36-STDs!$F$13)/STDs!$E$13))*STDs!$I$13) -> 0.0053813262 | Q36: =(((E36-STDs!$F$13)/STDs!$E$13)*STDs!$J$14)+((1-((E36-STDs!$F$13)/STDs!$E$13))*STDs!$J$13) -> 0.00037717871 | R36: =N36-P36 -> 0.072903363 | S36: =(O36^2+Q36^2)^0.5 -> 0.001136436 | T36: =R36+T35 -> 23.767605 | U36: =(S36^2+U35^2)^0.5 -> 0.13759536 | V36: =((E36-E35)*24*3600)-(5*60) -> 3243 | W36: =(0.000304*199000000000000000)*EXP(-(5580-680)/(1.987*(A36+273))) -> 2.1120922e+10 | X36: =1-EXP(-W36*$W$1*$F$1*(A36+273)*V36) -> 0.0068940324 | Y36: =R36/(X36) -> 10.574851 | Z36: =(((S36/R36)*Y36)^2+(Y36*0.1)^2)^0.5 -> 1.0702561 | AA36: =AA37+R36 -> 10.511913 | AB36: =(S36^2+AB37^2)^0.5 -> 1.0593981 | AE36: =0.2*AA36/($D$89-T36) -> 0.0035406261
A37: 23.6 | B37: Diff Cell | C37: 15 | D37: 25C | E37: 45237.394 | F37: 757.33902 | G37: 7970.4665 | H37: 131.15876 | I37: =H37/G37 -> 0.016455594 | J37: 0.054478 | K37: 0.049078 | L37: =(((E37-STDs!$F$13)/STDs!$E$13)*STDs!$G$14)+((1-((E37-STDs!$F$13)/STDs!$E$13)))*STDs!$G$13 -> 3.2719806 | M37: =(((E37-STDs!$F$13)/STDs!$E$13)*STDs!$H$14)+((1-((E37-STDs!$F$13)/STDs!$E$13))*STDs!$H$13) -> 0.045489963 | N37: =I37*L37 -> 0.053842385 | O37: =(M37/L37)*N37 -> 0.00074856438 | P37: =(((E37-STDs!$F$13)/STDs!$E$13)*STDs!$I$14)+((1-((E37-STDs!$F$13)/STDs!$E$13))*STDs!$I$13) -> 0.0053808965 | Q37: =(((E37-STDs!$F$13)/STDs!$E$13)*STDs!$J$14)+((1-((E37-STDs!$F$13)/STDs!$E$13))*STDs!$J$13) -> 0.00037695247 | R37: =N37-P37 -> 0.048461489 | S37: =(O37^2+Q37^2)^0.5 -> 0.00083811801 | T37: =R37+T36 -> 23.816067 | U37: =(S37^2+U36^2)^0.5 -> 0.13759791 | V37: =((E37-E36)*24*3600)-(5*60) -> 3247 | W37: =(0.000304*199000000000000000)*EXP(-(5580-680)/(1.987*(A37+273))) -> 1.4820423e+10 | X37: =1-EXP(-W37*$W$1*$F$1*(A37+273)*V37) -> 0.0046423453 | Y37: =R37/(X37) -> 10.43901 | Z37: =(((S37/R37)*Y37)^2+(Y37*0.1)^2)^0.5 -> 1.0593975 | AA37: =Y37 -> 10.43901 | AB37: =Z37 -> 1.0593975 | AE37: =0.2*AA37/($D$89-T37) -> 0.0035163577
A38: 275.2 | B38: Diff Cell | C38: 80 | D38: 275C | E38: 45237.481 | F38: 711.21129 | G38: 8000.6568 | H38: 13180.381 | I38: =H38/G38 -> 1.6474123 | J38: 5.287136 | K38: 5.281736 | L38: =(((E38-STDs!$F$13)/STDs!$E$13)*STDs!$G$14)+((1-((E38-STDs!$F$13)/STDs!$E$13)))*STDs!$G$13 -> 3.2704988 | M38: =(((E38-STDs!$F$13)/STDs!$E$13)*STDs!$H$14)+((1-((E38-STDs!$F$13)/STDs!$E$13))*STDs!$H$13) -> 0.04691669 | N38: =I38*L38 -> 5.38786 | O38: =(M38/L38)*N38 -> 0.077291134 | P38: =(((E38-STDs!$F$13)/STDs!$E$13)*STDs!$I$14)+((1-((E38-STDs!$F$13)/STDs!$E$13))*STDs!$I$13) -> 0.0053799873 | Q38: =(((E38-STDs!$F$13)/STDs!$E$13)*STDs!$J$14)+((1-((E38-STDs!$F$13)/STDs!$E$13))*STDs!$J$13) -> 0.00037647382 | R38: =N38-P38 -> 5.38248 | S38: =(O38^2+Q38^2)^0.5 -> 0.077292051 | T38: =R38+T37 -> 29.198547 | U38: =(S38^2+U37^2)^0.5 -> 0.15782029 | V38: =((E38-E37)*24*3600)-(5*60) -> 7204 | W38: =(0.000304*199000000000000000)*EXP(-(5580-680)/(1.987*(A38+273))) -> 6.7311825e+11 | AA38: =AA37-R37 -> 10.390548 | AB38: =(AB37^2+S37^2)^0.5 -> 1.0593979 | AC38: =R38+AA39-AA38 -> 2.5210172 | AD38: =(S38^2+AB38^2+AB39^2)^0.5 -> 1.3076851 | AE38: =0.2*AA38/($D$89-T38) -> 0.003532053
A39: 37 | B39: Diff Cell | C39: 15 | D39: 25C | E39: 45237.522 | F39: 712.23832 | G39: 7963.5705 | H39: 140.78925 | I39: =H39/G39 -> 0.017679161 | J39: 0.05853 | K39: 0.05313 | L39: =(((E39-STDs!$F$13)/STDs!$E$13)*STDs!$G$14)+((1-((E39-STDs!$F$13)/STDs!$E$13)))*STDs!$G$13 -> 3.2697981 | M39: =(((E39-STDs!$F$13)/STDs!$E$13)*STDs!$H$14)+((1-((E39-STDs!$F$13)/STDs!$E$13))*STDs!$H$13) -> 0.047591267 | N39: =I39*L39 -> 0.057807289 | O39: =(M39/L39)*N39 -> 0.00084137368 | P39: =(((E39-STDs!$F$13)/STDs!$E$13)*STDs!$I$14)+((1-((E39-STDs!$F$13)/STDs!$E$13))*STDs!$I$13) -> 0.0053795575 | Q39: =(((E39-STDs!$F$13)/STDs!$E$13)*STDs!$J$14)+((1-((E39-STDs!$F$13)/STDs!$E$13))*STDs!$J$13) -> 0.00037624751 | R39: =N39-P39 -> 0.052427731 | S39: =(O39^2+Q39^2)^0.5 -> 0.00092166798 | T39: =R39+T38 -> 29.250975 | U39: =(S39^2+U38^2)^0.5 -> 0.15782299 | V39: =((E39-E38)*24*3600)-(5*60) -> 3248 | W39: =(0.000304*199000000000000000)*EXP(-(5580-680)/(1.987*(A39+273))) -> 2.1229668e+10 | X39: =1-EXP(-W39*$W$1*$F$1*(A39+273)*V39) -> 0.0069445159 | Y39: =R39/(X39) -> 7.5495156 | Z39: =(((S39/R39)*Y39)^2+(Y39*0.1)^2)^0.5 -> 0.76652863 | AA39: =AA40+R39 -> 7.5290856 | AB39: =(S39^2+AB40^2)^0.5 -> 0.76272036 | AE39: =0.2*AA39/($D$89-T39) -> 0.0025595857
A40: 23.6 | B40: Diff Cell | C40: 15 | D40: 25C | E40: 45237.563 | F40: 708.3918 | G40: 7950.8801 | H40: 97.889359 | I40: =H40/G40 -> 0.012311764 | J40: 0.04076 | K40: 0.03536 | L40: =(((E40-STDs!$F$13)/STDs!$E$13)*STDs!$G$14)+((1-((E40-STDs!$F$13)/STDs!$E$13)))*STDs!$G$13 -> 3.2690948 | M40: =(((E40-STDs!$F$13)/STDs!$E$13)*STDs!$H$14)+((1-((E40-STDs!$F$13)/STDs!$E$13))*STDs!$H$13) -> 0.048268506 | N40: =I40*L40 -> 0.040248323 | O40: =(M40/L40)*N40 -> 0.00059427045 | P40: =(((E40-STDs!$F$13)/STDs!$E$13)*STDs!$I$14)+((1-((E40-STDs!$F$13)/STDs!$E$13))*STDs!$I$13) -> 0.0053791259 | Q40: =(((E40-STDs!$F$13)/STDs!$E$13)*STDs!$J$14)+((1-((E40-STDs!$F$13)/STDs!$E$13))*STDs!$J$13) -> 0.00037602031 | R40: =N40-P40 -> 0.034869197 | S40: =(O40^2+Q40^2)^0.5 -> 0.00070324153 | T40: =R40+T39 -> 29.285844 | U40: =(S40^2+U39^2)^0.5 -> 0.15782455 | V40: =((E40-E39)*24*3600)-(5*60) -> 3262 | W40: =(0.000304*199000000000000000)*EXP(-(5580-680)/(1.987*(A40+273))) -> 1.4820423e+10 | X40: =1-EXP(-W40*$W$1*$F$1*(A40+273)*V40) -> 0.0046637412 | Y40: =R40/(X40) -> 7.4766579 | Z40: =(((S40/R40)*Y40)^2+(Y40*0.1)^2)^0.5 -> 0.7627198 | AA40: =Y40 -> 7.4766579 | AB40: =Z40 -> 0.7627198 | AE40: =0.2*AA40/($D$89-T40) -> 0.002541913
A41: 255.2 | B41: Diff Cell | C41: 100 | D41: 255C | E41: 45237.664 | F41: 662.87081 | G41: 8049.5998 | H41: 8344.7625 | I41: =H41/G41 -> 1.036668 | J41: 3.432341 | K41: 3.426941 | L41: =(((E41-STDs!$F$13)/STDs!$E$13)*STDs!$G$14)+((1-((E41-STDs!$F$13)/STDs!$E$13)))*STDs!$G$13 -> 3.2673734 | M41: =(((E41-STDs!$F$13)/STDs!$E$13)*STDs!$H$14)+((1-((E41-STDs!$F$13)/STDs!$E$13))*STDs!$H$13) -> 0.049925859 | N41: =I41*L41 -> 3.3871814 | O41: =(M41/L41)*N41 -> 0.05175654 | P41: =(((E41-STDs!$F$13)/STDs!$E$13)*STDs!$I$14)+((1-((E41-STDs!$F$13)/STDs!$E$13))*STDs!$I$13) -> 0.0053780698 | Q41: =(((E41-STDs!$F$13)/STDs!$E$13)*STDs!$J$14)+((1-((E41-STDs!$F$13)/STDs!$E$13))*STDs!$J$13) -> 0.00037546429 | R41: =N41-P41 -> 3.3818034 | S41: =(O41^2+Q41^2)^0.5 -> 0.051757902 | T41: =R41+T40 -> 32.667647 | U41: =(S41^2+U40^2)^0.5 -> 0.16609476 | V41: =((E41-E40)*24*3600)-(5*60) -> 8417 | W41: =(0.000304*199000000000000000)*EXP(-(5580-680)/(1.987*(A41+273))) -> 5.6769889e+11 | AA41: =AA40-R40 -> 7.4417887 | AB41: =(AB40^2+S40^2)^0.5 -> 0.76272012 | AC41: =R41+AA42-AA41 -> 0.60143931 | AD41: =(S41^2+AB41^2+AB42^2)^0.5 -> 0.90195738 | AE41: =0.2*AA41/($D$89-T41) -> 0.0025446869
A42: 37.1 | B42: Diff Cell | C42: 15 | D42: 25C | E42: 45237.705 | F42: 667.77361 | G42: 7990.0755 | H42: 91.577529 | I42: =H42/G42 -> 0.01146141 | J42: 0.037944 | K42: 0.032543 | L42: =(((E42-STDs!$F$13)/STDs!$E$13)*STDs!$G$14)+((1-((E42-STDs!$F$13)/STDs!$E$13)))*STDs!$G$13 -> 3.2666758 | M42: =(((E42-STDs!$F$13)/STDs!$E$13)*STDs!$H$14)+((1-((E42-STDs!$F$13)/STDs!$E$13))*STDs!$H$13) -> 0.050597584 | N42: =I42*L42 -> 0.03744071 | O42: =(M42/L42)*N42 -> 0.00057991965 | P42: =(((E42-STDs!$F$13)/STDs!$E$13)*STDs!$I$14)+((1-((E42-STDs!$F$13)/STDs!$E$13))*STDs!$I$13) -> 0.0053776418 | Q42: =(((E42-STDs!$F$13)/STDs!$E$13)*STDs!$J$14)+((1-((E42-STDs!$F$13)/STDs!$E$13))*STDs!$J$13) -> 0.00037523894 | R42: =N42-P42 -> 0.032063068 | S42: =(O42^2+Q42^2)^0.5 -> 0.00069073226 | T42: =R42+T41 -> 32.69971 | U42: =(S42^2+U41^2)^0.5 -> 0.1660962 | V42: =((E42-E41)*24*3600)-(5*60) -> 3233 | W42: =(0.000304*199000000000000000)*EXP(-(5580-680)/(1.987*(A42+273))) -> 2.1284198e+10 | X42: =1-EXP(-W42*$W$1*$F$1*(A42+273)*V42) -> 0.0069324772 | Y42: =R42/(X42) -> 4.625052 | Z42: =(((S42/R42)*Y42)^2+(Y42*0.1)^2)^0.5 -> 0.47311587 | AA42: =AA43+R42 -> 4.6614246 | AB42: =(S42^2+AB43^2)^0.5 -> 0.47865045 | AE42: =0.2*AA42/($D$89-T42) -> 0.001594041
A43: 23.6 | B43: Diff Cell | C43: 15 | D43: 25C | E43: 45237.746 | F43: 680.57895 | G43: 7987.0826 | H43: 65.659137 | I43: =H43/G43 -> 0.0082206658 | J43: 0.027213 | K43: 0.021813 | L43: =(((E43-STDs!$F$13)/STDs!$E$13)*STDs!$G$14)+((1-((E43-STDs!$F$13)/STDs!$E$13)))*STDs!$G$13 -> 3.265976 | M43: =(((E43-STDs!$F$13)/STDs!$E$13)*STDs!$H$14)+((1-((E43-STDs!$F$13)/STDs!$E$13))*STDs!$H$13) -> 0.051271401 | N43: =I43*L43 -> 0.026848497 | O43: =(M43/L43)*N43 -> 0.00042148505 | P43: =(((E43-STDs!$F$13)/STDs!$E$13)*STDs!$I$14)+((1-((E43-STDs!$F$13)/STDs!$E$13))*STDs!$I$13) -> 0.0053772124 | Q43: =(((E43-STDs!$F$13)/STDs!$E$13)*STDs!$J$14)+((1-((E43-STDs!$F$13)/STDs!$E$13))*STDs!$J$13) -> 0.00037501289 | R43: =N43-P43 -> 0.021471284 | S43: =(O43^2+Q43^2)^0.5 -> 0.00056416692 | T43: =R43+T42 -> 32.721182 | U43: =(S43^2+U42^2)^0.5 -> 0.16609716 | V43: =((E43-E42)*24*3600)-(5*60) -> 3244 | W43: =(0.000304*199000000000000000)*EXP(-(5580-680)/(1.987*(A43+273))) -> 1.4820423e+10 | X43: =1-EXP(-W43*$W$1*$F$1*(A43+273)*V43) -> 0.004638066 | Y43: =R43/(X43) -> 4.6293615 | Z43: =(((S43/R43)*Y43)^2+(Y43*0.1)^2)^0.5 -> 0.47864996 | AA43: =Y43 -> 4.6293615 | AB43: =Z43 -> 0.47864996 | AE43: =0.2*AA43/($D$89-T43) -> 0.0015831347
A44: 300.3 | B44: Diff Cell | C44: 60 | D44: 300C | E44: 45237.819 | F44: 659.41702 | G44: 8024.9566 | H44: 9069.5689 | I44: =H44/G44 -> 1.1301705 | J44: 3.741915 | K44: 3.736515 | L44: =(((E44-STDs!$F$13)/STDs!$E$13)*STDs!$G$14)+((1-((E44-STDs!$F$13)/STDs!$E$13)))*STDs!$G$13 -> 3.2647299 | M44: =(((E44-STDs!$F$13)/STDs!$E$13)*STDs!$H$14)+((1-((E44-STDs!$F$13)/STDs!$E$13))*STDs!$H$13) -> 0.052471114 | N44: =I44*L44 -> 3.6897013 | O44: =(M44/L44)*N44 -> 0.059301303 | P44: =(((E44-STDs!$F$13)/STDs!$E$13)*STDs!$I$14)+((1-((E44-STDs!$F$13)/STDs!$E$13))*STDs!$I$13) -> 0.0053764479 | Q44: =(((E44-STDs!$F$13)/STDs!$E$13)*STDs!$J$14)+((1-((E44-STDs!$F$13)/STDs!$E$13))*STDs!$J$13) -> 0.0003746104 | R44: =N44-P44 -> 3.6843249 | S44: =(O44^2+Q44^2)^0.5 -> 0.059302486 | T44: =R44+T43 -> 36.405506 | U44: =(S44^2+U43^2)^0.5 -> 0.17636624 | V44: =((E44-E43)*24*3600)-(5*60) -> 6010 | W44: =(0.000304*199000000000000000)*EXP(-(5580-680)/(1.987*(A44+273))) -> 8.1964288e+11 | AA44: =AA43-R43 -> 4.6078902 | AB44: =(AB43^2+S43^2)^0.5 -> 0.47865029 | AC44: =R44+AA45-AA44 -> 6.6769386 | AD44: =(S44^2+AB44^2+AB45^2)^0.5 -> 0.91078037 | AE44: =0.2*AA44/($D$89-T44) -> 0.0015857821
A45: 36.3 | B45: Diff Cell | C45: 15 | D45: 25C | E45: 45237.86 | F45: 660.62233 | G45: 7989.2975 | H45: 139.97026 | I45: =H45/G45 -> 0.01751972 | J45: 0.058002 | K45: 0.052602 | L45: =(((E45-STDs!$F$13)/STDs!$E$13)*STDs!$G$14)+((1-((E45-STDs!$F$13)/STDs!$E$13)))*STDs!$G$13 -> 3.2640317 | M45: =(((E45-STDs!$F$13)/STDs!$E$13)*STDs!$H$14)+((1-((E45-STDs!$F$13)/STDs!$E$13))*STDs!$H$13) -> 0.053143409 | N45: =I45*L45 -> 0.057184921 | O45: =(M45/L45)*N45 -> 0.00093105766 | P45: =(((E45-STDs!$F$13)/STDs!$E$13)*STDs!$I$14)+((1-((E45-STDs!$F$13)/STDs!$E$13))*STDs!$I$13) -> 0.0053760195 | Q45: =(((E45-STDs!$F$13)/STDs!$E$13)*STDs!$J$14)+((1-((E45-STDs!$F$13)/STDs!$E$13))*STDs!$J$13) -> 0.00037438486 | R45: =N45-P45 -> 0.051808902 | S45: =(O45^2+Q45^2)^0.5 -> 0.00100351 | T45: =R45+T44 -> 36.457315 | U45: =(S45^2+U44^2)^0.5 -> 0.17636909 | V45: =((E45-E44)*24*3600)-(5*60) -> 3236 | W45: =(0.000304*199000000000000000)*EXP(-(5580-680)/(1.987*(A45+273))) -> 2.0850882e+10 | X45: =1-EXP(-W45*$W$1*$F$1*(A45+273)*V45) -> 0.0067806248 | Y45: =R45/(X45) -> 7.6407269 | Z45: =(((S45/R45)*Y45)^2+(Y45*0.1)^2)^0.5 -> 0.77827379 | AA45: =AA46+R45 -> 7.600504 | AB45: =(S45^2+AB46^2)^0.5 -> 0.77259174 | AE45: =0.2*AA45/($D$89-T45) -> 0.0026159082
A46: 23.6 | B46: Diff Cell | C46: 15 | D46: 25C | E46: 45237.901 | F46: 660.01649 | G46: 7981.4367 | H46: 99.067866 | I46: =H46/G46 -> 0.012412285 | J46: 0.041092 | K46: 0.035692 | L46: =(((E46-STDs!$F$13)/STDs!$E$13)*STDs!$G$14)+((1-((E46-STDs!$F$13)/STDs!$E$13)))*STDs!$G$13 -> 3.2633297 | M46: =(((E46-STDs!$F$13)/STDs!$E$13)*STDs!$H$14)+((1-((E46-STDs!$F$13)/STDs!$E$13))*STDs!$H$13) -> 0.053819317 | N46: =I46*L46 -> 0.040505378 | O46: =(M46/L46)*N46 -> 0.0006680207 | P46: =(((E46-STDs!$F$13)/STDs!$E$13)*STDs!$I$14)+((1-((E46-STDs!$F$13)/STDs!$E$13))*STDs!$I$13) -> 0.0053755888 | Q46: =(((E46-STDs!$F$13)/STDs!$E$13)*STDs!$J$14)+((1-((E46-STDs!$F$13)/STDs!$E$13))*STDs!$J$13) -> 0.0003741581 | R46: =N46-P46 -> 0.035129789 | S46: =(O46^2+Q46^2)^0.5 -> 0.00076566699 | T46: =R46+T45 -> 36.492445 | U46: =(S46^2+U45^2)^0.5 -> 0.17637076 | V46: =((E46-E45)*24*3600)-(5*60) -> 3255 | W46: =(0.000304*199000000000000000)*EXP(-(5580-680)/(1.987*(A46+273))) -> 1.4820423e+10 | X46: =1-EXP(-W46*$W$1*$F$1*(A46+273)*V46) -> 0.0046537565 | Y46: =R46/(X46) -> 7.5486951 | Z46: =(((S46/R46)*Y46)^2+(Y46*0.1)^2)^0.5 -> 0.77259109 | AA46: =Y46 -> 7.5486951 | AB46: =Z46 -> 0.77259109 | AE46: =0.2*AA46/($D$89-T46) -> 0.0025982339
A47: 300.2 | B47: Diff Cell | C47: 120 | D47: 300C | E47: 45238.016 | F47: 644.92272 | G47: 7947.0694 | H47: 23839.944 | I47: =H47/G47 -> 2.9998409 | J47: 9.931037 | K47: 9.925637 | L47: =(((E47-STDs!$F$13)/STDs!$E$13)*STDs!$G$14)+((1-((E47-STDs!$F$13)/STDs!$E$13)))*STDs!$G$13 -> 3.2613728 | M47: =(((E47-STDs!$F$13)/STDs!$E$13)*STDs!$H$14)+((1-((E47-STDs!$F$13)/STDs!$E$13))*STDs!$H$13) -> 0.055703494 | N47: =I47*L47 -> 9.7835993 | O47: =(M47/L47)*N47 -> 0.16710162 | P47: =(((E47-STDs!$F$13)/STDs!$E$13)*STDs!$I$14)+((1-((E47-STDs!$F$13)/STDs!$E$13))*STDs!$I$13) -> 0.0053743882 | Q47: =(((E47-STDs!$F$13)/STDs!$E$13)*STDs!$J$14)+((1-((E47-STDs!$F$13)/STDs!$E$13))*STDs!$J$13) -> 0.00037352599 | R47: =N47-P47 -> 9.7782249 | S47: =(O47^2+Q47^2)^0.5 -> 0.16710204 | T47: =R47+T46 -> 46.27067 | U47: =(S47^2+U46^2)^0.5 -> 0.24296035 | V47: =((E47-E46)*24*3600)-(5*60) -> 9610 | W47: =(0.000304*199000000000000000)*EXP(-(5580-680)/(1.987*(A47+273))) -> 8.1902803e+11 | AA47: =AA46-R46 -> 7.5135653 | AB47: =(AB46^2+S46^2)^0.5 -> 0.77259147 | AC47: =R47+AA48-AA47 -> 11.113967 | AD47: =(S47^2+AB47^2+AB48^2)^0.5 -> 1.1975669 | AE47: =0.2*AA47/($D$89-T47) -> 0.0026304072
A48: 35.7 | B48: Diff Cell | C48: 15 | D48: 25C | E48: 45238.057 | F48: 629.12394 | G48: 8018.0123 | H48: 159.47944 | I48: =H48/G48 -> 0.019890146 | J48: 0.06585 | K48: 0.06045 | L48: =(((E48-STDs!$F$13)/STDs!$E$13)*STDs!$G$14)+((1-((E48-STDs!$F$13)/STDs!$E$13)))*STDs!$G$13 -> 3.2606731 | M48: =(((E48-STDs!$F$13)/STDs!$E$13)*STDs!$H$14)+((1-((E48-STDs!$F$13)/STDs!$E$13))*STDs!$H$13) -> 0.056377121 | N48: =I48*L48 -> 0.064855266 | O48: =(M48/L48)*N48 -> 0.0011213492 | P48: =(((E48-STDs!$F$13)/STDs!$E$13)*STDs!$I$14)+((1-((E48-STDs!$F$13)/STDs!$E$13))*STDs!$I$13) -> 0.0053739589 | Q48: =(((E48-STDs!$F$13)/STDs!$E$13)*STDs!$J$14)+((1-((E48-STDs!$F$13)/STDs!$E$13))*STDs!$J$13) -> 0.0003733 | R48: =N48-P48 -> 0.059481307 | S48: =(O48^2+Q48^2)^0.5 -> 0.0011818532 | T48: =R48+T47 -> 46.330151 | U48: =(S48^2+U47^2)^0.5 -> 0.24296323 | V48: =((E48-E47)*24*3600)-(5*60) -> 3243 | W48: =(0.000304*199000000000000000)*EXP(-(5580-680)/(1.987*(A48+273))) -> 2.0530258e+10 | X48: =1-EXP(-W48*$W$1*$F$1*(A48+273)*V48) -> 0.0066781658 | Y48: =R48/(X48) -> 8.9068329 | Z48: =(((S48/R48)*Y48)^2+(Y48*0.1)^2)^0.5 -> 0.90809475 | AA48: =AA49+R48 -> 8.849307 | AB48: =(S48^2+AB49^2)^0.5 -> 0.89963645 | AE48: =0.2*AA48/($D$89-T48) -> 0.0030983566
A49: 23.6 | B49: Diff Cell | C49: 15 | D49: 25C | E49: 45238.098 | F49: 644.42405 | G49: 8011.694 | H49: 113.64324 | I49: =H49/G49 -> 0.01418467 | J49: 0.046961 | K49: 0.041561 | L49: =(((E49-STDs!$F$13)/STDs!$E$13)*STDs!$G$14)+((1-((E49-STDs!$F$13)/STDs!$E$13)))*STDs!$G$13 -> 3.2599717 | M49: =(((E49-STDs!$F$13)/STDs!$E$13)*STDs!$H$14)+((1-((E49-STDs!$F$13)/STDs!$E$13))*STDs!$H$13) -> 0.057052458 | N49: =I49*L49 -> 0.046241624 | O49: =(M49/L49)*N49 -> 0.0008092703 | P49: =(((E49-STDs!$F$13)/STDs!$E$13)*STDs!$I$14)+((1-((E49-STDs!$F$13)/STDs!$E$13))*STDs!$I$13) -> 0.0053735286 | Q49: =(((E49-STDs!$F$13)/STDs!$E$13)*STDs!$J$14)+((1-((E49-STDs!$F$13)/STDs!$E$13))*STDs!$J$13) -> 0.00037307344 | R49: =N49-P49 -> 0.040868095 | S49: =(O49^2+Q49^2)^0.5 -> 0.00089112413 | T49: =R49+T48 -> 46.371019 | U49: =(S49^2+U48^2)^0.5 -> 0.24296486 | V49: =((E49-E48)*24*3600)-(5*60) -> 3252 | W49: =(0.000304*199000000000000000)*EXP(-(5580-680)/(1.987*(A49+273))) -> 1.4820423e+10 | X49: =1-EXP(-W49*$W$1*$F$1*(A49+273)*V49) -> 0.0046494773 | Y49: =R49/(X49) -> 8.7898257 | Z49: =(((S49/R49)*Y49)^2+(Y49*0.1)^2)^0.5 -> 0.89963567 | AA49: =Y49 -> 8.7898257 | AB49: =Z49 -> 0.89963567 | AE49: =0.2*AA49/($D$89-T49) -> 0.003077751
A50: 300.1 | B50: Diff Cell | C50: 180 | D50: 300C | E50: 45238.254 | F50: 616.69095 | G50: 7860.1681 | H50: 35191.555 | I50: =H50/G50 -> 4.4772013 | J50: 14.822401 | K50: 14.817001 | L50: =(((E50-STDs!$F$13)/STDs!$E$13)*STDs!$G$14)+((1-((E50-STDs!$F$13)/STDs!$E$13)))*STDs!$G$13 -> 3.2573036 | M50: =(((E50-STDs!$F$13)/STDs!$E$13)*STDs!$H$14)+((1-((E50-STDs!$F$13)/STDs!$E$13))*STDs!$H$13) -> 0.059621479 | N50: =I50*L50 -> 14.583604 | O50: =(M50/L50)*N50 -> 0.26693737 | P50: =(((E50-STDs!$F$13)/STDs!$E$13)*STDs!$I$14)+((1-((E50-STDs!$F$13)/STDs!$E$13))*STDs!$I$13) -> 0.0053718915 | Q50: =(((E50-STDs!$F$13)/STDs!$E$13)*STDs!$J$14)+((1-((E50-STDs!$F$13)/STDs!$E$13))*STDs!$J$13) -> 0.00037221157 | R50: =N50-P50 -> 14.578232 | S50: =(O50^2+Q50^2)^0.5 -> 0.26693763 | T50: =R50+T49 -> 60.949251 | U50: =(S50^2+U49^2)^0.5 -> 0.36095377 | V50: =((E50-E49)*24*3600)-(5*60) -> 13212 | W50: =(0.000304*199000000000000000)*EXP(-(5580-680)/(1.987*(A50+273))) -> 8.1841342e+11 | AA50: =AA49-R49 -> 8.7489576 | AB50: =(AB49^2+S49^2)^0.5 -> 0.89963612 | AC50: =R50+AA51-AA50 -> 13.792106 | AD50: =(S50^2+AB50^2+AB51^2)^0.5 -> 1.2412315 | AE50: =0.2*AA50/($D$89-T50) -> 0.0031436764
A51: 35.9 | B51: Diff Cell | C51: 15 | D51: 25C | E51: 45238.295 | F51: 596.74943 | G51: 7979.9497 | H51: 147.12985 | I51: =H51/G51 -> 0.018437441 | J51: 0.061041 | K51: 0.055641 | L51: =(((E51-STDs!$F$13)/STDs!$E$13)*STDs!$G$14)+((1-((E51-STDs!$F$13)/STDs!$E$13)))*STDs!$G$13 -> 3.2566023 | M51: =(((E51-STDs!$F$13)/STDs!$E$13)*STDs!$H$14)+((1-((E51-STDs!$F$13)/STDs!$E$13))*STDs!$H$13) -> 0.060296627 | N51: =I51*L51 -> 0.060043415 | O51: =(M51/L51)*N51 -> 0.0011117155 | P51: =(((E51-STDs!$F$13)/STDs!$E$13)*STDs!$I$14)+((1-((E51-STDs!$F$13)/STDs!$E$13))*STDs!$I$13) -> 0.0053714613 | Q51: =(((E51-STDs!$F$13)/STDs!$E$13)*STDs!$J$14)+((1-((E51-STDs!$F$13)/STDs!$E$13))*STDs!$J$13) -> 0.00037198507 | R51: =N51-P51 -> 0.054671954 | S51: =(O51^2+Q51^2)^0.5 -> 0.0011722987 | T51: =R51+T50 -> 61.003923 | U51: =(S51^2+U50^2)^0.5 -> 0.36095567 | V51: =((E51-E50)*24*3600)-(5*60) -> 3251 | W51: =(0.000304*199000000000000000)*EXP(-(5580-680)/(1.987*(A51+273))) -> 2.0636719e+10 | X51: =1-EXP(-W51*$W$1*$F$1*(A51+273)*V51) -> 0.0067335278 | Y51: =R51/(X51) -> 8.1193626 | Z51: =(((S51/R51)*Y51)^2+(Y51*0.1)^2)^0.5 -> 0.83039199 | AA51: =AA52+R51 -> 7.9628314 | AB51: =(S51^2+AB52^2)^0.5 -> 0.81243759 | AE51: =0.2*AA51/($D$89-T51) -> 0.0028614866
A52: 23.6 | B52: Diff Cell | C52: 15 | D52: 25C | E52: 45238.338 | F52: 618.01653 | G52: 8003.2996 | H52: 106.16262 | I52: =H52/G52 -> 0.013264857 | J52: 0.043916 | K52: 0.038516 | L52: =(((E52-STDs!$F$13)/STDs!$E$13)*STDs!$G$14)+((1-((E52-STDs!$F$13)/STDs!$E$13)))*STDs!$G$13 -> 3.2558826 | M52: =(((E52-STDs!$F$13)/STDs!$E$13)*STDs!$H$14)+((1-((E52-STDs!$F$13)/STDs!$E$13))*STDs!$H$13) -> 0.060989647 | N52: =I52*L52 -> 0.043188816 | O52: =(M52/L52)*N52 -> 0.00080901893 | P52: =(((E52-STDs!$F$13)/STDs!$E$13)*STDs!$I$14)+((1-((E52-STDs!$F$13)/STDs!$E$13))*STDs!$I$13) -> 0.0053710197 | Q52: =(((E52-STDs!$F$13)/STDs!$E$13)*STDs!$J$14)+((1-((E52-STDs!$F$13)/STDs!$E$13))*STDs!$J$13) -> 0.00037175257 | R52: =N52-P52 -> 0.037817796 | S52: =(O52^2+Q52^2)^0.5 -> 0.00089034353 | T52: =R52+T51 -> 61.041741 | U52: =(S52^2+U51^2)^0.5 -> 0.36095677 | V52: =((E52-E51)*24*3600)-(5*60) -> 3345 | W52: =(0.000304*199000000000000000)*EXP(-(5580-680)/(1.987*(A52+273))) -> 1.4820423e+10 | X52: =1-EXP(-W52*$W$1*$F$1*(A52+273)*V52) -> 0.0047821236 | Y52: =R52/(X52) -> 7.9081595 | Z52: =(((S52/R52)*Y52)^2+(Y52*0.1)^2)^0.5 -> 0.81243674 | AA52: =Y52 -> 7.9081595 | AB52: =Z52 -> 0.81243674 | AE52: =0.2*AA52/($D$89-T52) -> 0.002842033
A53: 320.3 | B53: Diff Cell | C53: 60 | D53: 320C | E53: 45238.411 | F53: 636.20769 | G53: 7948.1649 | H53: 18313.282 | I53: =H53/G53 -> 2.3040893 | J53: 7.628596 | K53: 7.623196 | L53: =(((E53-STDs!$F$13)/STDs!$E$13)*STDs!$G$14)+((1-((E53-STDs!$F$13)/STDs!$E$13)))*STDs!$G$13 -> 3.2546316 | M53: =(((E53-STDs!$F$13)/STDs!$E$13)*STDs!$H$14)+((1-((E53-STDs!$F$13)/STDs!$E$13))*STDs!$H$13) -> 0.062194113 | N53: =I53*L53 -> 7.498962 | O53: =(M53/L53)*N53 -> 0.14330079 | P53: =(((E53-STDs!$F$13)/STDs!$E$13)*STDs!$I$14)+((1-((E53-STDs!$F$13)/STDs!$E$13))*STDs!$I$13) -> 0.0053702522 | Q53: =(((E53-STDs!$F$13)/STDs!$E$13)*STDs!$J$14)+((1-((E53-STDs!$F$13)/STDs!$E$13))*STDs!$J$13) -> 0.00037134849 | R53: =N53-P53 -> 7.4935918 | S53: =(O53^2+Q53^2)^0.5 -> 0.14330127 | T53: =R53+T52 -> 68.535333 | U53: =(S53^2+U52^2)^0.5 -> 0.388362 | V53: =((E53-E52)*24*3600)-(5*60) -> 6035 | W53: =(0.000304*199000000000000000)*EXP(-(5580-680)/(1.987*(A53+273))) -> 9.4754085e+11 | AA53: =AA52-R52 -> 7.8703417 | AB53: =(AB52^2+S52^2)^0.5 -> 0.81243723 | AC53: =R53+AA54-AA53 -> 11.358315 | AD53: =(S53^2+AB53^2+AB54^2)^0.5 -> 1.451786 | AE53: =0.2*AA53/($D$89-T53) -> 0.0028670475
A54: 36.9 | B54: Diff Cell | C54: 15 | D54: 25C | E54: 45238.452 | F54: 615.39966 | G54: 7997.7975 | H54: 212.99306 | I54: =H54/G54 -> 0.026631465 | J54: 0.08817 | K54: 0.08277 | L54: =(((E54-STDs!$F$13)/STDs!$E$13)*STDs!$G$14)+((1-((E54-STDs!$F$13)/STDs!$E$13)))*STDs!$G$13 -> 3.25393 | M54: =(((E54-STDs!$F$13)/STDs!$E$13)*STDs!$H$14)+((1-((E54-STDs!$F$13)/STDs!$E$13))*STDs!$H$13) -> 0.062869641 | N54: =I54*L54 -> 0.086656922 | O54: =(M54/L54)*N54 -> 0.0016743106 | P54: =(((E54-STDs!$F$13)/STDs!$E$13)*STDs!$I$14)+((1-((E54-STDs!$F$13)/STDs!$E$13))*STDs!$I$13) -> 0.0053698217 | Q54: =(((E54-STDs!$F$13)/STDs!$E$13)*STDs!$J$14)+((1-((E54-STDs!$F$13)/STDs!$E$13))*STDs!$J$13) -> 0.00037112186 | R54: =N54-P54 -> 0.0812871 | S54: =(O54^2+Q54^2)^0.5 -> 0.0017149482 | T54: =R54+T53 -> 68.61662 | U54: =(S54^2+U53^2)^0.5 -> 0.38836579 | V54: =((E54-E53)*24*3600)-(5*60) -> 3253 | W54: =(0.000304*199000000000000000)*EXP(-(5580-680)/(1.987*(A54+273))) -> 2.1175243e+10 | X54: =1-EXP(-W54*$W$1*$F$1*(A54+273)*V54) -> 0.0069351704 | Y54: =R54/(X54) -> 11.720995 | Z54: =(((S54/R54)*Y54)^2+(Y54*0.1)^2)^0.5 -> 1.1979007 | AA54: =AA55+R54 -> 11.735065 | AB54: =(S54^2+AB55^2)^0.5 -> 1.19461 | AE54: =0.2*AA54/($D$89-T54) -> 0.0042755413
A55: 23.5 | B55: Diff Cell | C55: 15 | D55: 25C | E55: 45238.493 | F55: 624.21615 | G55: 7990.6249 | H55: 146.14432 | I55: =H55/G55 -> 0.018289474 | J55: 0.060552 | K55: 0.055152 | L55: =(((E55-STDs!$F$13)/STDs!$E$13)*STDs!$G$14)+((1-((E55-STDs!$F$13)/STDs!$E$13)))*STDs!$G$13 -> 3.2532272 | M55: =(((E55-STDs!$F$13)/STDs!$E$13)*STDs!$H$14)+((1-((E55-STDs!$F$13)/STDs!$E$13))*STDs!$H$13) -> 0.063546309 | N55: =I55*L55 -> 0.059499813 | O55: =(M55/L55)*N55 -> 0.0011622285 | P55: =(((E55-STDs!$F$13)/STDs!$E$13)*STDs!$I$14)+((1-((E55-STDs!$F$13)/STDs!$E$13))*STDs!$I$13) -> 0.0053693905 | Q55: =(((E55-STDs!$F$13)/STDs!$E$13)*STDs!$J$14)+((1-((E55-STDs!$F$13)/STDs!$E$13))*STDs!$J$13) -> 0.00037089485 | R55: =N55-P55 -> 0.054130423 | S55: =(O55^2+Q55^2)^0.5 -> 0.0012199747 | T55: =R55+T54 -> 68.67075 | U55: =(S55^2+U54^2)^0.5 -> 0.3883677 | V55: =((E55-E54)*24*3600)-(5*60) -> 3259 | W55: =(0.000304*199000000000000000)*EXP(-(5580-680)/(1.987*(A55+273))) -> 1.4778923e+10 | X55: =1-EXP(-W55*$W$1*$F$1*(A55+273)*V55) -> 0.0046448819 | Y55: =R55/(X55) -> 11.653778 | Z55: =(((S55/R55)*Y55)^2+(Y55*0.1)^2)^0.5 -> 1.1946087 | AA55: =Y55 -> 11.653778 | AB55: =Z55 -> 1.1946087 | AE55: =0.2*AA55/($D$89-T55) -> 0.004246344
A56: 330.4 | B56: Diff Cell | C56: 60 | D56: 330C | E56: 45238.567 | F56: 640.96895 | G56: 7921.3784 | H56: 27246.358 | I56: =H56/G56 -> 3.439598 | J56: 11.387302 | K56: 11.381902 | L56: =(((E56-STDs!$F$13)/STDs!$E$13)*STDs!$G$14)+((1-((E56-STDs!$F$13)/STDs!$E$13)))*STDs!$G$13 -> 3.2519725 | M56: =(((E56-STDs!$F$13)/STDs!$E$13)*STDs!$H$14)+((1-((E56-STDs!$F$13)/STDs!$E$13))*STDs!$H$13) -> 0.064754388 | N56: =I56*L56 -> 11.185478 | O56: =(M56/L56)*N56 -> 0.22272907 | P56: =(((E56-STDs!$F$13)/STDs!$E$13)*STDs!$I$14)+((1-((E56-STDs!$F$13)/STDs!$E$13))*STDs!$I$13) -> 0.0053686207 | Q56: =(((E56-STDs!$F$13)/STDs!$E$13)*STDs!$J$14)+((1-((E56-STDs!$F$13)/STDs!$E$13))*STDs!$J$13) -> 0.00037048956 | R56: =N56-P56 -> 11.18011 | S56: =(O56^2+Q56^2)^0.5 -> 0.22272937 | T56: =R56+T55 -> 79.85086 | U56: =(S56^2+U55^2)^0.5 -> 0.44770285 | V56: =((E56-E55)*24*3600)-(5*60) -> 6054 | W56: =(0.000304*199000000000000000)*EXP(-(5580-680)/(1.987*(A56+273))) -> 1.0158113e+12 | AA56: =AA55-R55 -> 11.599648 | AB56: =(AB55^2+S55^2)^0.5 -> 1.1946094 | AC56: =R56+AA57-AA56 -> 14.462753 | AD56: =(S56^2+AB56^2+AB57^2)^0.5 -> 1.9418386 | AE56: =0.2*AA56/($D$89-T56) -> 0.0043145013
A57: 37.4 | B57: Diff Cell | C57: 15 | D57: 25C | E57: 45238.608 | F57: 615.6726 | G57: 7981.2523 | H57: 277.42043 | I57: =H57/G57 -> 0.03475901 | J57: 0.11508 | K57: 0.109679 | L57: =(((E57-STDs!$F$13)/STDs!$E$13)*STDs!$G$14)+((1-((E57-STDs!$F$13)/STDs!$E$13)))*STDs!$G$13 -> 3.2512713 | M57: =(((E57-STDs!$F$13)/STDs!$E$13)*STDs!$H$14)+((1-((E57-STDs!$F$13)/STDs!$E$13))*STDs!$H$13) -> 0.065429535 | N57: =I57*L57 -> 0.11301097 | O57: =(M57/L57)*N57 -> 0.0022742659 | P57: =(((E57-STDs!$F$13)/STDs!$E$13)*STDs!$I$14)+((1-((E57-STDs!$F$13)/STDs!$E$13))*STDs!$I$13) -> 0.0053681905 | Q57: =(((E57-STDs!$F$13)/STDs!$E$13)*STDs!$J$14)+((1-((E57-STDs!$F$13)/STDs!$E$13))*STDs!$J$13) -> 0.00037026306 | R57: =N57-P57 -> 0.10764278 | S57: =(O57^2+Q57^2)^0.5 -> 0.0023042092 | T57: =R57+T56 -> 79.958503 | U57: =(S57^2+U56^2)^0.5 -> 0.44770878 | V57: =((E57-E56)*24*3600)-(5*60) -> 3251 | W57: =(0.000304*199000000000000000)*EXP(-(5580-680)/(1.987*(A57+273))) -> 2.1448417e+10 | X57: =1-EXP(-W57*$W$1*$F$1*(A57+273)*V57) -> 0.0070313065 | Y57: =R57/(X57) -> 15.309072 | Z57: =(((S57/R57)*Y57)^2+(Y57*0.1)^2)^0.5 -> 1.565589 | AA57: =AA58+R57 -> 14.882291 | AB57: =(S57^2+AB58^2)^0.5 -> 1.5146079 | AE57: =0.2*AA57/($D$89-T57) -> 0.0055365923
A58: 23.7 | B58: Diff Cell | C58: 15 | D58: 25C | E58: 45238.649 | F58: 617.73516 | G58: 7986.5691 | H58: 182.86198 | I58: =H58/G58 -> 0.022896187 | J58: 0.075804 | K58: 0.070404 | L58: =(((E58-STDs!$F$13)/STDs!$E$13)*STDs!$G$14)+((1-((E58-STDs!$F$13)/STDs!$E$13)))*STDs!$G$13 -> 3.2505685 | M58: =(((E58-STDs!$F$13)/STDs!$E$13)*STDs!$H$14)+((1-((E58-STDs!$F$13)/STDs!$E$13))*STDs!$H$13) -> 0.066106204 | N58: =I58*L58 -> 0.074425624 | O58: =(M58/L58)*N58 -> 0.00151358 | P58: =(((E58-STDs!$F$13)/STDs!$E$13)*STDs!$I$14)+((1-((E58-STDs!$F$13)/STDs!$E$13))*STDs!$I$13) -> 0.0053677593 | Q58: =(((E58-STDs!$F$13)/STDs!$E$13)*STDs!$J$14)+((1-((E58-STDs!$F$13)/STDs!$E$13))*STDs!$J$13) -> 0.00037003605 | R58: =N58-P58 -> 0.069057864 | S58: =(O58^2+Q58^2)^0.5 -> 0.0015581563 | T58: =R58+T57 -> 80.027561 | U58: =(S58^2+U57^2)^0.5 -> 0.4477115 | V58: =((E58-E57)*24*3600)-(5*60) -> 3259 | W58: =(0.000304*199000000000000000)*EXP(-(5580-680)/(1.987*(A58+273))) -> 1.4862013e+10 | X58: =1-EXP(-W58*$W$1*$F$1*(A58+273)*V58) -> 0.0046740785 | Y58: =R58/(X58) -> 14.774648 | Z58: =(((S58/R58)*Y58)^2+(Y58*0.1)^2)^0.5 -> 1.5146062 | AA58: =Y58 -> 14.774648 | AB58: =Z58 -> 1.5146062 | AE58: =0.2*AA58/($D$89-T58) -> 0.0054972526
A59: 350.4 | B59: Diff Cell | C59: 60 | D59: 350C | E59: 45238.723 | F59: 673.03427 | G59: 7902.3601 | H59: 48106.048 | I59: =H59/G59 -> 6.0875545 | J59: 20.153819 | K59: 20.148419 | L59: =(((E59-STDs!$F$13)/STDs!$E$13)*STDs!$G$14)+((1-((E59-STDs!$F$13)/STDs!$E$13)))*STDs!$G$13 -> 3.2493168 | M59: =(((E59-STDs!$F$13)/STDs!$E$13)*STDs!$H$14)+((1-((E59-STDs!$F$13)/STDs!$E$13))*STDs!$H$13) -> 0.067311431 | N59: =I59*L59 -> 19.780393 | O59: =(M59/L59)*N59 -> 0.409762 | P59: =(((E59-STDs!$F$13)/STDs!$E$13)*STDs!$I$14)+((1-((E59-STDs!$F$13)/STDs!$E$13))*STDs!$I$13) -> 0.0053669913 | Q59: =(((E59-STDs!$F$13)/STDs!$E$13)*STDs!$J$14)+((1-((E59-STDs!$F$13)/STDs!$E$13))*STDs!$J$13) -> 0.00036963172 | R59: =N59-P59 -> 19.775026 | S59: =(O59^2+Q59^2)^0.5 -> 0.40976217 | T59: =R59+T58 -> 99.802587 | U59: =(S59^2+U58^2)^0.5 -> 0.60691896 | V59: =((E59-E58)*24*3600)-(5*60) -> 6039 | W59: =(0.000304*199000000000000000)*EXP(-(5580-680)/(1.987*(A59+273))) -> 1.1581267e+12 | AA59: =AA58-R58 -> 14.70559 | AB59: =(AB58^2+S58^2)^0.5 -> 1.514607 | AC59: =R59+AA60-AA59 -> 28.330053 | AD59: =(S59^2+AB59^2+AB60^2)^0.5 -> 2.8402388 | AE59: =0.2*AA59/($D$89-T59) -> 0.0056805382
A60: 37 | B60: Diff Cell | C60: 15 | D60: 25C | E60: 45238.764 | F60: 620.84388 | G60: 7936.5381 | H60: 407.59449 | I60: =H60/G60 -> 0.051356711 | J60: 0.17003 | K60: 0.16463 | L60: =(((E60-STDs!$F$13)/STDs!$E$13)*STDs!$G$14)+((1-((E60-STDs!$F$13)/STDs!$E$13)))*STDs!$G$13 -> 3.2486152 | M60: =(((E60-STDs!$F$13)/STDs!$E$13)*STDs!$H$14)+((1-((E60-STDs!$F$13)/STDs!$E$13))*STDs!$H$13) -> 0.067986959 | N60: =I60*L60 -> 0.16683819 | O60: =(M60/L60)*N60 -> 0.0034915866 | P60: =(((E60-STDs!$F$13)/STDs!$E$13)*STDs!$I$14)+((1-((E60-STDs!$F$13)/STDs!$E$13))*STDs!$I$13) -> 0.0053665608 | Q60: =(((E60-STDs!$F$13)/STDs!$E$13)*STDs!$J$14)+((1-((E60-STDs!$F$13)/STDs!$E$13))*STDs!$J$13) -> 0.00036940509 | R60: =N60-P60 -> 0.16147163 | S60: =(O60^2+Q60^2)^0.5 -> 0.0035110735 | T60: =R60+T59 -> 99.964058 | U60: =(S60^2+U59^2)^0.5 -> 0.60692911 | V60: =((E60-E59)*24*3600)-(5*60) -> 3253 | W60: =(0.000304*199000000000000000)*EXP(-(5580-680)/(1.987*(A60+273))) -> 2.1229668e+10 | X60: =1-EXP(-W60*$W$1*$F$1*(A60+273)*V60) -> 0.0069551691 | Y60: =R60/(X60) -> 23.216061 | Z60: =(((S60/R60)*Y60)^2+(Y60*0.1)^2)^0.5 -> 2.3758563 | AA60: =AA61+R60 -> 23.260617 | AB60: =(S60^2+AB61^2)^0.5 -> 2.3674918 | AE60: =0.2*AA60/($D$89-T60) -> 0.0089880137
A61: 23.5 | B61: Diff Cell | C61: 15 | D61: 25C | E61: 45238.805 | F61: 611.665 | G61: 7935.2458 | H61: 274.76486 | I61: =H61/G61 -> 0.034625879 | J61: 0.11464 | K61: 0.10924 | L61: =(((E61-STDs!$F$13)/STDs!$E$13)*STDs!$G$14)+((1-((E61-STDs!$F$13)/STDs!$E$13)))*STDs!$G$13 -> 3.2479136 | M61: =(((E61-STDs!$F$13)/STDs!$E$13)*STDs!$H$14)+((1-((E61-STDs!$F$13)/STDs!$E$13))*STDs!$H$13) -> 0.068662486 | N61: =I61*L61 -> 0.11246186 | O61: =(M61/L61)*N61 -> 0.0023774989 | P61: =(((E61-STDs!$F$13)/STDs!$E$13)*STDs!$I$14)+((1-((E61-STDs!$F$13)/STDs!$E$13))*STDs!$I$13) -> 0.0053661304 | Q61: =(((E61-STDs!$F$13)/STDs!$E$13)*STDs!$J$14)+((1-((E61-STDs!$F$13)/STDs!$E$13))*STDs!$J$13) -> 0.00036917846 | R61: =N61-P61 -> 0.10709573 | S61: =(O61^2+Q61^2)^0.5 -> 0.0024059913 | T61: =R61+T60 -> 100.07115 | U61: =(S61^2+U60^2)^0.5 -> 0.60693388 | V61: =((E61-E60)*24*3600)-(5*60) -> 3253 | W61: =(0.000304*199000000000000000)*EXP(-(5580-680)/(1.987*(A61+273))) -> 1.4778923e+10 | X61: =1-EXP(-W61*$W$1*$F$1*(A61+273)*V61) -> 0.0046363503 | Y61: =R61/(X61) -> 23.099146 | Z61: =(((S61/R61)*Y61)^2+(Y61*0.1)^2)^0.5 -> 2.3674892 | AA61: =Y61 -> 23.099146 | AB61: =Z61 -> 2.3674892 | AE61: =0.2*AA61/($D$89-T61) -> 0.0089274675
A62: 370.4 | B62: Diff Cell | C62: 60 | D62: 370C | E62: 45238.878 | F62: 720.86837 | G62: 7916.2288 | H62: 80392.342 | I62: =H62/G62 -> 10.155384 | J62: 33.620012 | K62: 33.614611 | L62: =(((E62-STDs!$F$13)/STDs!$E$13)*STDs!$G$14)+((1-((E62-STDs!$F$13)/STDs!$E$13)))*STDs!$G$13 -> 3.2466624 | M62: =(((E62-STDs!$F$13)/STDs!$E$13)*STDs!$H$14)+((1-((E62-STDs!$F$13)/STDs!$E$13))*STDs!$H$13) -> 0.069867143 | N62: =I62*L62 -> 32.971103 | O62: =(M62/L62)*N62 -> 0.70952765 | P62: =(((E62-STDs!$F$13)/STDs!$E$13)*STDs!$I$14)+((1-((E62-STDs!$F$13)/STDs!$E$13))*STDs!$I$13) -> 0.0053653627 | Q62: =(((E62-STDs!$F$13)/STDs!$E$13)*STDs!$J$14)+((1-((E62-STDs!$F$13)/STDs!$E$13))*STDs!$J$13) -> 0.00036877432 | R62: =N62-P62 -> 32.965737 | S62: =(O62^2+Q62^2)^0.5 -> 0.70952775 | T62: =R62+T61 -> 133.03689 | U62: =(S62^2+U61^2)^0.5 -> 0.93370143 | V62: =((E62-E61)*24*3600)-(5*60) -> 6036 | W62: =(0.000304*199000000000000000)*EXP(-(5580-680)/(1.987*(A62+273))) -> 1.3096611e+12 | AA62: =AA61-R61 -> 22.99205 | AB62: =(AB61^2+S61^2)^0.5 -> 2.3674904 | AC62: =R62+AA63-AA62 -> 41.343332 | AD62: =(S62^2+AB62^2+AB63^2)^0.5 -> 4.0397892 | AE62: =0.2*AA62/($D$89-T62) -> 0.009490668
A63: 37.3 | B63: Diff Cell | C63: 15 | D63: 25C | E63: 45238.919 | F63: 613.25173 | G63: 7900.8672 | H63: 550.30168 | I63: =H63/G63 -> 0.069650795 | J63: 0.230598 | K63: 0.225198 | L63: =(((E63-STDs!$F$13)/STDs!$E$13)*STDs!$G$14)+((1-((E63-STDs!$F$13)/STDs!$E$13)))*STDs!$G$13 -> 3.2459594 | M63: =(((E63-STDs!$F$13)/STDs!$E$13)*STDs!$H$14)+((1-((E63-STDs!$F$13)/STDs!$E$13))*STDs!$H$13) -> 0.070544001 | N63: =I63*L63 -> 0.22608365 | O63: =(M63/L63)*N63 -> 0.0049134458 | P63: =(((E63-STDs!$F$13)/STDs!$E$13)*STDs!$I$14)+((1-((E63-STDs!$F$13)/STDs!$E$13))*STDs!$I$13) -> 0.0053649314 | Q63: =(((E63-STDs!$F$13)/STDs!$E$13)*STDs!$J$14)+((1-((E63-STDs!$F$13)/STDs!$E$13))*STDs!$J$13) -> 0.00036854724 | R63: =N63-P63 -> 0.22071872 | S63: =(O63^2+Q63^2)^0.5 -> 0.0049272484 | T63: =R63+T62 -> 133.25761 | U63: =(S63^2+U62^2)^0.5 -> 0.93371443 | V63: =((E63-E62)*24*3600)-(5*60) -> 3260 | W63: =(0.000304*199000000000000000)*EXP(-(5580-680)/(1.987*(A63+273))) -> 2.1393573e+10 | X63: =1-EXP(-W63*$W$1*$F$1*(A63+273)*V63) -> 0.0070304799 | Y63: =R63/(X63) -> 31.394546 | Z63: =(((S63/R63)*Y63)^2+(Y63*0.1)^2)^0.5 -> 3.2167302 | AA63: =AA64+R63 -> 31.369645 | AB63: =(S63^2+AB64^2)^0.5 -> 3.1955369 | AE63: =0.2*AA63/($D$89-T63) -> 0.012954676
A64: 23.5 | B64: Diff Cell | C64: 15 | D64: 25C | E64: 45238.96 | F64: 612.27328 | G64: 7917.4862 | H64: 366.18072 | I64: =H64/G64 -> 0.04624962 | J64: 0.153123 | K64: 0.147723 | L64: =(((E64-STDs!$F$13)/STDs!$E$13)*STDs!$G$14)+((1-((E64-STDs!$F$13)/STDs!$E$13)))*STDs!$G$13 -> 3.2452564 | M64: =(((E64-STDs!$F$13)/STDs!$E$13)*STDs!$H$14)+((1-((E64-STDs!$F$13)/STDs!$E$13))*STDs!$H$13) -> 0.07122086 | N64: =I64*L64 -> 0.15009188 | O64: =(M64/L64)*N64 -> 0.0032939377 | P64: =(((E64-STDs!$F$13)/STDs!$E$13)*STDs!$I$14)+((1-((E64-STDs!$F$13)/STDs!$E$13))*STDs!$I$13) -> 0.0053645001 | Q64: =(((E64-STDs!$F$13)/STDs!$E$13)*STDs!$J$14)+((1-((E64-STDs!$F$13)/STDs!$E$13))*STDs!$J$13) -> 0.00036832017 | R64: =N64-P64 -> 0.14472737 | S64: =(O64^2+Q64^2)^0.5 -> 0.003314466 | T64: =R64+T63 -> 133.40234 | U64: =(S64^2+U63^2)^0.5 -> 0.93372031 | V64: =((E64-E63)*24*3600)-(5*60) -> 3260 | W64: =(0.000304*199000000000000000)*EXP(-(5580-680)/(1.987*(A64+273))) -> 1.4778923e+10 | X64: =1-EXP(-W64*$W$1*$F$1*(A64+273)*V64) -> 0.0046463039 | Y64: =R64/(X64) -> 31.148926 | Z64: =(((S64/R64)*Y64)^2+(Y64*0.1)^2)^0.5 -> 3.1955331 | AA64: =Y64 -> 31.148926 | AB64: =Z64 -> 3.1955331 | AE64: =0.2*AA64/($D$89-T64) -> 0.012867372
A65: 385.4 | B65: Diff Cell | C65: 60 | D65: 385C | E65: 45239.034 | F65: 751.36928 | G65: 7901.9394 | H65: 103104.07 | I65: =H65/G65 -> 13.047944 | J65: 43.192415 | K65: 43.187015 | L65: =(((E65-STDs!$F$13)/STDs!$E$13)*STDs!$G$14)+((1-((E65-STDs!$F$13)/STDs!$E$13)))*STDs!$G$13 -> 3.2440057 | M65: =(((E65-STDs!$F$13)/STDs!$E$13)*STDs!$H$14)+((1-((E65-STDs!$F$13)/STDs!$E$13))*STDs!$H$13) -> 0.072425136 | N65: =I65*L65 -> 42.327606 | O65: =(M65/L65)*N65 -> 0.94499915 | P65: =(((E65-STDs!$F$13)/STDs!$E$13)*STDs!$I$14)+((1-((E65-STDs!$F$13)/STDs!$E$13))*STDs!$I$13) -> 0.0053637327 | Q65: =(((E65-STDs!$F$13)/STDs!$E$13)*STDs!$J$14)+((1-((E65-STDs!$F$13)/STDs!$E$13))*STDs!$J$13) -> 0.00036791615 | R65: =N65-P65 -> 42.322242 | S65: =(O65^2+Q65^2)^0.5 -> 0.94499922 | T65: =R65+T64 -> 175.72458 | U65: =(S65^2+U64^2)^0.5 -> 1.3284793 | V65: =((E65-E64)*24*3600)-(5*60) -> 6034 | W65: =(0.000304*199000000000000000)*EXP(-(5580-680)/(1.987*(A65+273))) -> 1.4291637e+12 | AA65: =AA64-R64 -> 31.004199 | AB65: =(AB64^2+S64^2)^0.5 -> 3.1955348 | AC65: =R65+AA66-AA65 -> 44.783772 | AD65: =(S65^2+AB65^2+AB66^2)^0.5 -> 4.7710076 | AE65: =0.2*AA65/($D$89-T65) -> 0.014034402
A66: 37.8 | B66: Diff Cell | C66: 15 | D66: 25C | E66: 45239.075 | F66: 614.41361 | G66: 7890.6295 | H66: 595.17753 | I66: =H66/G66 -> 0.075428397 | J66: 0.249728 | K66: 0.244328 | L66: =(((E66-STDs!$F$13)/STDs!$E$13)*STDs!$G$14)+((1-((E66-STDs!$F$13)/STDs!$E$13)))*STDs!$G$13 -> 3.2433045 | M66: =(((E66-STDs!$F$13)/STDs!$E$13)*STDs!$H$14)+((1-((E66-STDs!$F$13)/STDs!$E$13))*STDs!$H$13) -> 0.073100284 | N66: =I66*L66 -> 0.24463726 | O66: =(M66/L66)*N66 -> 0.0055138372 | P66: =(((E66-STDs!$F$13)/STDs!$E$13)*STDs!$I$14)+((1-((E66-STDs!$F$13)/STDs!$E$13))*STDs!$I$13) -> 0.0053633025 | Q66: =(((E66-STDs!$F$13)/STDs!$E$13)*STDs!$J$14)+((1-((E66-STDs!$F$13)/STDs!$E$13))*STDs!$J$13) -> 0.00036768965 | R66: =N66-P66 -> 0.23927395 | S66: =(O66^2+Q66^2)^0.5 -> 0.0055260833 | T66: =R66+T65 -> 175.96385 | U66: =(S66^2+U65^2)^0.5 -> 1.3284908 | V66: =((E66-E65)*24*3600)-(5*60) -> 3251 | W66: =(0.000304*199000000000000000)*EXP(-(5580-680)/(1.987*(A66+273))) -> 2.1668848e+10 | X66: =1-EXP(-W66*$W$1*$F$1*(A66+273)*V66) -> 0.007112433 | Y66: =R66/(X66) -> 33.641646 | Z66: =(((S66/R66)*Y66)^2+(Y66*0.1)^2)^0.5 -> 3.4527195 | AA66: =AA67+R66 -> 33.465729 | AB66: =(S66^2+AB67^2)^0.5 -> 3.4143882 | AE66: =0.2*AA66/($D$89-T66) -> 0.01515685
A67: 23.5 | B67: Diff Cell | C67: 15 | D67: 25C | E67: 45239.116 | F67: 617.51995 | G67: 7908.528 | H67: 390.64192 | I67: =H67/G67 -> 0.049395022 | J67: 0.163538 | K67: 0.158138 | L67: =(((E67-STDs!$F$13)/STDs!$E$13)*STDs!$G$14)+((1-((E67-STDs!$F$13)/STDs!$E$13)))*STDs!$G$13 -> 3.2425997 | M67: =(((E67-STDs!$F$13)/STDs!$E$13)*STDs!$H$14)+((1-((E67-STDs!$F$13)/STDs!$E$13))*STDs!$H$13) -> 0.073778854 | N67: =I67*L67 -> 0.16016828 | O67: =(M67/L67)*N67 -> 0.0036443081 | P67: =(((E67-STDs!$F$13)/STDs!$E$13)*STDs!$I$14)+((1-((E67-STDs!$F$13)/STDs!$E$13))*STDs!$I$13) -> 0.0053628701 | Q67: =(((E67-STDs!$F$13)/STDs!$E$13)*STDs!$J$14)+((1-((E67-STDs!$F$13)/STDs!$E$13))*STDs!$J$13) -> 0.000367462 | R67: =N67-P67 -> 0.15480541 | S67: =(O67^2+Q67^2)^0.5 -> 0.0036627872 | T67: =R67+T66 -> 176.11866 | U67: =(S67^2+U66^2)^0.5 -> 1.3284958 | V67: =((E67-E66)*24*3600)-(5*60) -> 3269 | W67: =(0.000304*199000000000000000)*EXP(-(5580-680)/(1.987*(A67+273))) -> 1.4778923e+10 | X67: =1-EXP(-W67*$W$1*$F$1*(A67+273)*V67) -> 0.0046591012 | Y67: =R67/(X67) -> 33.226455 | Z67: =(((S67/R67)*Y67)^2+(Y67*0.1)^2)^0.5 -> 3.4143838 | AA67: =Y67 -> 33.226455 | AB67: =Z67 -> 3.4143838 | AE67: =0.2*AA67/($D$89-T67) -> 0.015053758
A68: 360.4 | B68: Diff Cell | C68: 60 | D68: 360C | E68: 45239.19 | F68: 690.28453 | G68: 7792.77 | H68: 66194.713 | I68: =H68/G68 -> 8.4943752 | J68: 28.121371 | K68: 28.115971 | L68: =(((E68-STDs!$F$13)/STDs!$E$13)*STDs!$G$14)+((1-((E68-STDs!$F$13)/STDs!$E$13)))*STDs!$G$13 -> 3.2413481 | M68: =(((E68-STDs!$F$13)/STDs!$E$13)*STDs!$H$14)+((1-((E68-STDs!$F$13)/STDs!$E$13))*STDs!$H$13) -> 0.07498389 | N68: =I68*L68 -> 27.533227 | O68: =(M68/L68)*N68 -> 0.6369413 | P68: =(((E68-STDs!$F$13)/STDs!$E$13)*STDs!$I$14)+((1-((E68-STDs!$F$13)/STDs!$E$13))*STDs!$I$13) -> 0.0053621022 | Q68: =(((E68-STDs!$F$13)/STDs!$E$13)*STDs!$J$14)+((1-((E68-STDs!$F$13)/STDs!$E$13))*STDs!$J$13) -> 0.00036705773 | R68: =N68-P68 -> 27.527865 | S68: =(O68^2+Q68^2)^0.5 -> 0.6369414 | T68: =R68+T67 -> 203.64652 | U68: =(S68^2+U67^2)^0.5 -> 1.4732941 | V68: =((E68-E67)*24*3600)-(5*60) -> 6038 | W68: =(0.000304*199000000000000000)*EXP(-(5580-680)/(1.987*(A68+273))) -> 1.2327615e+12 | AA68: =AA67-R67 -> 33.071649 | AB68: =(AB67^2+S67^2)^0.5 -> 3.4143857 | AC68: =R68+AA69-AA68 -> 15.329518 | AD68: =(S68^2+AB68^2+AB69^2)^0.5 -> 4.0773667 | AE68: =0.2*AA68/($D$89-T68) -> 0.015980136
A69: 39.6 | B69: Diff Cell | C69: 15 | D69: 25C | E69: 45239.231 | F69: 608.30685 | G69: 7892.7736 | H69: 407.53225 | I69: =H69/G69 -> 0.051633591 | J69: 0.170945 | K69: 0.165545 | L69: =(((E69-STDs!$F$13)/STDs!$E$13)*STDs!$G$14)+((1-((E69-STDs!$F$13)/STDs!$E$13)))*STDs!$G$13 -> 3.2406448 | M69: =(((E69-STDs!$F$13)/STDs!$E$13)*STDs!$H$14)+((1-((E69-STDs!$F$13)/STDs!$E$13))*STDs!$H$13) -> 0.075661129 | N69: =I69*L69 -> 0.16732613 | O69: =(M69/L69)*N69 -> 0.0039066558 | P69: =(((E69-STDs!$F$13)/STDs!$E$13)*STDs!$I$14)+((1-((E69-STDs!$F$13)/STDs!$E$13))*STDs!$I$13) -> 0.0053616707 | Q69: =(((E69-STDs!$F$13)/STDs!$E$13)*STDs!$J$14)+((1-((E69-STDs!$F$13)/STDs!$E$13))*STDs!$J$13) -> 0.00036683053 | R69: =N69-P69 -> 0.16196446 | S69: =(O69^2+Q69^2)^0.5 -> 0.0039238405 | T69: =R69+T68 -> 203.80849 | U69: =(S69^2+U68^2)^0.5 -> 1.4732993 | V69: =((E69-E68)*24*3600)-(5*60) -> 3262 | W69: =(0.000304*199000000000000000)*EXP(-(5580-680)/(1.987*(A69+273))) -> 2.2681816e+10 | X69: =1-EXP(-W69*$W$1*$F$1*(A69+273)*V69) -> 0.0075118664 | Y69: =R69/(X69) -> 21.561147 | Z69: =(((S69/R69)*Y69)^2+(Y69*0.1)^2)^0.5 -> 2.2184866 | AA69: =AA70+R69 -> 20.873303 | AB69: =(S69^2+AB70^2)^0.5 -> 2.1356954 | AE69: =0.2*AA69/($D$89-T69) -> 0.010089875
A70: 23.6 | B70: Diff Cell | C70: 15 | D70: 25C | E70: 45239.272 | F70: 601.49376 | G70: 7892.6884 | H70: 247.71705 | I70: =H70/G70 -> 0.031385637 | J70: 0.10391 | K70: 0.09851 | L70: =(((E70-STDs!$F$13)/STDs!$E$13)*STDs!$G$14)+((1-((E70-STDs!$F$13)/STDs!$E$13)))*STDs!$G$13 -> 3.2399432 | M70: =(((E70-STDs!$F$13)/STDs!$E$13)*STDs!$H$14)+((1-((E70-STDs!$F$13)/STDs!$E$13))*STDs!$H$13) -> 0.076336657 | N70: =I70*L70 -> 0.10168768 | O70: =(M70/L70)*N70 -> 0.0023958746 | P70: =(((E70-STDs!$F$13)/STDs!$E$13)*STDs!$I$14)+((1-((E70-STDs!$F$13)/STDs!$E$13))*STDs!$I$13) -> 0.0053612402 | Q70: =(((E70-STDs!$F$13)/STDs!$E$13)*STDs!$J$14)+((1-((E70-STDs!$F$13)/STDs!$E$13))*STDs!$J$13) -> 0.0003666039 | R70: =N70-P70 -> 0.09632644 | S70: =(O70^2+Q70^2)^0.5 -> 0.0024237602 | T70: =R70+T69 -> 203.90481 | U70: =(S70^2+U69^2)^0.5 -> 1.4733013 | V70: =((E70-E69)*24*3600)-(5*60) -> 3253 | W70: =(0.000304*199000000000000000)*EXP(-(5580-680)/(1.987*(A70+273))) -> 1.4820423e+10 | X70: =1-EXP(-W70*$W$1*$F$1*(A70+273)*V70) -> 0.0046509037 | Y70: =R70/(X70) -> 20.711338 | Z70: =(((S70/R70)*Y70)^2+(Y70*0.1)^2)^0.5 -> 2.1356918 | AA70: =Y70 -> 20.711338 | AB70: =Z70 -> 2.1356918 | AE70: =0.2*AA70/($D$89-T70) -> 0.010013915
A71: 340.4 | B71: Diff Cell | C71: 60 | D71: 340C | E71: 45239.345 | F71: 630.70356 | G71: 7769.2456 | H71: 35462.488 | I71: =H71/G71 -> 4.5644699 | J71: 15.111013 | K71: 15.105613 | L71: =(((E71-STDs!$F$13)/STDs!$E$13)*STDs!$G$14)+((1-((E71-STDs!$F$13)/STDs!$E$13)))*STDs!$G$13 -> 3.2386906 | M71: =(((E71-STDs!$F$13)/STDs!$E$13)*STDs!$H$14)+((1-((E71-STDs!$F$13)/STDs!$E$13))*STDs!$H$13) -> 0.077542644 | N71: =I71*L71 -> 14.782906 | O71: =(M71/L71)*N71 -> 0.35394107 | P71: =(((E71-STDs!$F$13)/STDs!$E$13)*STDs!$I$14)+((1-((E71-STDs!$F$13)/STDs!$E$13))*STDs!$I$13) -> 0.0053604717 | Q71: =(((E71-STDs!$F$13)/STDs!$E$13)*STDs!$J$14)+((1-((E71-STDs!$F$13)/STDs!$E$13))*STDs!$J$13) -> 0.00036619931 | R71: =N71-P71 -> 14.777545 | S71: =(O71^2+Q71^2)^0.5 -> 0.35394126 | T71: =R71+T70 -> 218.68236 | U71: =(S71^2+U70^2)^0.5 -> 1.5152198 | V71: =((E71-E70)*24*3600)-(5*60) -> 6043 | W71: =(0.000304*199000000000000000)*EXP(-(5580-680)/(1.987*(A71+273))) -> 1.0857972e+12 | AA71: =AA70-R70 -> 20.615012 | AB71: =(AB70^2+S70^2)^0.5 -> 2.1356932 | AC71: =R71+AA72-AA71 -> 7.4056558 | AD71: =(S71^2+AB71^2+AB72^2)^0.5 -> 2.5574779 | AE71: =0.2*AA71/($D$89-T71) -> 0.010336613
A72: 40 | B72: Diff Cell | C72: 15 | D72: 25C | E72: 45239.386 | F72: 576.89445 | G72: 7889.1263 | H72: 263.65951 | I72: =H72/G72 -> 0.033420622 | J72: 0.110646 | K72: 0.105246 | L72: =(((E72-STDs!$F$13)/STDs!$E$13)*STDs!$G$14)+((1-((E72-STDs!$F$13)/STDs!$E$13)))*STDs!$G$13 -> 3.2379898 | M72: =(((E72-STDs!$F$13)/STDs!$E$13)*STDs!$H$14)+((1-((E72-STDs!$F$13)/STDs!$E$13))*STDs!$H$13) -> 0.078217412 | N72: =I72*L72 -> 0.10821563 | O72: =(M72/L72)*N72 -> 0.0026140745 | P72: =(((E72-STDs!$F$13)/STDs!$E$13)*STDs!$I$14)+((1-((E72-STDs!$F$13)/STDs!$E$13))*STDs!$I$13) -> 0.0053600417 | Q72: =(((E72-STDs!$F$13)/STDs!$E$13)*STDs!$J$14)+((1-((E72-STDs!$F$13)/STDs!$E$13))*STDs!$J$13) -> 0.00036597294 | R72: =N72-P72 -> 0.10285559 | S72: =(O72^2+Q72^2)^0.5 -> 0.0026395685 | T72: =R72+T71 -> 218.78522 | U72: =(S72^2+U71^2)^0.5 -> 1.5152221 | V72: =((E72-E71)*24*3600)-(5*60) -> 3249 | W72: =(0.000304*199000000000000000)*EXP(-(5580-680)/(1.987*(A72+273))) -> 2.2911639e+10 | X72: =1-EXP(-W72*$W$1*$F$1*(A72+273)*V72) -> 0.0075672001 | Y72: =R72/(X72) -> 13.592292 | Z72: =(((S72/R72)*Y72)^2+(Y72*0.1)^2)^0.5 -> 1.4032738 | AA72: =AA73+R72 -> 13.243122 | AB72: =(S72^2+AB73^2)^0.5 -> 1.3617023 | AE72: =0.2*AA72/($D$89-T72) -> 0.0066419722
A73: 23.5 | B73: Diff Cell | C73: 15 | D73: 25C | E73: 45239.428 | F73: 587.33747 | G73: 7875.2554 | H73: 161.47077 | I73: =H73/G73 -> 0.02050356 | J73: 0.067881 | K73: 0.062481 | L73: =(((E73-STDs!$F$13)/STDs!$E$13)*STDs!$G$14)+((1-((E73-STDs!$F$13)/STDs!$E$13)))*STDs!$G$13 -> 3.2372872 | M73: =(((E73-STDs!$F$13)/STDs!$E$13)*STDs!$H$14)+((1-((E73-STDs!$F$13)/STDs!$E$13))*STDs!$H$13) -> 0.07889389 | N73: =I73*L73 -> 0.066375913 | O73: =(M73/L73)*N73 -> 0.0016176056 | P73: =(((E73-STDs!$F$13)/STDs!$E$13)*STDs!$I$14)+((1-((E73-STDs!$F$13)/STDs!$E$13))*STDs!$I$13) -> 0.0053596107 | Q73: =(((E73-STDs!$F$13)/STDs!$E$13)*STDs!$J$14)+((1-((E73-STDs!$F$13)/STDs!$E$13))*STDs!$J$13) -> 0.00036574599 | R73: =N73-P73 -> 0.061016303 | S73: =(O73^2+Q73^2)^0.5 -> 0.0016584384 | T73: =R73+T72 -> 218.84623 | U73: =(S73^2+U72^2)^0.5 -> 1.515223 | V73: =((E73-E72)*24*3600)-(5*60) -> 3258 | W73: =(0.000304*199000000000000000)*EXP(-(5580-680)/(1.987*(A73+273))) -> 1.4778923e+10 | X73: =1-EXP(-W73*$W$1*$F$1*(A73+273)*V73) -> 0.00464346 | Y73: =R73/(X73) -> 13.140267 | Z73: =(((S73/R73)*Y73)^2+(Y73*0.1)^2)^0.5 -> 1.3616998 | AA73: =Y73 -> 13.140267 | AB73: =Z73 -> 1.3616998 | AE73: =0.2*AA73/($D$89-T73) -> 0.0065913944
A74: 325.2 | B74: Diff Cell | C74: 100 | D74: 325C | E74: 45239.529 | F74: 598.65241 | G74: 7757.2451 | H74: 29671.75 | I74: =H74/G74 -> 3.8250371 | J74: 12.663252 | K74: 12.657851 | L74: =(((E74-STDs!$F$13)/STDs!$E$13)*STDs!$G$14)+((1-((E74-STDs!$F$13)/STDs!$E$13)))*STDs!$G$13 -> 3.2355611 | M74: =(((E74-STDs!$F$13)/STDs!$E$13)*STDs!$H$14)+((1-((E74-STDs!$F$13)/STDs!$E$13))*STDs!$H$13) -> 0.080555806 | N74: =I74*L74 -> 12.376141 | O74: =(M74/L74)*N74 -> 0.30812894 | P74: =(((E74-STDs!$F$13)/STDs!$E$13)*STDs!$I$14)+((1-((E74-STDs!$F$13)/STDs!$E$13))*STDs!$I$13) -> 0.0053585516 | Q74: =(((E74-STDs!$F$13)/STDs!$E$13)*STDs!$J$14)+((1-((E74-STDs!$F$13)/STDs!$E$13))*STDs!$J$13) -> 0.00036518844 | R74: =N74-P74 -> 12.370783 | S74: =(O74^2+Q74^2)^0.5 -> 0.30812916 | T74: =R74+T73 -> 231.21701 | U74: =(S74^2+U73^2)^0.5 -> 1.5462356 | V74: =((E74-E73)*24*3600)-(5*60) -> 8441 | W74: =(0.000304*199000000000000000)*EXP(-(5580-680)/(1.987*(A74+273))) -> 9.8035684e+11 | AA74: =AA73-R73 -> 13.07925 | AB74: =(AB73^2+S73^2)^0.5 -> 1.3617008 | AC74: =R74+AA75-AA74 -> 6.7885434 | AD74: =(S74^2+AB74^2+AB75^2)^0.5 -> 1.5986132 | AE74: =0.2*AA74/($D$89-T74) -> 0.0067708675
A75: 40.1 | B75: Diff Cell | C75: 15 | D75: 25C | E75: 45239.57 | F75: 562.51623 | G75: 7883.6072 | H75: 156.5545 | I75: =H75/G75 -> 0.019858232 | J75: 0.065744 | K75: 0.060344 | L75: =(((E75-STDs!$F$13)/STDs!$E$13)*STDs!$G$14)+((1-((E75-STDs!$F$13)/STDs!$E$13)))*STDs!$G$13 -> 3.2348601 | M75: =(((E75-STDs!$F$13)/STDs!$E$13)*STDs!$H$14)+((1-((E75-STDs!$F$13)/STDs!$E$13))*STDs!$H$13) -> 0.081230764 | N75: =I75*L75 -> 0.064238604 | O75: =(M75/L75)*N75 -> 0.0016130994 | P75: =(((E75-STDs!$F$13)/STDs!$E$13)*STDs!$I$14)+((1-((E75-STDs!$F$13)/STDs!$E$13))*STDs!$I$13) -> 0.0053581215 | Q75: =(((E75-STDs!$F$13)/STDs!$E$13)*STDs!$J$14)+((1-((E75-STDs!$F$13)/STDs!$E$13))*STDs!$J$13) -> 0.000364962 | R75: =N75-P75 -> 0.058880482 | S75: =(O75^2+Q75^2)^0.5 -> 0.0016538703 | T75: =R75+T74 -> 231.2759 | U75: =(S75^2+U74^2)^0.5 -> 1.5462365 | V75: =((E75-E74)*24*3600)-(5*60) -> 3250 | W75: =(0.000304*199000000000000000)*EXP(-(5580-680)/(1.987*(A75+273))) -> 2.2969365e+10 | X75: =1-EXP(-W75*$W$1*$F$1*(A75+273)*V75) -> 0.0075909345 | Y75: =R75/(X75) -> 7.7566842 | Z75: =(((S75/R75)*Y75)^2+(Y75*0.1)^2)^0.5 -> 0.80568651 | AA75: =AA76+R75 -> 7.497011 | AB75: =(S75^2+AB76^2)^0.5 -> 0.77871137 | AE75: =0.2*AA75/($D$89-T75) -> 0.0038816449
A76: 24 | B76: Diff Cell | C76: 15 | D76: 25C | E76: 45239.611 | F76: 569.88942 | G76: 7891.9865 | H76: 98.684401 | I76: =H76/G76 -> 0.01250438 | J76: 0.041397 | K76: 0.035996 | L76: =(((E76-STDs!$F$13)/STDs!$E$13)*STDs!$G$14)+((1-((E76-STDs!$F$13)/STDs!$E$13)))*STDs!$G$13 -> 3.2341575 | M76: =(((E76-STDs!$F$13)/STDs!$E$13)*STDs!$H$14)+((1-((E76-STDs!$F$13)/STDs!$E$13))*STDs!$H$13) -> 0.081907242 | N76: =I76*L76 -> 0.040441136 | O76: =(M76/L76)*N76 -> 0.0010241993 | P76: =(((E76-STDs!$F$13)/STDs!$E$13)*STDs!$I$14)+((1-((E76-STDs!$F$13)/STDs!$E$13))*STDs!$I$13) -> 0.0053576905 | Q76: =(((E76-STDs!$F$13)/STDs!$E$13)*STDs!$J$14)+((1-((E76-STDs!$F$13)/STDs!$E$13))*STDs!$J$13) -> 0.00036473506 | R76: =N76-P76 -> 0.035083445 | S76: =(O76^2+Q76^2)^0.5 -> 0.0010872055 | T76: =R76+T75 -> 231.31098 | U76: =(S76^2+U75^2)^0.5 -> 1.5462368 | V76: =((E76-E75)*24*3600)-(5*60) -> 3258 | W76: =(0.000304*199000000000000000)*EXP(-(5580-680)/(1.987*(A76+273))) -> 1.4987311e+10 | X76: =1-EXP(-W76*$W$1*$F$1*(A76+273)*V76) -> 0.004716702 | Y76: =R76/(X76) -> 7.4381305 | Z76: =(((S76/R76)*Y76)^2+(Y76*0.1)^2)^0.5 -> 0.77870962 | AA76: =Y76 -> 7.4381305 | AB76: =Z76 -> 0.77870962 | AE76: =0.2*AA76/($D$89-T76) -> 0.0038515088
A77: 400.1 | B77: Diff Cell | C77: 240 | D77: 400C | E77: 45239.809 | F77: 911.09241 | G77: 8354.8895 | H77: 261381.55 | I77: =H77/G77 -> 31.28486 | J77: 103.53031 | K77: 103.52491 | L77: =(((E77-STDs!$F$13)/STDs!$E$13)*STDs!$G$14)+((1-((E77-STDs!$F$13)/STDs!$E$13)))*STDs!$G$13 -> 3.2307751 | M77: =(((E77-STDs!$F$13)/STDs!$E$13)*STDs!$H$14)+((1-((E77-STDs!$F$13)/STDs!$E$13))*STDs!$H$13) -> 0.085163959 | N77: =I77*L77 -> 101.07435 | O77: =(M77/L77)*N77 -> 2.6643425 | P77: =(((E77-STDs!$F$13)/STDs!$E$13)*STDs!$I$14)+((1-((E77-STDs!$F$13)/STDs!$E$13))*STDs!$I$13) -> 0.0053556152 | Q77: =(((E77-STDs!$F$13)/STDs!$E$13)*STDs!$J$14)+((1-((E77-STDs!$F$13)/STDs!$E$13))*STDs!$J$13) -> 0.00036364248 | R77: =N77-P77 -> 101.06899 | S77: =(O77^2+Q77^2)^0.5 -> 2.6643425 | T77: =R77+T76 -> 332.37997 | U77: =(S77^2+U76^2)^0.5 -> 3.0805145 | V77: =((E77-E76)*24*3600)-(5*60) -> 16829 | W77: =(0.000304*199000000000000000)*EXP(-(5580-680)/(1.987*(A77+273))) -> 1.5509817e+12 | AA77: =AA76-R76 -> 7.4030471 | AB77: =(AB76^2+S76^2)^0.5 -> 0.77871037 | AC77: =R77+AA78-AA77 -> 109.98923 | AD77: =(S77^2+AB77^2+AB78^2)^0.5 -> 3.2490485 | AE77: =0.2*AA77/($D$89-T77) -> 0.005191914
A78: 34.9 | B78: Diff Cell | C78: 15 | D78: 25C | E78: 45239.85 | F78: 556.11445 | G78: 7747.7982 | H78: 275.74168 | I78: =H78/G78 -> 0.035589683 | J78: 0.117816 | K78: 0.112416 | L78: =(((E78-STDs!$F$13)/STDs!$E$13)*STDs!$G$14)+((1-((E78-STDs!$F$13)/STDs!$E$13)))*STDs!$G$13 -> 3.2300749 | M78: =(((E78-STDs!$F$13)/STDs!$E$13)*STDs!$H$14)+((1-((E78-STDs!$F$13)/STDs!$E$13))*STDs!$H$13) -> 0.085838156 | N78: =I78*L78 -> 0.11495734 | O78: =(M78/L78)*N78 -> 0.0030549528 | P78: =(((E78-STDs!$F$13)/STDs!$E$13)*STDs!$I$14)+((1-((E78-STDs!$F$13)/STDs!$E$13))*STDs!$I$13) -> 0.0053551856 | Q78: =(((E78-STDs!$F$13)/STDs!$E$13)*STDs!$J$14)+((1-((E78-STDs!$F$13)/STDs!$E$13))*STDs!$J$13) -> 0.0003634163 | R78: =N78-P78 -> 0.10960216 | S78: =(O78^2+Q78^2)^0.5 -> 0.0030764928 | T78: =R78+T77 -> 332.48957 | U78: =(S78^2+U77^2)^0.5 -> 3.080516 | V78: =((E78-E77)*24*3600)-(5*60) -> 3246 | W78: =(0.000304*199000000000000000)*EXP(-(5580-680)/(1.987*(A78+273))) -> 2.0108525e+10 | X78: =1-EXP(-W78*$W$1*$F$1*(A78+273)*V78) -> 0.0065305518 | Y78: =R78/(X78) -> 16.782986 | Z78: =(((S78/R78)*Y78)^2+(Y78*0.1)^2)^0.5 -> 1.7431621 | AA78: =AA79+R78 -> 16.323287 | AB78: =(S78^2+AB79^2)^0.5 -> 1.6885512 | AE78: =0.2*AA78/($D$89-T78) -> 0.011452269
A79: 23.8 | B79: Diff Cell | C79: 15 | D79: 25C | E79: 45239.891 | F79: 564.47554 | G79: 7757.4846 | H79: 194.64074 | I79: =H79/G79 -> 0.025090702 | J79: 0.083059 | K79: 0.077659 | L79: =(((E79-STDs!$F$13)/STDs!$E$13)*STDs!$G$14)+((1-((E79-STDs!$F$13)/STDs!$E$13)))*STDs!$G$13 -> 3.2293751 | M79: =(((E79-STDs!$F$13)/STDs!$E$13)*STDs!$H$14)+((1-((E79-STDs!$F$13)/STDs!$E$13))*STDs!$H$13) -> 0.086511973 | N79: =I79*L79 -> 0.081027288 | O79: =(M79/L79)*N79 -> 0.0021706461 | P79: =(((E79-STDs!$F$13)/STDs!$E$13)*STDs!$I$14)+((1-((E79-STDs!$F$13)/STDs!$E$13))*STDs!$I$13) -> 0.0053547562 | Q79: =(((E79-STDs!$F$13)/STDs!$E$13)*STDs!$J$14)+((1-((E79-STDs!$F$13)/STDs!$E$13))*STDs!$J$13) -> 0.00036319024 | R79: =N79-P79 -> 0.075672532 | S79: =(O79^2+Q79^2)^0.5 -> 0.0022008207 | T79: =R79+T78 -> 332.56524 | U79: =(S79^2+U78^2)^0.5 -> 3.0805168 | V79: =((E79-E78)*24*3600)-(5*60) -> 3244 | W79: =(0.000304*199000000000000000)*EXP(-(5580-680)/(1.987*(A79+273))) -> 1.490369e+10 | X79: =1-EXP(-W79*$W$1*$F$1*(A79+273)*V79) -> 0.0046672012 | Y79: =R79/(X79) -> 16.213685 | Z79: =(((S79/R79)*Y79)^2+(Y79*0.1)^2)^0.5 -> 1.6885484 | AA79: =Y79 -> 16.213685 | AB79: =Z79 -> 1.6885484 | AE79: =0.2*AA79/($D$89-T79) -> 0.011378394
A80: 350.3 | B80: Diff Cell | C80: 90 | D80: 350C | E80: 45239.985 | F80: 593.08713 | G80: 7630.4562 | H80: 35186.498 | I80: =H80/G80 -> 4.6113229 | J80: 15.267081 | K80: 15.261681 | L80: =(((E80-STDs!$F$13)/STDs!$E$13)*STDs!$G$14)+((1-((E80-STDs!$F$13)/STDs!$E$13)))*STDs!$G$13 -> 3.2277689 | M80: =(((E80-STDs!$F$13)/STDs!$E$13)*STDs!$H$14)+((1-((E80-STDs!$F$13)/STDs!$E$13))*STDs!$H$13) -> 0.088058481 | N80: =I80*L80 -> 14.884284 | O80: =(M80/L80)*N80 -> 0.40606609 | P80: =(((E80-STDs!$F$13)/STDs!$E$13)*STDs!$I$14)+((1-((E80-STDs!$F$13)/STDs!$E$13))*STDs!$I$13) -> 0.0053537707 | Q80: =(((E80-STDs!$F$13)/STDs!$E$13)*STDs!$J$14)+((1-((E80-STDs!$F$13)/STDs!$E$13))*STDs!$J$13) -> 0.00036267142 | R80: =N80-P80 -> 14.878931 | S80: =(O80^2+Q80^2)^0.5 -> 0.40606625 | T80: =R80+T79 -> 347.44418 | U80: =(S80^2+U79^2)^0.5 -> 3.1071649 | V80: =((E80-E79)*24*3600)-(5*60) -> 7834 | W80: =(0.000304*199000000000000000)*EXP(-(5580-680)/(1.987*(A80+273))) -> 1.1573919e+12 | AA80: =AA79-R79 -> 16.138013 | AB80: =(AB79^2+S79^2)^0.5 -> 1.6885498 | AC80: =R80+AA81-AA80 -> 5.8007598 | AD80: =(S80^2+AB80^2+AB81^2)^0.5 -> 1.8876885 | AE80: =0.2*AA80/($D$89-T80) -> 0.011949135
A81: 39.5 | B81: Diff Cell | C81: 15 | D81: 25C | E81: 45240.027 | F81: 552.61158 | G81: 7746.4193 | H81: 148.96949 | I81: =H81/G81 -> 0.019230755 | J81: 0.063664 | K81: 0.058264 | L81: =(((E81-STDs!$F$13)/STDs!$E$13)*STDs!$G$14)+((1-((E81-STDs!$F$13)/STDs!$E$13)))*STDs!$G$13 -> 3.2270542 | M81: =(((E81-STDs!$F$13)/STDs!$E$13)*STDs!$H$14)+((1-((E81-STDs!$F$13)/STDs!$E$13))*STDs!$H$13) -> 0.088746557 | N81: =I81*L81 -> 0.06205869 | O81: =(M81/L81)*N81 -> 0.0017066633 | P81: =(((E81-STDs!$F$13)/STDs!$E$13)*STDs!$I$14)+((1-((E81-STDs!$F$13)/STDs!$E$13))*STDs!$I$13) -> 0.0053533323 | Q81: =(((E81-STDs!$F$13)/STDs!$E$13)*STDs!$J$14)+((1-((E81-STDs!$F$13)/STDs!$E$13))*STDs!$J$13) -> 0.00036244058 | R81: =N81-P81 -> 0.056705358 | S81: =(O81^2+Q81^2)^0.5 -> 0.0017447243 | T81: =R81+T80 -> 347.50088 | U81: =(S81^2+U80^2)^0.5 -> 3.1071654 | V81: =((E81-E80)*24*3600)-(5*60) -> 3319 | W81: =(0.000304*199000000000000000)*EXP(-(5580-680)/(1.987*(A81+273))) -> 2.262463e+10 | X81: =1-EXP(-W81*$W$1*$F$1*(A81+273)*V81) -> 0.0076210009 | Y81: =R81/(X81) -> 7.4406707 | Z81: =(((S81/R81)*Y81)^2+(Y81*0.1)^2)^0.5 -> 0.77849063 | AA81: =AA82+R81 -> 7.0598418 | AB81: =(S81^2+AB82^2)^0.5 -> 0.73978213 | AE81: =0.2*AA81/($D$89-T81) -> 0.0052284451
A82: 24 | B82: Diff Cell | C82: 15 | D82: 25C | E82: 45240.068 | F82: 558.17717 | G82: 7767.8527 | H82: 92.220975 | I82: =H82/G82 -> 0.011872132 | J82: 0.039301 | K82: 0.033901 | L82: =(((E82-STDs!$F$13)/STDs!$E$13)*STDs!$G$14)+((1-((E82-STDs!$F$13)/STDs!$E$13)))*STDs!$G$13 -> 3.2263532 | M82: =(((E82-STDs!$F$13)/STDs!$E$13)*STDs!$H$14)+((1-((E82-STDs!$F$13)/STDs!$E$13))*STDs!$H$13) -> 0.089421514 | N82: =I82*L82 -> 0.038303692 | O82: =(M82/L82)*N82 -> 0.001061624 | P82: =(((E82-STDs!$F$13)/STDs!$E$13)*STDs!$I$14)+((1-((E82-STDs!$F$13)/STDs!$E$13))*STDs!$I$13) -> 0.0053529022 | Q82: =(((E82-STDs!$F$13)/STDs!$E$13)*STDs!$J$14)+((1-((E82-STDs!$F$13)/STDs!$E$13))*STDs!$J$13) -> 0.00036221414 | R82: =N82-P82 -> 0.03295079 | S82: =(O82^2+Q82^2)^0.5 -> 0.0011217151 | T82: =R82+T81 -> 347.53383 | U82: =(S82^2+U81^2)^0.5 -> 3.1071656 | V82: =((E82-E81)*24*3600)-(5*60) -> 3250 | W82: =(0.000304*199000000000000000)*EXP(-(5580-680)/(1.987*(A82+273))) -> 1.4987311e+10 | X82: =1-EXP(-W82*$W$1*$F$1*(A82+273)*V82) -> 0.0047051475 | Y82: =R82/(X82) -> 7.0031364 | Z82: =(((S82/R82)*Y82)^2+(Y82*0.1)^2)^0.5 -> 0.73978007 | AA82: =Y82 -> 7.0031364 | AB82: =Z82 -> 0.73978007 | AE82: =0.2*AA82/($D$89-T82) -> 0.0051870826
A83: 400.4 | B83: Diff Cell | C83: 60 | D83: 400C | E83: 45240.142 | F83: 593.66144 | G83: 7636.9537 | H83: 33670.959 | I83: =H83/G83 -> 4.4089516 | J83: 14.596531 | K83: 14.591131 | L83: =(((E83-STDs!$F$13)/STDs!$E$13)*STDs!$G$14)+((1-((E83-STDs!$F$13)/STDs!$E$13)))*STDs!$G$13 -> 3.2251013 | M83: =(((E83-STDs!$F$13)/STDs!$E$13)*STDs!$H$14)+((1-((E83-STDs!$F$13)/STDs!$E$13))*STDs!$H$13) -> 0.090626931 | N83: =I83*L83 -> 14.219315 | O83: =(M83/L83)*N83 -> 0.39956975 | P83: =(((E83-STDs!$F$13)/STDs!$E$13)*STDs!$I$14)+((1-((E83-STDs!$F$13)/STDs!$E$13))*STDs!$I$13) -> 0.0053521341 | Q83: =(((E83-STDs!$F$13)/STDs!$E$13)*STDs!$J$14)+((1-((E83-STDs!$F$13)/STDs!$E$13))*STDs!$J$13) -> 0.00036180974 | R83: =N83-P83 -> 14.213963 | S83: =(O83^2+Q83^2)^0.5 -> 0.39956992 | T83: =R83+T82 -> 361.74779 | U83: =(S83^2+U82^2)^0.5 -> 3.1327518 | V83: =((E83-E82)*24*3600)-(5*60) -> 6040 | W83: =(0.000304*199000000000000000)*EXP(-(5580-680)/(1.987*(A83+273))) -> 1.5535152e+12 | AA83: =AA82-R82 -> 6.9701856 | AB83: =(AB82^2+S82^2)^0.5 -> 0.73978092 | AC83: =R83+AA84-AA83 -> 18.117517 | AD83: =(S83^2+AB83^2+AB84^2)^0.5 -> 1.4114443 | AE83: =0.2*AA83/($D$89-T83) -> 0.0054495403
A84: 40.4 | B84: Diff Cell | C84: 15 | D84: 25C | E84: 45240.183 | F84: 554.45045 | G84: 7764.5014 | H84: 221.41537 | I84: =H84/G84 -> 0.028516367 | J84: 0.094406 | K84: 0.089006 | L84: =(((E84-STDs!$F$13)/STDs!$E$13)*STDs!$G$14)+((1-((E84-STDs!$F$13)/STDs!$E$13)))*STDs!$G$13 -> 3.2243997 | M84: =(((E84-STDs!$F$13)/STDs!$E$13)*STDs!$H$14)+((1-((E84-STDs!$F$13)/STDs!$E$13))*STDs!$H$13) -> 0.091302459 | N84: =I84*L84 -> 0.091948165 | O84: =(M84/L84)*N84 -> 0.0026036144 | P84: =(((E84-STDs!$F$13)/STDs!$E$13)*STDs!$I$14)+((1-((E84-STDs!$F$13)/STDs!$E$13))*STDs!$I$13) -> 0.0053517036 | Q84: =(((E84-STDs!$F$13)/STDs!$E$13)*STDs!$J$14)+((1-((E84-STDs!$F$13)/STDs!$E$13))*STDs!$J$13) -> 0.00036158311 | R84: =N84-P84 -> 0.086596461 | S84: =(O84^2+Q84^2)^0.5 -> 0.0026286024 | T84: =R84+T83 -> 361.83439 | U84: =(S84^2+U83^2)^0.5 -> 3.1327529 | V84: =((E84-E83)*24*3600)-(5*60) -> 3253 | W84: =(0.000304*199000000000000000)*EXP(-(5580-680)/(1.987*(A84+273))) -> 2.3143195e+10 | X84: =1-EXP(-W84*$W$1*$F$1*(A84+273)*V84) -> 0.0076625012 | Y84: =R84/(X84) -> 11.301331 | Z84: =(((S84/R84)*Y84)^2+(Y84*0.1)^2)^0.5 -> 1.1810514 | AA84: =AA85+R84 -> 10.87374 | AB84: =(S84^2+AB85^2)^0.5 -> 1.1336856 | AE84: =0.2*AA84/($D$89-T84) -> 0.0085043573
A85: 24 | B85: Diff Cell | C85: 15 | D85: 25C | E85: 45240.224 | F85: 560.23857 | G85: 7774.0171 | H85: 135.45202 | I85: =H85/G85 -> 0.017423684 | J85: 0.057683 | K85: 0.052283 | L85: =(((E85-STDs!$F$13)/STDs!$E$13)*STDs!$G$14)+((1-((E85-STDs!$F$13)/STDs!$E$13)))*STDs!$G$13 -> 3.2236979 | M85: =(((E85-STDs!$F$13)/STDs!$E$13)*STDs!$H$14)+((1-((E85-STDs!$F$13)/STDs!$E$13))*STDs!$H$13) -> 0.091978177 | N85: =I85*L85 -> 0.056168693 | O85: =(M85/L85)*N85 -> 0.0016025987 | P85: =(((E85-STDs!$F$13)/STDs!$E$13)*STDs!$I$14)+((1-((E85-STDs!$F$13)/STDs!$E$13))*STDs!$I$13) -> 0.005351273 | Q85: =(((E85-STDs!$F$13)/STDs!$E$13)*STDs!$J$14)+((1-((E85-STDs!$F$13)/STDs!$E$13))*STDs!$J$13) -> 0.00036135642 | R85: =N85-P85 -> 0.05081742 | S85: =(O85^2+Q85^2)^0.5 -> 0.0016428332 | T85: =R85+T84 -> 361.88521 | U85: =(S85^2+U84^2)^0.5 -> 3.1327534 | V85: =((E85-E84)*24*3600)-(5*60) -> 3254 | W85: =(0.000304*199000000000000000)*EXP(-(5580-680)/(1.987*(A85+273))) -> 1.4987311e+10 | X85: =1-EXP(-W85*$W$1*$F$1*(A85+273)*V85) -> 0.0047109248 | Y85: =R85/(X85) -> 10.787143 | Z85: =(((S85/R85)*Y85)^2+(Y85*0.1)^2)^0.5 -> 1.1336825 | AA85: =Y85 -> 10.787143 | AB85: =Z85 -> 1.1336825 | AE85: =0.2*AA85/($D$89-T85) -> 0.008438307
A86: 300.2 | B86: Diff Cell | C86: 120 | D86: 300C | E86: 45240.339 | F86: 549.38094 | G86: 7644.5851 | H86: 18172.503 | I86: =H86/G86 -> 2.3771733 | J86: 7.870448 | K86: 7.865048 | L86: =(((E86-STDs!$F$13)/STDs!$E$13)*STDs!$G$14)+((1-((E86-STDs!$F$13)/STDs!$E$13)))*STDs!$G$13 -> 3.2217384 | M86: =(((E86-STDs!$F$13)/STDs!$E$13)*STDs!$H$14)+((1-((E86-STDs!$F$13)/STDs!$E$13))*STDs!$H$13) -> 0.093864825 | N86: =I86*L86 -> 7.6586304 | O86: =(M86/L86)*N86 -> 0.22313295 | P86: =(((E86-STDs!$F$13)/STDs!$E$13)*STDs!$I$14)+((1-((E86-STDs!$F$13)/STDs!$E$13))*STDs!$I$13) -> 0.0053500708 | Q86: =(((E86-STDs!$F$13)/STDs!$E$13)*STDs!$J$14)+((1-((E86-STDs!$F$13)/STDs!$E$13))*STDs!$J$13) -> 0.00036072348 | R86: =N86-P86 -> 7.6532803 | S86: =(O86^2+Q86^2)^0.5 -> 0.22313325 | T86: =R86+T85 -> 369.53849 | U86: =(S86^2+U85^2)^0.5 -> 3.1406898 | V86: =((E86-E85)*24*3600)-(5*60) -> 9623 | W86: =(0.000304*199000000000000000)*EXP(-(5580-680)/(1.987*(A86+273))) -> 8.1902803e+11 | AA86: =AA85-R85 -> 10.736326 | AB86: =(AB85^2+S85^2)^0.5 -> 1.1336837 | AC86: =R86+AA87-AA86 -> 0.70246649 | AD86: =(S86^2+AB86^2+AB87^2)^0.5 -> 1.2259902 | AE86: =0.2*AA86/($D$89-T86) -> 0.0086577159
A87: 39.4 | B87: Diff Cell | C87: 15 | D87: 25C | E87: 45240.38 | F87: 529.66327 | G87: 7787.8307 | H87: 83.173969 | I87: =H87/G87 -> 0.010679992 | J87: 0.035356 | K87: 0.029956 | L87: =(((E87-STDs!$F$13)/STDs!$E$13)*STDs!$G$14)+((1-((E87-STDs!$F$13)/STDs!$E$13)))*STDs!$G$13 -> 3.2210352 | M87: =(((E87-STDs!$F$13)/STDs!$E$13)*STDs!$H$14)+((1-((E87-STDs!$F$13)/STDs!$E$13))*STDs!$H$13) -> 0.094541874 | N87: =I87*L87 -> 0.03440063 | O87: =(M87/L87)*N87 -> 0.0010097064 | P87: =(((E87-STDs!$F$13)/STDs!$E$13)*STDs!$I$14)+((1-((E87-STDs!$F$13)/STDs!$E$13))*STDs!$I$13) -> 0.0053496394 | Q87: =(((E87-STDs!$F$13)/STDs!$E$13)*STDs!$J$14)+((1-((E87-STDs!$F$13)/STDs!$E$13))*STDs!$J$13) -> 0.00036049634 | R87: =N87-P87 -> 0.02905099 | S87: =(O87^2+Q87^2)^0.5 -> 0.0010721309 | T87: =R87+T86 -> 369.56754 | U87: =(S87^2+U86^2)^0.5 -> 3.1406899 | V87: =((E87-E86)*24*3600)-(5*60) -> 3261 | W87: =(0.000304*199000000000000000)*EXP(-(5580-680)/(1.987*(A87+273))) -> 2.2567551e+10 | X87: =1-EXP(-W87*$W$1*$F$1*(A87+273)*V87) -> 0.0074671203 | Y87: =R87/(X87) -> 3.8905213 | Z87: =(((S87/R87)*Y87)^2+(Y87*0.1)^2)^0.5 -> 0.41470091 | AA87: =AA88+R87 -> 3.785512 | AB87: =(S87^2+AB88^2)^0.5 -> 0.40990824 | AE87: =0.2*AA87/($D$89-T87) -> 0.0030529743
A88: 23.7 | B88: Diff Cell | C88: 15 | D88: 25C | E88: 45240.421 | F88: 536.05756 | G88: 7776.2996 | H88: 55.367107 | I88: =H88/G88 -> 0.0071199813 | J88: 0.023571 | K88: 0.018171 | L88: =(((E88-STDs!$F$13)/STDs!$E$13)*STDs!$G$14)+((1-((E88-STDs!$F$13)/STDs!$E$13)))*STDs!$G$13 -> 3.2203316 | M88: =(((E88-STDs!$F$13)/STDs!$E$13)*STDs!$H$14)+((1-((E88-STDs!$F$13)/STDs!$E$13))*STDs!$H$13) -> 0.095219303 | N88: =I88*L88 -> 0.022928701 | O88: =(M88/L88)*N88 -> 0.00067795965 | P88: =(((E88-STDs!$F$13)/STDs!$E$13)*STDs!$I$14)+((1-((E88-STDs!$F$13)/STDs!$E$13))*STDs!$I$13) -> 0.0053492077 | Q88: =(((E88-STDs!$F$13)/STDs!$E$13)*STDs!$J$14)+((1-((E88-STDs!$F$13)/STDs!$E$13))*STDs!$J$13) -> 0.00036026908 | R88: =N88-P88 -> 0.017579493 | S88: =(O88^2+Q88^2)^0.5 -> 0.00076773895 | T88: =R88+T87 -> 369.58512 | U88: =(S88^2+U87^2)^0.5 -> 3.14069 | V88: =((E88-E87)*24*3600)-(5*60) -> 3263 | W88: =(0.000304*199000000000000000)*EXP(-(5580-680)/(1.987*(A88+273))) -> 1.4862013e+10 | X88: =1-EXP(-W88*$W$1*$F$1*(A88+273)*V88) -> 0.0046798019 | Y88: =R88/(X88) -> 3.756461 | Z88: =(((S88/R88)*Y88)^2+(Y88*0.1)^2)^0.5 -> 0.40990684 | AA88: =Y88 -> 3.756461 | AB88: =Z88 -> 0.40990684 | AE88: =0.2*AA88/($D$89-T88) -> 0.0030297598
C89: total | D89: =194.2*3.18 -> 617.556 | E89: =0.00002*D89 -> 0.01235112

Sheet Diffusivities
A1: Corrected | C1: Measurements in grey have corrected yields within 2σ of 0 and are not plotted | G1: Σ 4He | H1: 2σ | I1: Fi+1 | J1: 2σ | L1: D<10% | M1: 2σ | N1: D<90% | O1: 2σ | P1: D>90% | Q1: 2σ | R1: D/a^2 | S1: 2σ | T1: 10000/TK | U1: ln(D/a^2) | V1: 2σ | W1: Log(D/a2) | X1: Regression Reference ln(D/a2) | Y1: Delta Regression | AA1: Derivatives for Error Propagation (signs don't matter, terms are squared)
L2: EQ1 | N2: EQ2 | P2: EQ3 | AA2: dEQ1/dF | AB2: dEQ2/dF | AC2: dEQ3/dF
A3: Step | B3: Temp © | C3: Minutes | D3: 4He Corrected (nccSTP) | F3: Seconds | G3: 0 | H3: 0 | I3: 0 | J3: 0 | AA3: 0 | AB3: 0 | AC3: 0
A4: 1 | B4: 100 | C4: 240 | D4: {='Raw Data and Corrections'!AC9:AD9} -> 0.049585314 | E4: 0.23714865 | F4: =60*C4 -> 14400 | G4: =D4+G3 -> 0.049585314 | H4: =E4+H36 -> 0.23714865 | I4: =G4/$G$29 -> 8.0292822e-05 | J4: =2*(((H4/(2*$G$29))^2+($H$29*G4/(2*($G$29^2)))^2)^0.5) -> 0.00038401157 | L4: =((I4^2-I3^2)*PI())/(36*F4) -> 3.9069543e-14 | M4: =2*((((J4/2)*AA4)^2+((J3/2)*AA3)^2)^0.5) -> 3.7371102e-13 | N4: =(1/(PI()*PI()*F4))*(-(I4-I3)*PI()*PI()/3-2*PI()*(SQRT(1-PI()/3*I4)-SQRT(1-PI()/3*I3))) -> 3.9071183e-14 | O4: =2*((((J4/2)*AB4)^2+((J3/2)*AB3)^2)^0.5) -> 3.7373459e-13 | P4: =(1/(PI()^2*F4))*LN((1-I3)/(1-I4)) -> 5.649785e-10 | Q4: =2*((((J4/2)*AC4)^2+((J3/2)*AC3)^2)^0.5) -> 2.7021966e-09 | R4: =(I4<0.05)*L4+((I4>=0.05)*(I4<0.9))*N4+(I4>=0.9)*P4 -> 3.9069543e-14 | S4: =(I4<0.05)*M4+((I4>=0.05)*(I4<0.9))*O4+(I4>=0.9)*Q4 -> 3.7371102e-13 | T4: =10000/(273+B4) -> 26.809651 | U4: =LN(R4) -> -30.873433 | V4: =S4/R4 -> 9.5652776 | W4: =LOG10(R4) -> -13.408162 | X4: =LN(((10^1.5)/(0.015^2))*EXP(-33000/(1.987*(273+B4)))) -> -32.672052 | Y4: =U4-X4 -> 1.7986187 | AA4: =(I4 * PI()) / (18 * F4) -> 9.7317647e-10 | AB4: =(1 / (PI()^2 * F4)) * (PI()^2 / 3 - PI()^2 / (3 * SQRT(1 - (PI() / 3) * I4))) -> -9.7323784e-10 | AC4: =(-1) / (PI()^2 * F4 * (1 - I4)) -> -7.0367583e-06
A5: 2 | B5: 150 | C5: 240 | D5: {='Raw Data and Corrections'!AC13:AD13} -> 0.011125653 | E5: 0.20543141 | F5: =60*C5 -> 14400 | G5: =D5+G4 -> 0.060710967 | H5: =E5+H37 -> 0.20669812 | I5: =G5/$G$29 -> 9.830844e-05 | J5: =2*(((H5/(2*$G$29))^2+($H$29*G5/(2*($G$29^2)))^2)^0.5) -> 0.00033470345 | L5: =((I5^2-I4^2)*PI())/(36*F5) -> 1.9499279e-14 | M5: =2*((((J5/2)*AA5)^2+((J4/2)*AA4)^2)^0.5) -> 5.4654297e-13 | N5: =(1/(PI()*PI()*F5))*(-(I5-I4)*PI()*PI()/3-2*PI()*(SQRT(1-PI()/3*I5)-SQRT(1-PI()/3*I4))) -> 1.9500656e-14 | O5: =2*((((J5/2)*AB5)^2+((J4/2)*AB4)^2)^0.5) -> 5.4658156e-13 | P5: =(1/(PI()^2*F5))*LN((1-I4)/(1-I5)) -> 1.2677269e-10 | Q5: =2*((((J5/2)*AC5)^2+((J4/2)*AC4)^2)^0.5) -> 3.5845727e-09 | R5: =(I5<0.05)*L5+((I5>=0.05)*(I5<0.9))*N5+(I5>=0.9)*P5 -> 1.9499279e-14 | S5: =(I5<0.05)*M5+((I5>=0.05)*(I5<0.9))*O5+(I5>=0.9)*Q5 -> 5.4654297e-13 | T5: =10000/(273+B5) -> 23.640662 | U5: =LN(R5) -> -31.568399 | V5: =S5/R5 -> 28.028881 | W5: =LOG10(R5) -> -13.709981 | X5: =LN(((10^1.5)/(0.015^2))*EXP(-33000/(1.987*(273+B5)))) -> -27.409009 | Y5: =U5-X5 -> -4.1593896 | AA5: =(I5 * PI()) / (18 * F5) -> 1.1915319e-09 | AB5: =(1 / (PI()^2 * F5)) * (PI()^2 / 3 - PI()^2 / (3 * SQRT(1 - (PI() / 3) * I5))) -> -1.1916239e-09 | AC5: =(-1) / (PI()^2 * F5 * (1 - I5)) -> -7.0368851e-06
A6: 3 | B6: 200.1 | C6: 240 | D6: {='Raw Data and Corrections'!AC17:AD17} -> 1.6418389 | E6: 0.2316491 | F6: =60*C6 -> 14400 | G6: =D6+G5 -> 1.7025499 | H6: =E6+H38 -> 0.23438468 | I6: =G6/$G$29 -> 0.0027569157 | J6: =2*(((H6/(2*$G$29))^2+($H$29*G6/(2*($G$29^2)))^2)^0.5) -> 0.00037953591 | L6: =((I6^2-I5^2)*PI())/(36*F6) -> 4.6002273e-11 | M6: =2*((((J6/2)*AA6)^2+((J5/2)*AA5)^2)^0.5) -> 1.2688371e-11 | N6: =(1/(PI()*PI()*F6))*(-(I6-I5)*PI()*PI()/3-2*PI()*(SQRT(1-PI()/3*I6)-SQRT(1-PI()/3*I5))) -> 4.6068879e-11 | O6: =2*((((J6/2)*AB6)^2+((J5/2)*AB5)^2)^0.5) -> 1.2715885e-11 | P6: =(1/(PI()^2*F6))*LN((1-I5)/(1-I6)) -> 1.873323e-08 | Q6: =2*((((J6/2)*AC6)^2+((J5/2)*AC5)^2)^0.5) -> 3.5662708e-09 | R6: =(I6<0.05)*L6+((I6>=0.05)*(I6<0.9))*N6+(I6>=0.9)*P6 -> 4.6002273e-11 | S6: =(I6<0.05)*M6+((I6>=0.05)*(I6<0.9))*O6+(I6>=0.9)*Q6 -> 1.2688371e-11 | T6: =10000/(273+B6) -> 21.13718 | U6: =LN(R6) -> -23.80233 | V6: =S6/R6 -> 0.27582053 | W6: =LOG10(R6) -> -10.337221 | X6: =LN(((10^1.5)/(0.015^2))*EXP(-33000/(1.987*(273+B6)))) -> -23.251239 | Y6: =U6-X6 -> -0.55109119 | AA6: =(I6 * PI()) / (18 * F6) -> 3.3414762e-08 | AB6: =(1 / (PI()^2 * F6)) * (PI()^2 / 3 - PI()^2 / (3 * SQRT(1 - (PI() / 3) * I6))) -> -3.3487288e-08 | AC6: =(-1) / (PI()^2 * F6 * (1 - I6)) -> -7.0556451e-06
A7: 4 | B7: 250.2 | C7: 60 | D7: {='Raw Data and Corrections'!AC21:AD21} -> 3.6974788 | E7: 0.47601417 | F7: =60*C7 -> 3600 | G7: =D7+G6 -> 5.4000287 | H7: =E7+H39 -> 0.48492735 | I7: =G7/$G$29 -> 0.0087441927 | J7: =2*(((H7/(2*$G$29))^2+($H$29*G7/(2*($G$29^2)))^2)^0.5) -> 0.00078523624 | L7: =((I7^2-I6^2)*PI())/(36*F7) -> 1.6692213e-09 | M7: =2*((((J7/2)*AA7)^2+((J6/2)*AA6)^2)^0.5) -> 3.3312703e-10 | N7: =(1/(PI()*PI()*F7))*(-(I7-I6)*PI()*PI()/3-2*PI()*(SQRT(1-PI()/3*I7)-SQRT(1-PI()/3*I6))) -> 1.6774897e-09 | O7: =2*((((J7/2)*AB7)^2+((J6/2)*AB6)^2)^0.5) -> 3.3543014e-10 | P7: =(1/(PI()^2*F7))*LN((1-I6)/(1-I7)) -> 1.694857e-07 | Q7: =2*((((J7/2)*AC7)^2+((J6/2)*AC6)^2)^0.5) -> 2.2455493e-08 | R7: =(I7<0.05)*L7+((I7>=0.05)*(I7<0.9))*N7+(I7>=0.9)*P7 -> 1.6692213e-09 | S7: =(I7<0.05)*M7+((I7>=0.05)*(I7<0.9))*O7+(I7>=0.9)*Q7 -> 3.3312703e-10 | T7: =10000/(273+B7) -> 19.11315 | U7: =LN(R7) -> -20.210909 | V7: =S7/R7 -> 0.19957032 | W7: =LOG10(R7) -> -8.7774861 | X7: =LN(((10^1.5)/(0.015^2))*EXP(-33000/(1.987*(273+B7)))) -> -19.889739 | Y7: =U7-X7 -> -0.32116948 | AA7: =(I7 * PI()) / (18 * F7) -> 4.2393043e-07 | AB7: =(1 / (PI()^2 * F7)) * (PI()^2 / 3 - PI()^2 / (3 * SQRT(1 - (PI() / 3) * I7))) -> -4.2686424e-07 | AC7: =(-1) / (PI()^2 * F7 * (1 - I7)) -> -2.8393048e-05
A8: 5 | B8: 270.3 | C8: 60 | D8: {='Raw Data and Corrections'!AC25:AD25} -> 5.2581583 | E8: 0.82875713 | F8: =60*C8 -> 3600 | G8: =D8+G7 -> 10.658187 | H8: =E8+H40 -> 0.84288309 | I8: =G8/$G$29 -> 0.017258657 | J8: =2*(((H8/(2*$G$29))^2+($H$29*G8/(2*($G$29^2)))^2)^0.5) -> 0.0013648691 | L8: =((I8^2-I7^2)*PI())/(36*F8) -> 5.3668953e-09 | M8: =2*((((J8/2)*AA8)^2+((J7/2)*AA7)^2)^0.5) -> 1.189545e-09 | N8: =(1/(PI()*PI()*F8))*(-(I8-I7)*PI()*PI()/3-2*PI()*(SQRT(1-PI()/3*I8)-SQRT(1-PI()/3*I7))) -> 5.4243545e-09 | O8: =2*((((J8/2)*AB8)^2+((J7/2)*AB7)^2)^0.5) -> 1.2052806e-09 | P8: =(1/(PI()^2*F8))*LN((1-I7)/(1-I8)) -> 2.4279584e-07 | Q8: =2*((((J8/2)*AC8)^2+((J7/2)*AC7)^2)^0.5) -> 4.4999918e-08 | R8: =(I8<0.05)*L8+((I8>=0.05)*(I8<0.9))*N8+(I8>=0.9)*P8 -> 5.3668953e-09 | S8: =(I8<0.05)*M8+((I8>=0.05)*(I8<0.9))*O8+(I8>=0.9)*Q8 -> 1.189545e-09 | T8: =10000/(273+B8) -> 18.406037 | U8: =LN(R8) -> -19.043016 | V8: =S8/R8 -> 0.2216449 | W8: =LOG10(R8) -> -8.2702769 | X8: =LN(((10^1.5)/(0.015^2))*EXP(-33000/(1.987*(273+B8)))) -> -18.71537 | Y8: =U8-X8 -> -0.32764642 | AA8: =(I8 * PI()) / (18 * F8) -> 8.3672329e-07 | AB8: =(1 / (PI()^2 * F8)) * (PI()^2 / 3 - PI()^2 / (3 * SQRT(1 - (PI() / 3) * I8))) -> -8.4823857e-07 | AC8: =(-1) / (PI()^2 * F8 * (1 - I8)) -> -2.8639045e-05
A9: 6 | B9: 290.3 | C9: 60 | D9: {='Raw Data and Corrections'!AC28:AD28} -> 8.9926264 | E9: 1.305291 | F9: =60*C9 -> 3600 | G9: =D9+G8 -> 19.650813 | H9: =E9+H41 -> 1.3361477 | I9: =G9/$G$29 -> 0.031820294 | J9: =2*(((H9/(2*$G$29))^2+($H$29*G9/(2*($G$29^2)))^2)^0.5) -> 0.0021636058 | L9: =((I9^2-I8^2)*PI())/(36*F9) -> 1.7324086e-08 | M9: =2*((((J9/2)*AA9)^2+((J8/2)*AA8)^2)^0.5) -> 3.5277405e-09 | N9: =(1/(PI()*PI()*F9))*(-(I9-I8)*PI()*PI()/3-2*PI()*(SQRT(1-PI()/3*I9)-SQRT(1-PI()/3*I8))) -> 1.7675749e-08 | O9: =2*((((J9/2)*AB9)^2+((J8/2)*AB8)^2)^0.5) -> 3.6140335e-09 | P9: =(1/(PI()^2*F9))*LN((1-I8)/(1-I9)) -> 4.2015189e-07 | Q9: =2*((((J9/2)*AC9)^2+((J8/2)*AC8)^2)^0.5) -> 7.4052445e-08 | R9: =(I9<0.05)*L9+((I9>=0.05)*(I9<0.9))*N9+(I9>=0.9)*P9 -> 1.7324086e-08 | S9: =(I9<0.05)*M9+((I9>=0.05)*(I9<0.9))*O9+(I9>=0.9)*Q9 -> 3.5277405e-09 | T9: =10000/(273+B9) -> 17.75253 | U9: =LN(R9) -> -17.871168 | V9: =S9/R9 -> 0.20363213 | W9: =LOG10(R9) -> -7.7613497 | X9: =LN(((10^1.5)/(0.015^2))*EXP(-33000/(1.987*(273+B9)))) -> -17.630028 | Y9: =U9-X9 -> -0.24114021 | AA9: =(I9 * PI()) / (18 * F9) -> 1.5426914e-06 | AB9: =(1 / (PI()^2 * F9)) * (PI()^2 / 3 - PI()^2 / (3 * SQRT(1 - (PI() / 3) * I9))) -> -1.5823485e-06 | AC9: =(-1) / (PI()^2 * F9 * (1 - I9)) -> -2.9069782e-05
A10: 7 | B10: 300.3 | C10: 60 | D10: {='Raw Data and Corrections'!AC31:AD31} -> 9.508228 | E10: 1.7092683 | F10: =60*C10 -> 3600 | G10: =D10+G9 -> 29.159041 | H10: =E10+H42 -> 1.7752503 | I10: =G10/$G$29 -> 0.047216838 | J10: =2*(((H10/(2*$G$29))^2+($H$29*G10/(2*($G$29^2)))^2)^0.5) -> 0.0028746385 | L10: =((I10^2-I9^2)*PI())/(36*F10) -> 2.9498456e-08 | M10: =2*((((J10/2)*AA10)^2+((J9/2)*AA9)^2)^0.5) -> 7.3785469e-09 | N10: =(1/(PI()*PI()*F10))*(-(I10-I9)*PI()*PI()/3-2*PI()*(SQRT(1-PI()/3*I10)-SQRT(1-PI()/3*I9))) -> 3.0459658e-08 | O10: =2*((((J10/2)*AB10)^2+((J9/2)*AB9)^2)^0.5) -> 7.6444653e-09 | P10: =(1/(PI()^2*F10))*LN((1-I9)/(1-I10)) -> 4.5117115e-07 | Q10: =2*((((J10/2)*AC10)^2+((J9/2)*AC9)^2)^0.5) -> 1.0567162e-07 | R10: =(I10<0.05)*L10+((I10>=0.05)*(I10<0.9))*N10+(I10>=0.9)*P10 -> 2.9498456e-08 | S10: =(I10<0.05)*M10+((I10>=0.05)*(I10<0.9))*O10+(I10>=0.9)*Q10 -> 7.3785469e-09 | T10: =10000/(273+B10) -> 17.442875 | U10: =LN(R10) -> -17.338928 | V10: =S10/R10 -> 0.25013333 | W10: =LOG10(R10) -> -7.5302007 | X10: =LN(((10^1.5)/(0.015^2))*EXP(-33000/(1.987*(273+B10)))) -> -17.115754 | Y10: =U10-X10 -> -0.22317387 | AA10: =(I10 * PI()) / (18 * F10) -> 2.2891369e-06 | AB10: =(1 / (PI()^2 * F10)) * (PI()^2 / 3 - PI()^2 / (3 * SQRT(1 - (PI() / 3) * I10))) -> -2.3776835e-06 | AC10: =(-1) / (PI()^2 * F10 * (1 - I10)) -> -2.9539537e-05
A11: 8 | B11: 285.3 | C11: 60 | D11: {='Raw Data and Corrections'!AC35:AD35} -> 3.5751129 | E11: 1.6845151 | F11: =60*C11 -> 3600 | G11: =D11+G10 -> 32.734154 | H11: =E11+H43 -> 1.7965326 | I11: =G11/$G$29 -> 0.053005969 | J11: =2*(((H11/(2*$G$29))^2+($H$29*G11/(2*($G$29^2)))^2)^0.5) -> 0.0029091007 | L11: =((I11^2-I10^2)*PI())/(36*F11) -> 1.4064518e-08 | M11: =2*((((J11/2)*AA11)^2+((J10/2)*AA10)^2)^0.5) -> 9.9594165e-09 | N11: =(1/(PI()*PI()*F11))*(-(I11-I10)*PI()*PI()/3-2*PI()*(SQRT(1-PI()/3*I11)-SQRT(1-PI()/3*I10))) -> 1.4644138e-08 | O11: =2*((((J11/2)*AB11)^2+((J10/2)*AB10)^2)^0.5) -> 1.0372598e-08 | P11: =(1/(PI()^2*F11))*LN((1-I10)/(1-I11)) -> 1.715299e-07 | Q11: =2*((((J11/2)*AC11)^2+((J10/2)*AC10)^2)^0.5) -> 1.2118485e-07 | R11: =(I11<0.05)*L11+((I11>=0.05)*(I11<0.9))*N11+(I11>=0.9)*P11 -> 1.4644138e-08 | S11: =(I11<0.05)*M11+((I11>=0.05)*(I11<0.9))*O11+(I11>=0.9)*Q11 -> 1.0372598e-08 | T11: =10000/(273+B11) -> 17.911517 | U11: =LN(R11) -> -18.039226 | V11: =S11/R11 -> 0.70831059 | W11: =LOG10(R11) -> -7.8343362 | X11: =LN(((10^1.5)/(0.015^2))*EXP(-33000/(1.987*(273+B11)))) -> -17.894073 | Y11: =U11-X11 -> -0.14515242 | AA11: =(I11 * PI()) / (18 * F11) -> 2.5698019e-06 | AB11: =(1 / (PI()^2 * F11)) * (PI()^2 / 3 - PI()^2 / (3 * SQRT(1 - (PI() / 3) * I11))) -> -2.6819864e-06 | AC11: =(-1) / (PI()^2 * F11 * (1 - I11)) -> -2.9720117e-05
A12: 9 | B12: 275.2 | C12: 80 | D12: {='Raw Data and Corrections'!AC38:AD38} -> 2.5210172 | E12: 1.3076851 | F12: =60*C12 -> 4800 | G12: =D12+G11 -> 35.255171 | H12: =E12+H44 -> 1.445283 | I12: =G12/$G$29 -> 0.057088218 | J12: =2*(((H12/(2*$G$29))^2+($H$29*G12/(2*($G$29^2)))^2)^0.5) -> 0.002340327 | L12: =((I12^2-I11^2)*PI())/(36*F12) -> 8.1709015e-09 | M12: =2*((((J12/2)*AA12)^2+((J11/2)*AA11)^2)^0.5) -> 8.9156107e-09 | N12: =(1/(PI()*PI()*F12))*(-(I12-I11)*PI()*PI()/3-2*PI()*(SQRT(1-PI()/3*I12)-SQRT(1-PI()/3*I11))) -> 8.5422218e-09 | O12: =2*((((J12/2)*AB12)^2+((J11/2)*AB11)^2)^0.5) -> 9.314201e-09 | P12: =(1/(PI()^2*F12))*LN((1-I11)/(1-I12)) -> 9.1190371e-08 | Q12: =2*((((J12/2)*AC12)^2+((J11/2)*AC11)^2)^0.5) -> 1.0109422e-07 | R12: =(I12<0.05)*L12+((I12>=0.05)*(I12<0.9))*N12+(I12>=0.9)*P12 -> 8.5422218e-09 | S12: =(I12<0.05)*M12+((I12>=0.05)*(I12<0.9))*O12+(I12>=0.9)*Q12 -> 9.314201e-09 | T12: =10000/(273+B12) -> 18.241518 | U12: =LN(R12) -> -18.578245 | V12: =S12/R12 -> 1.0903722 | W12: =LOG10(R12) -> -8.0684292 | X12: =LN(((10^1.5)/(0.015^2))*EXP(-33000/(1.987*(273+B12)))) -> -18.442137 | Y12: =U12-X12 -> -0.13610804 | AA12: =(I12 * PI()) / (18 * F12) -> 2.0757862e-06 | AB12: =(1 / (PI()^2 * F12)) * (PI()^2 / 3 - PI()^2 / (3 * SQRT(1 - (PI() / 3) * I12))) -> -2.1737513e-06 | AC12: =(-1) / (PI()^2 * F12 * (1 - I12)) -> -2.238659e-05
A13: 10 | B13: 255.2 | C13: 100 | D13: {='Raw Data and Corrections'!AC41:AD41} -> 0.60143931 | E13: 0.90195738 | F13: =60*C13 -> 6000 | G13: =D13+G12 -> 35.856611 | H13: =E13+H45 -> 1.0597819 | I13: =G13/$G$29 -> 0.05806212 | J13: =2*(((H13/(2*$G$29))^2+($H$29*G13/(2*($G$29^2)))^2)^0.5) -> 0.0017160904 | L13: =((I13^2-I12^2)*PI())/(36*F13) -> 1.6310858e-09 | M13: =2*((((J13/2)*AA13)^2+((J12/2)*AA12)^2)^0.5) -> 5.6569513e-09 | N13: =(1/(PI()*PI()*F13))*(-(I13-I12)*PI()*PI()/3-2*PI()*(SQRT(1-PI()/3*I13)-SQRT(1-PI()/3*I12))) -> 1.7087572e-09 | O13: =2*((((J13/2)*AB13)^2+((J12/2)*AB12)^2)^0.5) -> 5.9251868e-09 | P13: =(1/(PI()^2*F13))*LN((1-I12)/(1-I13)) -> 1.7450898e-08 | Q13: =2*((((J13/2)*AC13)^2+((J12/2)*AC12)^2)^0.5) -> 6.0757257e-08 | R13: =(I13<0.05)*L13+((I13>=0.05)*(I13<0.9))*N13+(I13>=0.9)*P13 -> 1.7087572e-09 | S13: =(I13<0.05)*M13+((I13>=0.05)*(I13<0.9))*O13+(I13>=0.9)*Q13 -> 5.9251868e-09 | T13: =10000/(273+B13) -> 18.932223 | U13: =LN(R13) -> -20.1875 | V13: =S13/R13 -> 3.4675418 | W13: =LOG10(R13) -> -8.7673197 | X13: =LN(((10^1.5)/(0.015^2))*EXP(-33000/(1.987*(273+B13)))) -> -19.589256 | Y13: =U13-X13 -> -0.59824344 | AA13: =(I13 * PI()) / (18 * F13) -> 1.6889586e-06 | AB13: =(1 / (PI()^2 * F13)) * (PI()^2 / 3 - PI()^2 / (3 * SQRT(1 - (PI() / 3) * I13))) -> -1.7701005e-06 | AC13: =(-1) / (PI()^2 * F13 * (1 - I13)) -> -1.7927789e-05
A14: 11 | B14: 300.3 | C14: 60 | D14: {='Raw Data and Corrections'!AC44:AD44} -> 6.6769386 | E14: 0.91078037 | F14: =60*C14 -> 3600 | G14: =D14+G13 -> 42.533549 | H14: =E14+H46 -> 1.0768775 | I14: =G14/$G$29 -> 0.068873996 | J14: =2*(((H14/(2*$G$29))^2+($H$29*G14/(2*($G$29^2)))^2)^0.5) -> 0.0017437731 | L14: =((I14^2-I13^2)*PI())/(36*F14) -> 3.3268339e-08 | M14: =2*((((J14/2)*AA14)^2+((J13/2)*AA13)^2)^0.5) -> 6.5041463e-09 | N14: =(1/(PI()*PI()*F14))*(-(I14-I13)*PI()*PI()/3-2*PI()*(SQRT(1-PI()/3*I14)-SQRT(1-PI()/3*I13))) -> 3.5028984e-08 | O14: =2*((((J14/2)*AB14)^2+((J13/2)*AB13)^2)^0.5) -> 6.8662985e-09 | P14: =(1/(PI()^2*F14))*LN((1-I13)/(1-I14)) -> 3.2492343e-07 | Q14: =2*((((J14/2)*AC14)^2+((J13/2)*AC13)^2)^0.5) -> 6.1030295e-08 | R14: =(I14<0.05)*L14+((I14>=0.05)*(I14<0.9))*N14+(I14>=0.9)*P14 -> 3.5028984e-08 | S14: =(I14<0.05)*M14+((I14>=0.05)*(I14<0.9))*O14+(I14>=0.9)*Q14 -> 6.8662985e-09 | T14: =10000/(273+B14) -> 17.442875 | U14: =LN(R14) -> -17.16709 | V14: =S14/R14 -> 0.19601763 | W14: =LOG10(R14) -> -7.4555725 | X14: =LN(((10^1.5)/(0.015^2))*EXP(-33000/(1.987*(273+B14)))) -> -17.115754 | Y14: =U14-X14 -> -0.051335974 | AA14: =(I14 * PI()) / (18 * F14) -> 3.3391055e-06 | AB14: =(1 / (PI()^2 * F14)) * (PI()^2 / 3 - PI()^2 / (3 * SQRT(1 - (PI() / 3) * I14))) -> -3.5313184e-06 | AC14: =(-1) / (PI()^2 * F14 * (1 - I14)) -> -3.02266e-05
A15: 12 | B15: 300.2 | C15: 120 | D15: {='Raw Data and Corrections'!AC47:AD47} -> 11.113967 | E15: 1.1975669 | F15: =60*C15 -> 7200 | G15: =D15+G14 -> 53.647516 | H15: =E15+H47 -> 1.3739376 | I15: =G15/$G$29 -> 0.08687069 | J15: =2*(((H15/(2*$G$29))^2+($H$29*G15/(2*($G$29^2)))^2)^0.5) -> 0.0022247984 | L15: =((I15^2-I14^2)*PI())/(36*F15) -> 3.397198e-08 | M15: =2*((((J15/2)*AA15)^2+((J14/2)*AA14)^2)^0.5) -> 7.4734403e-09 | N15: =(1/(PI()*PI()*F15))*(-(I15-I14)*PI()*PI()/3-2*PI()*(SQRT(1-PI()/3*I15)-SQRT(1-PI()/3*I14))) -> 3.6213243e-08 | O15: =2*((((J15/2)*AB15)^2+((J14/2)*AB14)^2)^0.5) -> 7.9516924e-09 | P15: =(1/(PI()^2*F15))*LN((1-I14)/(1-I15)) -> 2.746523e-07 | Q15: =2*((((J15/2)*AC15)^2+((J14/2)*AC14)^2)^0.5) -> 6.287884e-08 | R15: =(I15<0.05)*L15+((I15>=0.05)*(I15<0.9))*N15+(I15>=0.9)*P15 -> 3.6213243e-08 | S15: =(I15<0.05)*M15+((I15>=0.05)*(I15<0.9))*O15+(I15>=0.9)*Q15 -> 7.9516924e-09 | T15: =10000/(273+B15) -> 17.445918 | U15: =LN(R15) -> -17.133841 | V15: =S15/R15 -> 0.21957968 | W15: =LOG10(R15) -> -7.4411326 | X15: =LN(((10^1.5)/(0.015^2))*EXP(-33000/(1.987*(273+B15)))) -> -17.120808 | Y15: =U15-X15 -> -0.013032988 | AA15: =(I15 * PI()) / (18 * F15) -> 2.105805e-06 | AB15: =(1 / (PI()^2 * F15)) * (PI()^2 / 3 - PI()^2 / (3 * SQRT(1 - (PI() / 3) * I15))) -> -2.2613163e-06 | AC15: =(-1) / (PI()^2 * F15 * (1 - I15)) -> -1.5411165e-05
A16: 13 | B16: 300.1 | C16: 180 | D16: {='Raw Data and Corrections'!AC50:AD50} -> 13.792106 | E16: 1.2412315 | F16: =60*C16 -> 10800 | G16: =D16+G15 -> 67.439622 | H16: =E16+H48 -> 1.4841964 | I16: =G16/$G$29 -> 0.10920406 | J16: =2*(((H16/(2*$G$29))^2+($H$29*G16/(2*($G$29^2)))^2)^0.5) -> 0.0024033389 | L16: =((I16^2-I15^2)*PI())/(36*F16) -> 3.5383396e-08 | M16: =2*((((J16/2)*AA16)^2+((J15/2)*AA15)^2)^0.5) -> 6.319689e-09 | N16: =(1/(PI()*PI()*F16))*(-(I16-I15)*PI()*PI()/3-2*PI()*(SQRT(1-PI()/3*I16)-SQRT(1-PI()/3*I15))) -> 3.8379471e-08 | O16: =2*((((J16/2)*AB16)^2+((J15/2)*AB15)^2)^0.5) -> 6.8465024e-09 | P16: =(1/(PI()^2*F16))*LN((1-I15)/(1-I16)) -> 2.3230811e-07 | Q16: =2*((((J16/2)*AC16)^2+((J15/2)*AC15)^2)^0.5) -> 4.2617353e-08 | R16: =(I16<0.05)*L16+((I16>=0.05)*(I16<0.9))*N16+(I16>=0.9)*P16 -> 3.8379471e-08 | S16: =(I16<0.05)*M16+((I16>=0.05)*(I16<0.9))*O16+(I16>=0.9)*Q16 -> 6.8465024e-09 | T16: =10000/(273+B16) -> 17.448962 | U16: =LN(R16) -> -17.075743 | V16: =S16/R16 -> 0.1783897 | W16: =LOG10(R16) -> -7.415901 | X16: =LN(((10^1.5)/(0.015^2))*EXP(-33000/(1.987*(273+B16)))) -> -17.125864 | Y16: =U16-X16 -> 0.050120506 | AA16: =(I16 * PI()) / (18 * F16) -> 1.7647874e-06 | AB16: =(1 / (PI()^2 * F16)) * (PI()^2 / 3 - PI()^2 / (3 * SQRT(1 - (PI() / 3) * I16))) -> -1.9321849e-06 | AC16: =(-1) / (PI()^2 * F16 * (1 - I16)) -> -1.0531695e-05
A17: 14 | B17: 320.3 | C17: 60 | D17: {='Raw Data and Corrections'!AC53:AD53} -> 11.358315 | E17: 1.451786 | F17: =60*C17 -> 3600 | G17: =D17+G16 -> 78.797937 | H17: =E17+H49 -> 1.8127427 | I17: =G17/$G$29 -> 0.12759642 | J17: =2*(((H17/(2*$G$29))^2+($H$29*G17/(2*($G$29^2)))^2)^0.5) -> 0.0029353496 | L17: =((I17^2-I16^2)*PI())/(36*F17) -> 1.0557596e-07 | M17: =2*((((J17/2)*AA17)^2+((J16/2)*AA16)^2)^0.5) -> 1.8646988e-08 | N17: =(1/(PI()*PI()*F17))*(-(I17-I16)*PI()*PI()/3-2*PI()*(SQRT(1-PI()/3*I17)-SQRT(1-PI()/3*I16))) -> 1.165594e-07 | O17: =2*((((J17/2)*AB17)^2+((J16/2)*AB16)^2)^0.5) -> 2.0734182e-08 | P17: =(1/(PI()^2*F17))*LN((1-I16)/(1-I17)) -> 5.871913e-07 | Q17: =2*((((J17/2)*AC17)^2+((J16/2)*AC16)^2)^0.5) -> 9.8022152e-08 | R17: =(I17<0.05)*L17+((I17>=0.05)*(I17<0.9))*N17+(I17>=0.9)*P17 -> 1.165594e-07 | S17: =(I17<0.05)*M17+((I17>=0.05)*(I17<0.9))*O17+(I17>=0.9)*Q17 -> 2.0734182e-08 | T17: =10000/(273+B17) -> 16.854879 | U17: =LN(R17) -> -15.964865 | V17: =S17/R17 -> 0.17788511 | W17: =LOG10(R17) -> -6.9334527 | X17: =LN(((10^1.5)/(0.015^2))*EXP(-33000/(1.987*(273+B17)))) -> -16.139215 | Y17: =U17-X17 -> 0.17434979 | AA17: =(I17 * PI()) / (18 * F17) -> 6.1860492e-06 | AB17: =(1 / (PI()^2 * F17)) * (PI()^2 / 3 - PI()^2 / (3 * SQRT(1 - (PI() / 3) * I17))) -> -6.8841831e-06 | AC17: =(-1) / (PI()^2 * F17 * (1 - I17)) -> -3.2261185e-05
A18: 15 | B18: 330.4 | C18: 60 | D18: {='Raw Data and Corrections'!AC56:AD56} -> 14.462753 | E18: 1.9418386 | F18: =60*C18 -> 3600 | G18: =D18+G17 -> 93.26069 | H18: =E18+H50 -> 2.3302063 | I18: =G18/$G$29 -> 0.15101576 | J18: =2*(((H18/(2*$G$29))^2+($H$29*G18/(2*($G$29^2)))^2)^0.5) -> 0.0037732712 | L18: =((I18^2-I17^2)*PI())/(36*F18) -> 1.5816835e-07 | M18: =2*((((J18/2)*AA18)^2+((J17/2)*AA17)^2)^0.5) -> 3.305914e-08 | N18: =(1/(PI()*PI()*F18))*(-(I18-I17)*PI()*PI()/3-2*PI()*(SQRT(1-PI()/3*I18)-SQRT(1-PI()/3*I17))) -> 1.7794714e-07 | O18: =2*((((J18/2)*AB18)^2+((J17/2)*AB17)^2)^0.5) -> 3.7343694e-08 | P18: =(1/(PI()^2*F18))*LN((1-I17)/(1-I18)) -> 7.6586186e-07 | Q18: =2*((((J18/2)*AC18)^2+((J17/2)*AC17)^2)^0.5) -> 1.5689081e-07 | R18: =(I18<0.05)*L18+((I18>=0.05)*(I18<0.9))*N18+(I18>=0.9)*P18 -> 1.7794714e-07 | S18: =(I18<0.05)*M18+((I18>=0.05)*(I18<0.9))*O18+(I18>=0.9)*Q18 -> 3.7343694e-08 | T18: =10000/(273+B18) -> 16.572754 | U18: =LN(R18) -> -15.541779 | V18: =S18/R18 -> 0.20985835 | W18: =LOG10(R18) -> -6.749709 | X18: =LN(((10^1.5)/(0.015^2))*EXP(-33000/(1.987*(273+B18)))) -> -15.670663 | Y18: =U18-X18 -> 0.12888335 | AA18: =(I18 * PI()) / (18 * F18) -> 7.3214507e-06 | AB18: =(1 / (PI()^2 * F18)) * (PI()^2 / 3 - PI()^2 / (3 * SQRT(1 - (PI() / 3) * I18))) -> -8.3227427e-06 | AC18: =(-1) / (PI()^2 * F18 * (1 - I18)) -> -3.3151114e-05
A19: 16 | B19: 350.4 | C19: 60 | D19: {='Raw Data and Corrections'!AC59:AD59} -> 28.330053 | E19: 2.8402388 | F19: =60*C19 -> 3600 | G19: =D19+G18 -> 121.59074 | H19: =E19+H51 -> 3.2879503 | I19: =G19/$G$29 -> 0.19689023 | J19: =2*(((H19/(2*$G$29))^2+($H$29*G19/(2*($G$29^2)))^2)^0.5) -> 0.0053241331 | L19: =((I19^2-I18^2)*PI())/(36*F19) -> 3.8688138e-07 | M19: =2*((((J19/2)*AA19)^2+((J18/2)*AA18)^2)^0.5) -> 5.7844759e-08 | N19: =(1/(PI()*PI()*F19))*(-(I19-I18)*PI()*PI()/3-2*PI()*(SQRT(1-PI()/3*I19)-SQRT(1-PI()/3*I18))) -> 4.497992e-07 | O19: =2*((((J19/2)*AB19)^2+((J18/2)*AB18)^2)^0.5) -> 6.8014238e-08 | P19: =(1/(PI()^2*F19))*LN((1-I18)/(1-I19)) -> 1.5634201e-06 | Q19: =2*((((J19/2)*AC19)^2+((J18/2)*AC18)^2)^0.5) -> 2.246335e-07 | R19: =(I19<0.05)*L19+((I19>=0.05)*(I19<0.9))*N19+(I19>=0.9)*P19 -> 4.497992e-07 | S19: =(I19<0.05)*M19+((I19>=0.05)*(I19<0.9))*O19+(I19>=0.9)*Q19 -> 6.8014238e-08 | T19: =10000/(273+B19) -> 16.041065 | U19: =LN(R19) -> -14.614465 | V19: =S19/R19 -> 0.15121022 | W19: =LOG10(R19) -> -6.3469813 | X19: =LN(((10^1.5)/(0.015^2))*EXP(-33000/(1.987*(273+B19)))) -> -14.787636 | Y19: =U19-X19 -> 0.1731711 | AA19: =(I19 * PI()) / (18 * F19) -> 9.5455077e-06 | AB19: =(1 / (PI()^2 * F19)) * (PI()^2 / 3 - PI()^2 / (3 * SQRT(1 - (PI() / 3) * I19))) -> -1.1331451e-05 | AC19: =(-1) / (PI()^2 * F19 * (1 - I19)) -> -3.504474e-05
A20: 17 | B20: 370.4 | C20: 60 | D20: {='Raw Data and Corrections'!AC62:AD62} -> 41.343332 | E20: 4.0397892 | F20: =60*C20 -> 3600 | G20: =D20+G19 -> 162.93407 | H20: =E20+H52 -> 4.646723 | I20: =G20/$G$29 -> 0.26383692 | J20: =2*(((H20/(2*$G$29))^2+($H$29*G20/(2*($G$29^2)))^2)^0.5) -> 0.0075243752 | L20: =((I20^2-I19^2)*PI())/(36*F20) -> 7.4768352e-07 | M20: =2*((((J20/2)*AA20)^2+((J19/2)*AA19)^2)^0.5) -> 1.0883954e-07 | N20: =(1/(PI()*PI()*F20))*(-(I20-I19)*PI()*PI()/3-2*PI()*(SQRT(1-PI()/3*I20)-SQRT(1-PI()/3*I19))) -> 9.1939659e-07 | O20: =2*((((J20/2)*AB20)^2+((J19/2)*AB19)^2)^0.5) -> 1.3633633e-07 | P20: =(1/(PI()^2*F20))*LN((1-I19)/(1-I20)) -> 2.4497137e-06 | Q20: =2*((((J20/2)*AC20)^2+((J19/2)*AC19)^2)^0.5) -> 3.428805e-07 | R20: =(I20<0.05)*L20+((I20>=0.05)*(I20<0.9))*N20+(I20>=0.9)*P20 -> 9.1939659e-07 | S20: =(I20<0.05)*M20+((I20>=0.05)*(I20<0.9))*O20+(I20>=0.9)*Q20 -> 1.3633633e-07 | T20: =10000/(273+B20) -> 15.542431 | U20: =LN(R20) -> -13.899548 | V20: =S20/R20 -> 0.14828892 | W20: =LOG10(R20) -> -6.0364971 | X20: =LN(((10^1.5)/(0.015^2))*EXP(-33000/(1.987*(273+B20)))) -> -13.959506 | Y20: =U20-X20 -> 0.059957986 | AA20: =(I20 * PI()) / (18 * F20) -> 1.2791175e-05 | AB20: =(1 / (PI()^2 * F20)) * (PI()^2 / 3 - PI()^2 / (3 * SQRT(1 - (PI() / 3) * I20))) -> -1.624872e-05 | AC20: =(-1) / (PI()^2 * F20 * (1 - I20)) -> -3.823171e-05
A21: 18 | B21: 385.4 | C21: 60 | D21: {='Raw Data and Corrections'!AC65:AD65} -> 44.783772 | E21: 4.7710076 | F21: =60*C21 -> 3600 | G21: =D21+G20 -> 207.71785 | H21: =E21+H53 -> 5.7047279 | I21: =G21/$G$29 -> 0.33635467 | J21: =2*(((H21/(2*$G$29))^2+($H$29*G21/(2*($G$29^2)))^2)^0.5) -> 0.009237588 | L21: =((I21^2-I20^2)*PI())/(36*F21) -> 1.0550647e-06 | M21: =2*((((J21/2)*AA21)^2+((J20/2)*AA20)^2)^0.5) -> 1.7875862e-07 | N21: =(1/(PI()*PI()*F21))*(-(I21-I20)*PI()*PI()/3-2*PI()*(SQRT(1-PI()/3*I21)-SQRT(1-PI()/3*I20))) -> 1.3970085e-06 | O21: =2*((((J21/2)*AB21)^2+((J20/2)*AB20)^2)^0.5) -> 2.4075534e-07 | P21: =(1/(PI()^2*F21))*LN((1-I20)/(1-I21)) -> 2.9187201e-06 | Q21: =2*((((J21/2)*AC21)^2+((J20/2)*AC20)^2)^0.5) -> 4.860349e-07 | R21: =(I21<0.05)*L21+((I21>=0.05)*(I21<0.9))*N21+(I21>=0.9)*P21 -> 1.3970085e-06 | S21: =(I21<0.05)*M21+((I21>=0.05)*(I21<0.9))*O21+(I21>=0.9)*Q21 -> 2.4075534e-07 | T21: =10000/(273+B21) -> 15.188335 | U21: =LN(R21) -> -13.481177 | V21: =S21/R21 -> 0.17233635 | W21: =LOG10(R21) -> -5.854801 | X21: =LN(((10^1.5)/(0.015^2))*EXP(-33000/(1.987*(273+B21)))) -> -13.371426 | Y21: =U21-X21 -> -0.10975124 | AA21: =(I21 * PI()) / (18 * F21) -> 1.6306935e-05 | AB21: =(1 / (PI()^2 * F21)) * (PI()^2 / 3 - PI()^2 / (3 * SQRT(1 - (PI() / 3) * I21))) -> -2.245188e-05 | AC21: =(-1) / (PI()^2 * F21 * (1 - I21)) -> -4.240936e-05
A22: 19 | B22: 360.4 | C22: 60 | D22: {='Raw Data and Corrections'!AC68:AD68} -> 15.329518 | E22: 4.0773667 | F22: =60*C22 -> 3600 | G22: =D22+G21 -> 223.04737 | H22: =E22+H54 -> 5.4058625 | I22: =G22/$G$29 -> 0.36117755 | J22: =2*(((H22/(2*$G$29))^2+($H$29*G22/(2*($G$29^2)))^2)^0.5) -> 0.0087536394 | L22: =((I22^2-I21^2)*PI())/(36*F22) -> 4.197216e-07 | M22: =2*((((J22/2)*AA22)^2+((J21/2)*AA21)^2)^0.5) -> 2.1490941e-07 | N22: =(1/(PI()*PI()*F22))*(-(I22-I21)*PI()*PI()/3-2*PI()*(SQRT(1-PI()/3*I22)-SQRT(1-PI()/3*I21))) -> 5.8655956e-07 | O22: =2*((((J22/2)*AB22)^2+((J21/2)*AB21)^2)^0.5) -> 3.0044209e-07 | P22: =(1/(PI()^2*F22))*LN((1-I21)/(1-I22)) -> 1.0729155e-06 | Q22: =2*((((J22/2)*AC22)^2+((J21/2)*AC21)^2)^0.5) -> 5.4973703e-07 | R22: =(I22<0.05)*L22+((I22>=0.05)*(I22<0.9))*N22+(I22>=0.9)*P22 -> 5.8655956e-07 | S22: =(I22<0.05)*M22+((I22>=0.05)*(I22<0.9))*O22+(I22>=0.9)*Q22 -> 3.0044209e-07 | T22: =10000/(273+B22) -> 15.787812 | U22: =LN(R22) -> -14.348992 | V22: =S22/R22 -> 0.51221071 | W22: =LOG10(R22) -> -6.2316879 | X22: =LN(((10^1.5)/(0.015^2))*EXP(-33000/(1.987*(273+B22)))) -> -14.367034 | Y22: =U22-X22 -> 0.018042151 | AA22: =(I22 * PI()) / (18 * F22) -> 1.7510382e-05 | AB22: =(1 / (PI()^2 * F22)) * (PI()^2 / 3 - PI()^2 / (3 * SQRT(1 - (PI() / 3) * I22))) -> -2.4832079e-05 | AC22: =(-1) / (PI()^2 * F22 * (1 - I22)) -> -4.405727e-05
A23: 20 | B23: 340.4 | C23: 60 | D23: {='Raw Data and Corrections'!AC71:AD71} -> 7.4056558 | E23: 2.5574779 | F23: =60*C23 -> 3600 | G23: =D23+G22 -> 230.45302 | H23: =E23+H55 -> 4.0307792 | I23: =G23/$G$29 -> 0.37316943 | J23: =2*(((H23/(2*$G$29))^2+($H$29*G23/(2*($G$29^2)))^2)^0.5) -> 0.0065269857 | L23: =((I23^2-I22^2)*PI())/(36*F23) -> 2.1346829e-07 | M23: =2*((((J23/2)*AA23)^2+((J22/2)*AA22)^2)^0.5) -> 1.9349062e-07 | N23: =(1/(PI()*PI()*F23))*(-(I23-I22)*PI()*PI()/3-2*PI()*(SQRT(1-PI()/3*I23)-SQRT(1-PI()/3*I22))) -> 3.0496595e-07 | O23: =2*((((J23/2)*AB23)^2+((J22/2)*AB22)^2)^0.5) -> 2.7591477e-07 | P23: =(1/(PI()^2*F23))*LN((1-I22)/(1-I23)) -> 5.3335119e-07 | Q23: =2*((((J23/2)*AC23)^2+((J22/2)*AC22)^2)^0.5) -> 4.8437629e-07 | R23: =(I23<0.05)*L23+((I23>=0.05)*(I23<0.9))*N23+(I23>=0.9)*P23 -> 3.0496595e-07 | S23: =(I23<0.05)*M23+((I23>=0.05)*(I23<0.9))*O23+(I23>=0.9)*Q23 -> 2.7591477e-07 | T23: =10000/(273+B23) -> 16.302576 | U23: =LN(R23) -> -15.003066 | V23: =S23/R23 -> 0.90473958 | W23: =LOG10(R23) -> -6.5157486 | X23: =LN(((10^1.5)/(0.015^2))*EXP(-33000/(1.987*(273+B23)))) -> -15.221951 | Y23: =U23-X23 -> 0.21888563 | AA23: =(I23 * PI()) / (18 * F23) -> 1.8091765e-05 | AB23: =(1 / (PI()^2 * F23)) * (PI()^2 / 3 - PI()^2 / (3 * SQRT(1 - (PI() / 3) * I23))) -> -2.6036149e-05 | AC23: =(-1) / (PI()^2 * F23 * (1 - I23)) -> -4.4900129e-05
A24: 21 | B24: 325.2 | C24: 100 | D24: {='Raw Data and Corrections'!AC74:AD74} -> 6.7885434 | E24: 1.5986132 | F24: =60*C24 -> 6000 | G24: =D24+G23 -> 237.24156 | H24: =E24+H56 -> 3.1138362 | I24: =G24/$G$29 -> 0.38416203 | J24: =2*(((H24/(2*$G$29))^2+($H$29*G24/(2*($G$29^2)))^2)^0.5) -> 0.0050421924 | L24: =((I24^2-I23^2)*PI())/(36*F24) -> 1.2108278e-07 | M24: =2*((((J24/2)*AA24)^2+((J23/2)*AA23)^2)^0.5) -> 1.3083891e-07 | N24: =(1/(PI()*PI()*F24))*(-(I24-I23)*PI()*PI()/3-2*PI()*(SQRT(1-PI()/3*I24)-SQRT(1-PI()/3*I23))) -> 1.754543e-07 | O24: =2*((((J24/2)*AB24)^2+((J23/2)*AB23)^2)^0.5) -> 1.8877706e-07 | P24: =(1/(PI()^2*F24))*LN((1-I23)/(1-I24)) -> 2.9876882e-07 | Q24: =2*((((J24/2)*AC24)^2+((J23/2)*AC23)^2)^0.5) -> 3.2404002e-07 | R24: =(I24<0.05)*L24+((I24>=0.05)*(I24<0.9))*N24+(I24>=0.9)*P24 -> 1.754543e-07 | S24: =(I24<0.05)*M24+((I24>=0.05)*(I24<0.9))*O24+(I24>=0.9)*Q24 -> 1.8877706e-07 | T24: =10000/(273+B24) -> 16.716817 | U24: =LN(R24) -> -15.555887 | V24: =S24/R24 -> 1.075933 | W24: =LOG10(R24) -> -6.755836 | X24: =LN(((10^1.5)/(0.015^2))*EXP(-33000/(1.987*(273+B24)))) -> -15.909921 | Y24: =U24-X24 -> 0.35403407 | AA24: =(I24 * PI()) / (18 * F24) -> 1.117482e-05 | AB24: =(1 / (PI()^2 * F24)) * (PI()^2 / 3 - PI()^2 / (3 * SQRT(1 - (PI() / 3) * I24))) -> -1.6303833e-05 | AC24: =(-1) / (PI()^2 * F24 * (1 - I24)) -> -2.7420953e-05
A25: 22 | B25: 400.1 | C25: 240 | D25: {='Raw Data and Corrections'!AC77:AD77} -> 109.98923 | E25: 3.2490485 | F25: =60*C25 -> 14400 | G25: =D25+G24 -> 347.2308 | H25: =E25+H57 -> 4.7952853 | I25: =G25/$G$29 -> 0.56226609 | J25: =2*(((H25/(2*$G$29))^2+($H$29*G25/(2*($G$29^2)))^2)^0.5) -> 0.0077649401 | L25: =((I25^2-I24^2)*PI())/(36*F25) -> 1.0215187e-06 | M25: =2*((((J25/2)*AA25)^2+((J24/2)*AA24)^2)^0.5) -> 7.7298322e-08 | N25: =(1/(PI()*PI()*F25))*(-(I25-I24)*PI()*PI()/3-2*PI()*(SQRT(1-PI()/3*I25)-SQRT(1-PI()/3*I24))) -> 1.7071045e-06 | O25: =2*((((J25/2)*AB25)^2+((J24/2)*AB24)^2)^0.5) -> 1.2988602e-07 | P25: =(1/(PI()^2*F25))*LN((1-I24)/(1-I25)) -> 2.4019642e-06 | Q25: =2*((((J25/2)*AC25)^2+((J24/2)*AC24)^2)^0.5) -> 1.8626596e-07 | R25: =(I25<0.05)*L25+((I25>=0.05)*(I25<0.9))*N25+(I25>=0.9)*P25 -> 1.7071045e-06 | S25: =(I25<0.05)*M25+((I25>=0.05)*(I25<0.9))*O25+(I25>=0.9)*Q25 -> 1.2988602e-07 | T25: =10000/(273+B25) -> 14.856633 | U25: =LN(R25) -> -13.280712 | V25: =S25/R25 -> 0.076085568 | W25: =LOG10(R25) -> -5.7677399 | X25: =LN(((10^1.5)/(0.015^2))*EXP(-33000/(1.987*(273+B25)))) -> -12.820537 | Y25: =U25-X25 -> -0.46017458 | AA25: =(I25 * PI()) / (18 * F25) -> 6.8148573e-06 | AB25: =(1 / (PI()^2 * F25)) * (PI()^2 / 3 - PI()^2 / (3 * SQRT(1 - (PI() / 3) * I25))) -> -1.2950558e-05 | AC25: =(-1) / (PI()^2 * F25 * (1 - I25)) -> -1.6074133e-05
A26: 23 | B26: 350.3 | C26: 90 | D26: {='Raw Data and Corrections'!AC80:AD80} -> 5.8007598 | E26: 1.8876885 | F26: =60*C26 -> 5400 | G26: =D26+G25 -> 353.03156 | H26: =E26+H58 -> 4.9682053 | I26: =G26/$G$29 -> 0.57165918 | J26: =2*(((H26/(2*$G$29))^2+($H$29*G26/(2*($G$29^2)))^2)^0.5) -> 0.0080449471 | L26: =((I26^2-I25^2)*PI())/(36*F26) -> 1.7212604e-07 | M26: =2*((((J26/2)*AA26)^2+((J25/2)*AA25)^2)^0.5) -> 1.5778117e-07 | N26: =(1/(PI()*PI()*F26))*(-(I26-I25)*PI()*PI()/3-2*PI()*(SQRT(1-PI()/3*I26)-SQRT(1-PI()/3*I25))) -> 3.2986189e-07 | O26: =2*((((J26/2)*AB26)^2+((J25/2)*AB25)^2)^0.5) -> 3.0435588e-07 | P26: =(1/(PI()^2*F26))*LN((1-I25)/(1-I26)) -> 4.070115e-07 | Q26: =2*((((J26/2)*AC26)^2+((J25/2)*AC25)^2)^0.5) -> 3.7385416e-07 | R26: =(I26<0.05)*L26+((I26>=0.05)*(I26<0.9))*N26+(I26>=0.9)*P26 -> 3.2986189e-07 | S26: =(I26<0.05)*M26+((I26>=0.05)*(I26<0.9))*O26+(I26>=0.9)*Q26 -> 3.0435588e-07 | T26: =10000/(273+B26) -> 16.043639 | U26: =LN(R26) -> -14.924592 | V26: =S26/R26 -> 0.92267669 | W26: =LOG10(R26) -> -6.4816679 | X26: =LN(((10^1.5)/(0.015^2))*EXP(-33000/(1.987*(273+B26)))) -> -14.79191 | Y26: =U26-X26 -> -0.13268194 | AA26: =(I26 * PI()) / (18 * F26) -> 1.8476546e-05 | AB26: =(1 / (PI()^2 * F26)) * (PI()^2 / 3 - PI()^2 / (3 * SQRT(1 - (PI() / 3) * I26))) -> -3.5707278e-05 | AC26: =(-1) / (PI()^2 * F26 * (1 - I26)) -> -4.3804329e-05
A27: 24 | B27: 400.4 | C27: 60 | D27: {='Raw Data and Corrections'!AC83:AD83} -> 18.117517 | E27: 1.4114443 | F27: =60*C27 -> 3600 | G27: =D27+G26 -> 371.14907 | H27: =E27+H59 -> 4.5186098 | I27: =G27/$G$29 -> 0.60099663 | J27: =2*(((H27/(2*$G$29))^2+($H$29*G27/(2*($G$29^2)))^2)^0.5) -> 0.0073169232 | L27: =((I27^2-I26^2)*PI())/(36*F27) -> 8.3394569e-07 | M27: =2*((((J27/2)*AA27)^2+((J26/2)*AA26)^2)^0.5) -> 2.5989702e-07 | N27: =(1/(PI()*PI()*F27))*(-(I27-I26)*PI()*PI()/3-2*PI()*(SQRT(1-PI()/3*I27)-SQRT(1-PI()/3*I26))) -> 1.6566917e-06 | O27: =2*((((J27/2)*AB27)^2+((J26/2)*AB26)^2)^0.5) -> 5.2157539e-07 | P27: =(1/(PI()^2*F27))*LN((1-I26)/(1-I27)) -> 1.9968525e-06 | Q27: =2*((((J27/2)*AC27)^2+((J26/2)*AC26)^2)^0.5) -> 6.2495348e-07 | R27: =(I27<0.05)*L27+((I27>=0.05)*(I27<0.9))*N27+(I27>=0.9)*P27 -> 1.6566917e-06 | S27: =(I27<0.05)*M27+((I27>=0.05)*(I27<0.9))*O27+(I27>=0.9)*Q27 -> 5.2157539e-07 | T27: =10000/(273+B27) -> 14.850015 | U27: =LN(R27) -> -13.310688 | V27: =S27/R27 -> 0.31482949 | W27: =LOG10(R27) -> -5.7807583 | X27: =LN(((10^1.5)/(0.015^2))*EXP(-33000/(1.987*(273+B27)))) -> -12.809545 | Y27: =U27-X27 -> -0.5011428 | AA27: =(I27 * PI()) / (18 * F27) -> 2.9137139e-05 | AB27: =(1 / (PI()^2 * F27)) * (PI()^2 / 3 - PI()^2 / (3 * SQRT(1 - (PI() / 3) * I27))) -> -5.9497662e-05 | AC27: =(-1) / (PI()^2 * F27 * (1 - I27)) -> -7.0537683e-05
A28: 25 | B28: 300.2 | C28: 120 | D28: {='Raw Data and Corrections'!AC86:AD86} -> 0.70246649 | E28: 1.2259902 | F28: =60*C28 -> 7200 | G28: =D28+G27 -> 371.85154 | H28: =E28+H60 -> 4.3587436 | I28: =G28/$G$29 -> 0.60213412 | J28: =2*(((H28/(2*$G$29))^2+($H$29*G28/(2*($G$29^2)))^2)^0.5) -> 0.007058054 | L28: =((I28^2-I27^2)*PI())/(36*F28) -> 1.6587348e-08 | M28: =2*((((J28/2)*AA28)^2+((J27/2)*AA27)^2)^0.5) -> 2.3678042e-07 | N28: =(1/(PI()*PI()*F28))*(-(I28-I27)*PI()*PI()/3-2*PI()*(SQRT(1-PI()/3*I28)-SQRT(1-PI()/3*I27))) -> 3.3908741e-08 | O28: =2*((((J28/2)*AB28)^2+((J27/2)*AB27)^2)^0.5) -> 4.8370601e-07 | P28: =(1/(PI()^2*F28))*LN((1-I27)/(1-I28)) -> 4.0175403e-08 | Q28: =2*((((J28/2)*AC28)^2+((J27/2)*AC27)^2)^0.5) -> 5.7332302e-07 | R28: =(I28<0.05)*L28+((I28>=0.05)*(I28<0.9))*N28+(I28>=0.9)*P28 -> 3.3908741e-08 | S28: =(I28<0.05)*M28+((I28>=0.05)*(I28<0.9))*O28+(I28>=0.9)*Q28 -> 4.8370601e-07 | T28: =10000/(273+B28) -> 17.445918 | U28: =LN(R28) -> -17.199593 | V28: =S28/R28 -> 14.264936 | W28: =LOG10(R28) -> -7.4696883 | X28: =LN(((10^1.5)/(0.015^2))*EXP(-33000/(1.987*(273+B28)))) -> -17.120808 | Y28: =U28-X28 -> -0.078785047 | AA28: =(I28 * PI()) / (18 * F28) -> 1.4596143e-05 | AB28: =(1 / (PI()^2 * F28)) * (PI()^2 / 3 - PI()^2 / (3 * SQRT(1 - (PI() / 3) * I28))) -> -2.9871326e-05 | AC28: =(-1) / (PI()^2 * F28 * (1 - I28)) -> -3.5369675e-05
A29: Rest | D29: =(194.2*3.18)-G28 -> 245.70446 | F29: =3600*C29 -> 0 | G29: =D29+G28 -> 617.556 | I29: =G29/$G$29 -> 1
AA33: Derivatives for Error Propagation
A34: Uncorrected | G34: Σ 4He | H34: 2σ | I34: Fi+1 | J34: 2σ | L34: D<10% | M34: 2σ | N34: D<90% | O34: 2σ | P34: D>90% | Q34: 2σ | R34: D/a^2 | S34: 2σ | T34: 10000/TK | U34: ln(d/a^2) | V34: 2σ | W34: Log(D/a2) | AA34: (signs don't matter, terms are squared)
L35: EQ1 | N35: EQ2 | P35: EQ3 | AA35: dEQ1/dF | AB35: dEQ2/dF | AC35: dEQ3/dF
A36: Step | B36: Temp © | C36: Minutes | D36: 4He unorrected (nccSTP) | E36: 2 sigma | F36: Seconds | G36: 0 | H36: 0 | I36: 0 | J36: 0 | AA36: 0 | AB36: 0 | AC36: 0
A37: 1 | B37: 100 | C37: 240 | D37: =G37-G36 -> 0.18987411 | E37: =H37-H36 -> 0.0012667142 | F37: 18000 | G37: {='Raw Data and Corrections'!T12:U12} -> 0.18987411 | H37: 0.0012667142 | I37: =G37/$G$62 -> 0.00031065993 | J37: =2*(((H37/(2*$G$62))^2+($H$62*G37/(2*($G$62^2)))^2)^0.5) -> 2.0725172e-06 | L37: =((I37^2-I36^2)*PI())/(36*F37) -> 4.6789172e-13 | M37: =2*((((J37/2)*AA37)^2+((J36/2)*AA36)^2)^0.5) -> 6.2429269e-15 | N37: =(1/(PI()*PI()*F37))*(-(I37-I36)*PI()*PI()/3-2*PI()*(SQRT(1-PI()/3*I37)-SQRT(1-PI()/3*I36))) -> 4.6796784e-13 | O37: =2*((((J37/2)*AB37)^2+((J36/2)*AB36)^2)^0.5) -> 6.2444505e-15 | P37: =(1/(PI()^2*F37))*LN((1-I36)/(1-I37)) -> 1.7489624e-09 | Q37: =2*((((J37/2)*AC37)^2+((J36/2)*AC36)^2)^0.5) -> 1.1669731e-11 | R37: =(I37<0.05)*L37+((I37>=0.05)*(I37<0.9))*N37+(I37>=0.9)*P37 -> 4.6789172e-13 | S37: =(I37<0.05)*M37+((I37>=0.05)*(I37<0.9))*O37+(I37>=0.9)*Q37 -> 6.2429269e-15 | T37: =10000/(273+B37) -> 26.809651 | U37: =LN(R37) -> -28.390539 | V37: =S37/R37 -> 0.013342675 | W37: =LOG10(R37) -> -12.329855 | AA37: =(I37 * PI()) / (18 * F37) -> 3.0122437e-09 | AB37: =(1 / (PI()^2 * F37)) * (PI()^2 / 3 - PI()^2 / (3 * SQRT(1 - (PI() / 3) * I37))) -> -3.0129789e-09 | AC37: =(-1) / (PI()^2 * F37 * (1 - I37)) -> -5.6307039e-06
A38: 2 | B38: 150 | C38: 240 | D38: =G38-G37 -> 0.32409536 | E38: =H38-H37 -> 0.0014688618 | F38: 27780 | G38: {='Raw Data and Corrections'!T16:U16} -> 0.51396947 | H38: 0.002735576 | I38: =G38/$G$62 -> 0.00084092414 | J38: =2*(((H38/(2*$G$62))^2+($H$62*G38/(2*($G$62^2)))^2)^0.5) -> 4.4757754e-06 | L38: =((I38^2-I37^2)*PI())/(36*F38) -> 1.9182407e-12 | M38: =2*((((J38/2)*AA38)^2+((J37/2)*AA37)^2)^0.5) -> 2.4456896e-14 | N38: =(1/(PI()*PI()*F38))*(-(I38-I37)*PI()*PI()/3-2*PI()*(SQRT(1-PI()/3*I38)-SQRT(1-PI()/3*I37))) -> 1.91917e-12 | O38: =2*((((J38/2)*AB38)^2+((J37/2)*AB37)^2)^0.5) -> 2.4472396e-14 | P38: =(1/(PI()^2*F38))*LN((1-I37)/(1-I38)) -> 1.9351314e-09 | Q38: =2*((((J38/2)*AC38)^2+((J37/2)*AC37)^2)^0.5) -> 2.0077755e-11 | R38: =(I38<0.05)*L38+((I38>=0.05)*(I38<0.9))*N38+(I38>=0.9)*P38 -> 1.9182407e-12 | S38: =(I38<0.05)*M38+((I38>=0.05)*(I38<0.9))*O38+(I38>=0.9)*Q38 -> 2.4456896e-14 | T38: =10000/(273+B38) -> 23.640662 | U38: =LN(R38) -> -26.979613 | V38: =S38/R38 -> 0.012749649 | W38: =LOG10(R38) -> -11.717097 | AA38: =(I38 * PI()) / (18 * F38) -> 5.2832595e-09 | AB38: =(1 / (PI()^2 * F38)) * (PI()^2 / 3 - PI()^2 / (3 * SQRT(1 - (PI() / 3) * I38))) -> -5.2867515e-09 | AC38: =(-1) / (PI()^2 * F38 * (1 - I38)) -> -3.6503405e-06
A39: 3 | B39: 200.1 | C39: 240 | D39: =G39-G38 -> 0.96695127 | E39: =H39-H38 -> 0.0061776089 | F39: 33000 | G39: {='Raw Data and Corrections'!T20:U20} -> 1.4809207 | H39: 0.0089131849 | I39: =G39/$G$62 -> 0.0024229883 | J39: =2*(((H39/(2*$G$62))^2+($H$62*G39/(2*($G$62^2)))^2)^0.5) -> 1.4583186e-05 | L39: =((I39^2-I38^2)*PI())/(36*F39) -> 1.3655136e-11 | M39: =2*((((J39/2)*AA39)^2+((J38/2)*AA38)^2)^0.5) -> 1.8837196e-13 | N39: =(1/(PI()*PI()*F39))*(-(I39-I38)*PI()*PI()/3-2*PI()*(SQRT(1-PI()/3*I39)-SQRT(1-PI()/3*I38))) -> 1.3674039e-11 | O39: =2*((((J39/2)*AB39)^2+((J38/2)*AB38)^2)^0.5) -> 1.887275e-13 | P39: =(1/(PI()^2*F39))*LN((1-I38)/(1-I39)) -> 4.8654142e-09 | Q39: =2*((((J39/2)*AC39)^2+((J38/2)*AC38)^2)^0.5) -> 4.7765196e-11 | R39: =(I39<0.05)*L39+((I39>=0.05)*(I39<0.9))*N39+(I39>=0.9)*P39 -> 1.3655136e-11 | S39: =(I39<0.05)*M39+((I39>=0.05)*(I39<0.9))*O39+(I39>=0.9)*Q39 -> 1.8837196e-13 | T39: =10000/(273+B39) -> 21.13718 | U39: =LN(R39) -> -25.016905 | V39: =S39/R39 -> 0.013794954 | W39: =LOG10(R39) -> -10.864704 | AA39: =(I39 * PI()) / (18 * F39) -> 1.2814886e-08 | AB39: =(1 / (PI()^2 * F39)) * (PI()^2 / 3 - PI()^2 / (3 * SQRT(1 - (PI() / 3) * I39))) -> -1.2839324e-08 | AC39: =(-1) / (PI()^2 * F39 * (1 - I39)) -> -3.0777964e-06
A40: 4 | B40: 250.2 | C40: 60 | D40: =G40-G39 -> 1.1632673 | E40: =H40-H39 -> 0.0052127779 | F40: 30000 | G40: {='Raw Data and Corrections'!T24:U24} -> 2.644188 | H40: 0.014125963 | I40: =G40/$G$62 -> 0.0043262522 | J40: =2*(((H40/(2*$G$62))^2+($H$62*G40/(2*($G$62^2)))^2)^0.5) -> 2.3112001e-05 | L40: =((I40^2-I39^2)*PI())/(36*F40) -> 3.7366294e-11 | M40: =2*((((J40/2)*AA40)^2+((J39/2)*AA39)^2)^0.5) -> 6.1099079e-13 | N40: =(1/(PI()*PI()*F40))*(-(I40-I39)*PI()*PI()/3-2*PI()*(SQRT(1-PI()/3*I40)-SQRT(1-PI()/3*I39))) -> 3.7468271e-11 | O40: =2*((((J40/2)*AB40)^2+((J39/2)*AB39)^2)^0.5) -> 6.1298881e-13 | P40: =(1/(PI()^2*F40))*LN((1-I39)/(1-I40)) -> 6.4497992e-09 | Q40: =2*((((J40/2)*AC40)^2+((J39/2)*AC39)^2)^0.5) -> 9.0336435e-11 | R40: =(I40<0.05)*L40+((I40>=0.05)*(I40<0.9))*N40+(I40>=0.9)*P40 -> 3.7366294e-11 | S40: =(I40<0.05)*M40+((I40>=0.05)*(I40<0.9))*O40+(I40>=0.9)*Q40 -> 6.1099079e-13 | T40: =10000/(273+B40) -> 19.11315 | U40: =LN(R40) -> -24.010252 | V40: =S40/R40 -> 0.016351389 | W40: =LOG10(R40) -> -10.42752 | AA40: =(I40 * PI()) / (18 * F40) -> 2.5169115e-08 | AB40: =(1 / (PI()^2 * F40)) * (PI()^2 / 3 - PI()^2 / (3 * SQRT(1 - (PI() / 3) * I40))) -> -2.5254959e-08 | AC40: =(-1) / (PI()^2 * F40 * (1 - I40)) -> -3.3920476e-06
A41: 5 | B41: 270.3 | C41: 60 | D41: =G41-G40 -> 2.5842836 | E41: =H41-H40 -> 0.016730802 | F41: 28500 | G41: {='Raw Data and Corrections'!T27:U27} -> 5.2284716 | H41: 0.030856764 | I41: =G41/$G$62 -> 0.0085544925 | J41: =2*(((H41/(2*$G$62))^2+($H$62*G41/(2*($G$62^2)))^2)^0.5) -> 5.0485874e-05 | L41: =((I41^2-I40^2)*PI())/(36*F41) -> 1.6676432e-10 | M41: =2*((((J41/2)*AA41)^2+((J40/2)*AA40)^2)^0.5) -> 2.7080389e-12 | N41: =(1/(PI()*PI()*F41))*(-(I41-I40)*PI()*PI()/3-2*PI()*(SQRT(1-PI()/3*I41)-SQRT(1-PI()/3*I40))) -> 1.6764345e-10 | O41: =2*((((J41/2)*AB41)^2+((J40/2)*AB40)^2)^0.5) -> 2.7259512e-12 | P41: =(1/(PI()^2*F41))*LN((1-I40)/(1-I41)) -> 1.5129403e-08 | Q41: =2*((((J41/2)*AC41)^2+((J40/2)*AC40)^2)^0.5) -> 1.9727858e-10 | R41: =(I41<0.05)*L41+((I41>=0.05)*(I41<0.9))*N41+(I41>=0.9)*P41 -> 1.6676432e-10 | S41: =(I41<0.05)*M41+((I41>=0.05)*(I41<0.9))*O41+(I41>=0.9)*Q41 -> 2.7080389e-12 | T41: =10000/(273+B41) -> 18.406037 | U41: =LN(R41) -> -22.51444 | V41: =S41/R41 -> 0.016238718 | W41: =LOG10(R41) -> -9.7778969 | AA41: =(I41 * PI()) / (18 * F41) -> 5.2387389e-08 | AB41: =(1 / (PI()^2 * F41)) * (PI()^2 / 3 - PI()^2 / (3 * SQRT(1 - (PI() / 3) * I41))) -> -5.2742012e-08 | AC41: =(-1) / (PI()^2 * F41 * (1 - I41)) -> -3.585804e-06
A42: 6 | B42: 290.3 | C42: 60 | D42: =G42-G41 -> 5.0975203 | E42: =H42-H41 -> 0.03512521 | F42: 27000 | G42: {='Raw Data and Corrections'!T30:U30} -> 10.325992 | H42: 0.065981974 | I42: =G42/$G$62 -> 0.016894731 | J42: =2*(((H42/(2*$G$62))^2+($H$62*G42/(2*($G$62^2)))^2)^0.5) -> 0.00010795551 | L42: =((I42^2-I41^2)*PI())/(36*F42) -> 6.8601972e-10 | M42: =2*((((J42/2)*AA42)^2+((J41/2)*AA41)^2)^0.5) -> 1.2082903e-11 | N42: =(1/(PI()*PI()*F42))*(-(I42-I41)*PI()*PI()/3-2*PI()*(SQRT(1-PI()/3*I42)-SQRT(1-PI()/3*I41))) -> 6.9320657e-10 | O42: =2*((((J42/2)*AB42)^2+((J41/2)*AB41)^2)^0.5) -> 1.2241768e-11 | P42: =(1/(PI()^2*F42))*LN((1-I41)/(1-I42)) -> 3.1701457e-08 | Q42: =2*((((J42/2)*AC42)^2+((J41/2)*AC41)^2)^0.5) -> 4.5009162e-10 | R42: =(I42<0.05)*L42+((I42>=0.05)*(I42<0.9))*N42+(I42>=0.9)*P42 -> 6.8601972e-10 | S42: =(I42<0.05)*M42+((I42>=0.05)*(I42<0.9))*O42+(I42>=0.9)*Q42 -> 1.2082903e-11 | T42: =10000/(273+B42) -> 17.75253 | U42: =LN(R42) -> -21.100115 | V42: =S42/R42 -> 0.017613055 | W42: =LOG10(R42) -> -9.1636634 | AA42: =(I42 * PI()) / (18 * F42) -> 1.0921062e-07 | AB42: =(1 / (PI()^2 * F42)) * (PI()^2 / 3 - PI()^2 / (3 * SQRT(1 - (PI() / 3) * I42))) -> -1.1068145e-07 | AC42: =(-1) / (PI()^2 * F42 * (1 - I42)) -> -3.8171257e-06
A43: 7 | B43: 300.3 | C43: 60 | D43: =G43-G42 -> 7.4494554 | E43: =H43-H42 -> 0.046035533 | F43: 25500 | G43: {='Raw Data and Corrections'!T34:U34} -> 17.775447 | H43: 0.11201751 | I43: =G43/$G$62 -> 0.029083056 | J43: =2*(((H43/(2*$G$62))^2+($H$62*G43/(2*($G$62^2)))^2)^0.5) -> 0.00018327592 | L43: =((I43^2-I42^2)*PI())/(36*F43) -> 1.9177821e-09 | M43: =2*((((J43/2)*AA43)^2+((J42/2)*AA42)^2)^0.5) -> 3.8340086e-11 | N43: =(1/(PI()*PI()*F43))*(-(I43-I42)*PI()*PI()/3-2*PI()*(SQRT(1-PI()/3*I43)-SQRT(1-PI()/3*I42))) -> 1.9539802e-09 | O43: =2*((((J43/2)*AB43)^2+((J42/2)*AB42)^2)^0.5) -> 3.9202692e-11 | P43: =(1/(PI()^2*F43))*LN((1-I42)/(1-I43)) -> 4.9569008e-08 | Q43: =2*((((J43/2)*AC43)^2+((J42/2)*AC42)^2)^0.5) -> 8.5578446e-10 | R43: =(I43<0.05)*L43+((I43>=0.05)*(I43<0.9))*N43+(I43>=0.9)*P43 -> 1.9177821e-09 | S43: =(I43<0.05)*M43+((I43>=0.05)*(I43<0.9))*O43+(I43>=0.9)*Q43 -> 3.8340086e-11 | T43: =10000/(273+B43) -> 17.442875 | U43: =LN(R43) -> -20.072096 | V43: =S43/R43 -> 0.019991888 | W43: =LOG10(R43) -> -8.7172007 | AA43: =(I43 * PI()) / (18 * F43) -> 1.9905689e-07 | AB43: =(1 / (PI()^2 * F43)) * (PI()^2 / 3 - PI()^2 / (3 * SQRT(1 - (PI() / 3) * I43))) -> -2.0372227e-07 | AC43: =(-1) / (PI()^2 * F43 * (1 - I43)) -> -4.0923992e-06
A44: 8 | B44: 285.3 | C44: 60 | D44: =G44-G43 -> 6.0406196 | E44: =H44-H43 -> 0.025580401 | F44: 54480 | G44: {='Raw Data and Corrections'!T37:U37} -> 23.816067 | H44: 0.13759791 | I44: =G44/$G$62 -> 0.038966333 | J44: =2*(((H44/(2*$G$62))^2+($H$62*G44/(2*($G$62^2)))^2)^0.5) -> 0.00022512894 | L44: =((I44^2-I43^2)*PI())/(36*F44) -> 1.0772971e-09 | M44: =2*((((J44/2)*AA44)^2+((J43/2)*AA43)^2)^0.5) -> 4.605182e-11 | N44: =(1/(PI()*PI()*F44))*(-(I44-I43)*PI()*PI()/3-2*PI()*(SQRT(1-PI()/3*I44)-SQRT(1-PI()/3*I43))) -> 1.1071896e-09 | O44: =2*((((J44/2)*AB44)^2+((J43/2)*AB43)^2)^0.5) -> 4.7272932e-11 | P44: =(1/(PI()^2*F44))*LN((1-I43)/(1-I44)) -> 1.9028384e-08 | Q44: =2*((((J44/2)*AC44)^2+((J43/2)*AC43)^2)^0.5) -> 8.6738926e-10 | R44: =(I44<0.05)*L44+((I44>=0.05)*(I44<0.9))*N44+(I44>=0.9)*P44 -> 1.0772971e-09 | S44: =(I44<0.05)*M44+((I44>=0.05)*(I44<0.9))*O44+(I44>=0.9)*Q44 -> 4.605182e-11 | T44: =10000/(273+B44) -> 17.911517 | U44: =LN(R44) -> -20.648811 | V44: =S44/R44 -> 0.042747558 | W44: =LOG10(R44) -> -8.9676645 | AA44: =(I44 * PI()) / (18 * F44) -> 1.2483311e-07 | AB44: =(1 / (PI()^2 * F44)) * (PI()^2 / 3 - PI()^2 / (3 * SQRT(1 - (PI() / 3) * I44))) -> -1.2878824e-07 | AC44: =(-1) / (PI()^2 * F44 * (1 - I44)) -> -1.9351942e-06
A45: 9 | B45: 275.2 | C45: 80 | D45: =G45-G44 -> 5.469777 | E45: =H45-H44 -> 0.020226645 | F45: 27000 | G45: {='Raw Data and Corrections'!T40:U40} -> 29.285844 | H45: 0.15782455 | I45: =G45/$G$62 -> 0.047915634 | J45: =2*(((H45/(2*$G$62))^2+($H$62*G45/(2*($G$62^2)))^2)^0.5) -> 0.00025822249 | L45: =((I45^2-I44^2)*PI())/(36*F45) -> 2.5130572e-09 | M45: =2*((((J45/2)*AA45)^2+((J44/2)*AA44)^2)^0.5) -> 8.4774483e-11 | N45: =(1/(PI()*PI()*F45))*(-(I45-I44)*PI()*PI()/3-2*PI()*(SQRT(1-PI()/3*I45)-SQRT(1-PI()/3*I44))) -> 2.6025248e-09 | O45: =2*((((J45/2)*AB45)^2+((J44/2)*AB44)^2)^0.5) -> 8.803379e-11 | P45: =(1/(PI()^2*F45))*LN((1-I44)/(1-I45)) -> 3.5108882e-08 | Q45: =2*((((J45/2)*AC45)^2+((J44/2)*AC44)^2)^0.5) -> 1.1071083e-09 | R45: =(I45<0.05)*L45+((I45>=0.05)*(I45<0.9))*N45+(I45>=0.9)*P45 -> 2.5130572e-09 | S45: =(I45<0.05)*M45+((I45>=0.05)*(I45<0.9))*O45+(I45>=0.9)*Q45 -> 8.4774483e-11 | T45: =10000/(273+B45) -> 18.241518 | U45: =LN(R45) -> -19.801766 | V45: =S45/R45 -> 0.033733607 | W45: =LOG10(R45) -> -8.5997976 | AA45: =(I45 * PI()) / (18 * F45) -> 3.097354e-07 | AB45: =(1 / (PI()^2 * F45)) * (PI()^2 / 3 - PI()^2 / (3 * SQRT(1 - (PI() / 3) * I45))) -> -3.2190143e-07 | AC45: =(-1) / (PI()^2 * F45 * (1 - I45)) -> -3.9414957e-06
A46: 10 | B46: 255.2 | C46: 100 | D46: =G46-G45 -> 3.4353377 | E46: =H46-H45 -> 0.0082726032 | F46: 31200 | G46: {='Raw Data and Corrections'!T43:U43} -> 32.721182 | H46: 0.16609716 | I46: =G46/$G$62 -> 0.053536315 | J46: =2*(((H46/(2*$G$62))^2+($H$62*G46/(2*($G$62^2)))^2)^0.5) -> 0.0002717576 | L46: =((I46^2-I45^2)*PI())/(36*F46) -> 1.5949318e-09 | M46: =2*((((J46/2)*AA46)^2+((J45/2)*AA45)^2)^0.5) -> 1.1410821e-10 | N46: =(1/(PI()*PI()*F46))*(-(I46-I45)*PI()*PI()/3-2*PI()*(SQRT(1-PI()/3*I46)-SQRT(1-PI()/3*I45))) -> 1.6614986e-09 | O46: =2*((((J46/2)*AB46)^2+((J45/2)*AB45)^2)^0.5) -> 1.1887119e-10 | P46: =(1/(PI()^2*F46))*LN((1-I45)/(1-I46)) -> 1.922845e-08 | Q46: =2*((((J46/2)*AC46)^2+((J45/2)*AC45)^2)^0.5) -> 1.3803392e-09 | R46: =(I46<0.05)*L46+((I46>=0.05)*(I46<0.9))*N46+(I46>=0.9)*P46 -> 1.6614986e-09 | S46: =(I46<0.05)*M46+((I46>=0.05)*(I46<0.9))*O46+(I46>=0.9)*Q46 -> 1.1887119e-10 | T46: =10000/(273+B46) -> 18.932223 | U46: =LN(R46) -> -20.215546 | V46: =S46/R46 -> 0.071544563 | W46: =LOG10(R46) -> -8.7795 | AA46: =(I46 * PI()) / (18 * F46) -> 2.9948236e-07 | AB46: =(1 / (PI()^2 * F46)) * (PI()^2 / 3 - PI()^2 / (3 * SQRT(1 - (PI() / 3) * I46))) -> -3.126935e-07 | AC46: =(-1) / (PI()^2 * F46 * (1 - I46)) -> -3.4311658e-06
A47: 11 | B47: 300.3 | C47: 60 | D47: =G47-G46 -> 3.7712636 | E47: =H47-H46 -> 0.010273599 | F47: 66360 | G47: {='Raw Data and Corrections'!T46:U46} -> 36.492445 | H47: 0.17637076 | I47: =G47/$G$62 -> 0.059706616 | J47: =2*(((H47/(2*$G$62))^2+($H$62*G47/(2*($G$62^2)))^2)^0.5) -> 0.00028856661 | L47: =((I47^2-I46^2)*PI())/(36*F47) -> 9.1887933e-10 | M47: =2*((((J47/2)*AA47)^2+((J46/2)*AA46)^2)^0.5) -> 9.315152e-11 | N47: =(1/(PI()*PI()*F47))*(-(I47-I46)*PI()*PI()/3-2*PI()*(SQRT(1-PI()/3*I47)-SQRT(1-PI()/3*I46))) -> 9.6191914e-10 | O47: =2*((((J47/2)*AB47)^2+((J46/2)*AB46)^2)^0.5) -> 9.7379237e-11 | P47: =(1/(PI()^2*F47))*LN((1-I46)/(1-I47)) -> 9.9865578e-09 | Q47: =2*((((J47/2)*AC47)^2+((J46/2)*AC46)^2)^0.5) -> 1.0435585e-09 | R47: =(I47<0.05)*L47+((I47>=0.05)*(I47<0.9))*N47+(I47>=0.9)*P47 -> 9.6191914e-10 | S47: =(I47<0.05)*M47+((I47>=0.05)*(I47<0.9))*O47+(I47>=0.9)*Q47 -> 9.7379237e-11 | T47: =10000/(273+B47) -> 17.442875 | U47: =LN(R47) -> -20.762091 | V47: =S47/R47 -> 0.10123433 | W47: =LOG10(R47) -> -9.0168614 | AA47: =(I47 * PI()) / (18 * F47) -> 1.5703391e-07 | AB47: =(1 / (PI()^2 * F47)) * (PI()^2 / 3 - PI()^2 / (3 * SQRT(1 - (PI() / 3) * I47))) -> -1.6480371e-07 | AC47: =(-1) / (PI()^2 * F47 * (1 - I47)) -> -1.6237924e-06
A48: 12 | B48: 300.2 | C48: 120 | D48: =G48-G47 -> 9.8785743 | E48: =H48-H47 -> 0.066594107 | F48: 44400 | G48: {='Raw Data and Corrections'!T49:U49} -> 46.371019 | H48: 0.24296486 | I48: =G48/$G$62 -> 0.075869311 | J48: =2*(((H48/(2*$G$62))^2+($H$62*G48/(2*($G$62^2)))^2)^0.5) -> 0.00039752365 | L48: =((I48^2-I47^2)*PI())/(36*F48) -> 4.30686e-09 | M48: =2*((((J48/2)*AA48)^2+((J47/2)*AA47)^2)^0.5) -> 1.2692103e-10 | N48: =(1/(PI()*PI()*F48))*(-(I48-I47)*PI()*PI()/3-2*PI()*(SQRT(1-PI()/3*I48)-SQRT(1-PI()/3*I47))) -> 4.55193e-09 | O48: =2*((((J48/2)*AB48)^2+((J47/2)*AB47)^2)^0.5) -> 1.3479139e-10 | P48: =(1/(PI()^2*F48))*LN((1-I47)/(1-I48)) -> 3.9566463e-08 | Q48: =2*((((J48/2)*AC48)^2+((J47/2)*AC47)^2)^0.5) -> 1.0877284e-09 | R48: =(I48<0.05)*L48+((I48>=0.05)*(I48<0.9))*N48+(I48>=0.9)*P48 -> 4.55193e-09 | S48: =(I48<0.05)*M48+((I48>=0.05)*(I48<0.9))*O48+(I48>=0.9)*Q48 -> 1.3479139e-10 | T48: =10000/(273+B48) -> 17.445918 | U48: =LN(R48) -> -19.207715 | V48: =S48/R48 -> 0.02961192 | W48: =LOG10(R48) -> -8.3418044 | AA48: =(I48 * PI()) / (18 * F48) -> 2.9823632e-07 | AB48: =(1 / (PI()^2 * F48)) * (PI()^2 / 3 - PI()^2 / (3 * SQRT(1 - (PI() / 3) * I48))) -> -3.1727222e-07 | AC48: =(-1) / (PI()^2 * F48 * (1 - I48)) -> -2.4693571e-06
A49: 13 | B49: 300.1 | C49: 180 | D49: =G49-G48 -> 14.670722 | E49: =H49-H48 -> 0.1179919 | F49: 55200 | G49: {='Raw Data and Corrections'!T52:U52} -> 61.041741 | H49: 0.36095677 | I49: =G49/$G$62 -> 0.099872612 | J49: =2*(((H49/(2*$G$62))^2+($H$62*G49/(2*($G$62^2)))^2)^0.5) -> 0.00059057449 | L49: =((I49^2-I48^2)*PI())/(36*F49) -> 6.6689067e-09 | M49: =2*((((J49/2)*AA49)^2+((J48/2)*AA48)^2)^0.5) -> 2.2098565e-10 | N49: =(1/(PI()*PI()*F49))*(-(I49-I48)*PI()*PI()/3-2*PI()*(SQRT(1-PI()/3*I49)-SQRT(1-PI()/3*I48))) -> 7.1711871e-09 | O49: =2*((((J49/2)*AB49)^2+((J48/2)*AB48)^2)^0.5) -> 2.3858529e-10 | P49: =(1/(PI()^2*F49))*LN((1-I48)/(1-I49)) -> 4.8305984e-08 | Q49: =2*((((J49/2)*AC49)^2+((J48/2)*AC48)^2)^0.5) -> 1.5536772e-09 | R49: =(I49<0.05)*L49+((I49>=0.05)*(I49<0.9))*N49+(I49>=0.9)*P49 -> 7.1711871e-09 | S49: =(I49<0.05)*M49+((I49>=0.05)*(I49<0.9))*O49+(I49>=0.9)*Q49 -> 2.3858529e-10 | T49: =10000/(273+B49) -> 17.448962 | U49: =LN(R49) -> -18.753195 | V49: =S49/R49 -> 0.033269985 | W49: =LOG10(R49) -> -8.1444089 | AA49: =(I49 * PI()) / (18 * F49) -> 3.1578006e-07 | AB49: =(1 / (PI()^2 * F49)) * (PI()^2 / 3 - PI()^2 / (3 * SQRT(1 - (PI() / 3) * I49))) -> -3.4292671e-07 | AC49: =(-1) / (PI()^2 * F49 * (1 - I49)) -> -2.0391877e-06
A50: 14 | B50: 320.3 | C50: 60 | D50: =G50-G49 -> 7.6290093 | E50: =H50-H49 -> 0.027410935 | F50: 15600 | G50: {='Raw Data and Corrections'!T55:U55} -> 68.67075 | H50: 0.3883677 | I50: =G50/$G$62 -> 0.11235471 | J50: =2*(((H50/(2*$G$62))^2+($H$62*G50/(2*($G$62^2)))^2)^0.5) -> 0.00063542252 | L50: =((I50^2-I49^2)*PI())/(36*F50) -> 1.4818755e-08 | M50: =2*((((J50/2)*AA50)^2+((J49/2)*AA49)^2)^0.5) -> 8.2022456e-10 | N50: =(1/(PI()*PI()*F50))*(-(I50-I49)*PI()*PI()/3-2*PI()*(SQRT(1-PI()/3*I50)-SQRT(1-PI()/3*I49))) -> 1.6182406e-08 | O50: =2*((((J50/2)*AB50)^2+((J49/2)*AB49)^2)^0.5) -> 9.0001473e-10 | P50: =(1/(PI()^2*F50))*LN((1-I49)/(1-I50)) -> 9.0695983e-08 | Q50: =2*((((J50/2)*AC50)^2+((J49/2)*AC49)^2)^0.5) -> 4.8028563e-09 | R50: =(I50<0.05)*L50+((I50>=0.05)*(I50<0.9))*N50+(I50>=0.9)*P50 -> 1.6182406e-08 | S50: =(I50<0.05)*M50+((I50>=0.05)*(I50<0.9))*O50+(I50>=0.9)*Q50 -> 9.0001473e-10 | T50: =10000/(273+B50) -> 16.854879 | U50: =LN(R50) -> -17.939341 | V50: =S50/R50 -> 0.055616867 | W50: =LOG10(R50) -> -7.7909569 | AA50: =(I50 * PI()) / (18 * F50) -> 1.2570254e-06 | AB50: =(1 / (PI()^2 * F50)) * (PI()^2 / 3 - PI()^2 / (3 * SQRT(1 - (PI() / 3) * I50))) -> -1.3800778e-06 | AC50: =(-1) / (PI()^2 * F50 * (1 - I50)) -> -7.3170531e-06
A51: 15 | B51: 330.4 | C51: 60 | D51: =G51-G50 -> 11.35681 | E51: =H51-H50 -> 0.059343793 | F51: 31200 | G51: {='Raw Data and Corrections'!T58:U58} -> 80.027561 | H51: 0.4477115 | I51: =G51/$G$62 -> 0.130936 | J51: =2*(((H51/(2*$G$62))^2+($H$62*G51/(2*($G$62^2)))^2)^0.5) -> 0.00073251706 | L51: =((I51^2-I50^2)*PI())/(36*F51) -> 1.2644282e-08 | M51: =2*((((J51/2)*AA51)^2+((J50/2)*AA50)^2)^0.5) -> 9.6221673e-10 | N51: =(1/(PI()*PI()*F51))*(-(I51-I50)*PI()*PI()/3-2*PI()*(SQRT(1-PI()/3*I51)-SQRT(1-PI()/3*I50))) -> 1.4000009e-08 | O51: =2*((((J51/2)*AB51)^2+((J50/2)*AB50)^2)^0.5) -> 1.0619173e-09 | P51: =(1/(PI()^2*F51))*LN((1-I50)/(1-I51)) -> 6.8701754e-08 | Q51: =2*((((J51/2)*AC51)^2+((J50/2)*AC50)^2)^0.5) -> 5.3953266e-09 | R51: =(I51<0.05)*L51+((I51>=0.05)*(I51<0.9))*N51+(I51>=0.9)*P51 -> 1.4000009e-08 | S51: =(I51<0.05)*M51+((I51>=0.05)*(I51<0.9))*O51+(I51>=0.9)*Q51 -> 1.0619173e-09 | T51: =10000/(273+B51) -> 16.572754 | U51: =LN(R51) -> -18.084208 | V51: =S51/R51 -> 0.075851187 | W51: =LOG10(R51) -> -7.8538717 | AA51: =(I51 * PI()) / (18 * F51) -> 7.3245652e-07 | AB51: =(1 / (PI()^2 * F51)) * (PI()^2 / 3 - PI()^2 / (3 * SQRT(1 - (PI() / 3) * I51))) -> -8.1756517e-07 | AC51: =(-1) / (PI()^2 * F51 * (1 - I51)) -> -3.7367488e-06
A52: 16 | B52: 350.4 | C52: 60 | D52: =G52-G51 -> 20.043593 | E52: =H52-H51 -> 0.15922239 | F52: 70020 | G52: {='Raw Data and Corrections'!T61:U61} -> 100.07115 | H52: 0.60693388 | I52: =G52/$G$62 -> 0.16373005 | J52: =2*(((H52/(2*$G$62))^2+($H$62*G52/(2*($G$62^2)))^2)^0.5) -> 0.00099302659 | L52: =((I52^2-I51^2)*PI())/(36*F52) -> 1.2043437e-08 | M52: =2*((((J52/2)*AA52)^2+((J51/2)*AA51)^2)^0.5) -> 6.7239548e-10 | N52: =(1/(PI()*PI()*F52))*(-(I52-I51)*PI()*PI()/3-2*PI()*(SQRT(1-PI()/3*I52)-SQRT(1-PI()/3*I51))) -> 1.3653076e-08 | O52: =2*((((J52/2)*AB52)^2+((J51/2)*AB51)^2)^0.5) -> 7.5891798e-10 | P52: =(1/(PI()^2*F52))*LN((1-I51)/(1-I52)) -> 5.5660529e-08 | Q52: =2*((((J52/2)*AC52)^2+((J51/2)*AC51)^2)^0.5) -> 3.2318582e-09 | R52: =(I52<0.05)*L52+((I52>=0.05)*(I52<0.9))*N52+(I52>=0.9)*P52 -> 1.3653076e-08 | S52: =(I52<0.05)*M52+((I52>=0.05)*(I52<0.9))*O52+(I52>=0.9)*Q52 -> 7.5891798e-10 | T52: =10000/(273+B52) -> 16.041065 | U52: =LN(R52) -> -18.109301 | V52: =S52/R52 -> 0.05558586 | W52: =LOG10(R52) -> -7.8647695 | AA52: =(I52 * PI()) / (18 * F52) -> 4.0811604e-07 | AB52: =(1 / (PI()^2 * F52)) * (PI()^2 / 3 - PI()^2 / (3 * SQRT(1 - (PI() / 3) * I52))) -> -4.6942661e-07 | AC52: =(-1) / (PI()^2 * F52 * (1 - I52)) -> -1.7303408e-06
A53: 17 | B53: 370.4 | C53: 60 | D53: =G53-G52 -> 33.331184 | E53: =H53-H52 -> 0.32678643 | F53: 22200 | G53: {='Raw Data and Corrections'!T64:U64} -> 133.40234 | H53: 0.93372031 | I53: =G53/$G$62 -> 0.21826442 | J53: =2*(((H53/(2*$G$62))^2+($H$62*G53/(2*($G$62^2)))^2)^0.5) -> 0.0015276938 | L53: =((I53^2-I52^2)*PI())/(36*F53) -> 8.1888271e-08 | M53: =2*((((J53/2)*AA53)^2+((J52/2)*AA52)^2)^0.5) -> 2.6526042e-09 | N53: =(1/(PI()*PI()*F53))*(-(I53-I52)*PI()*PI()/3-2*PI()*(SQRT(1-PI()/3*I53)-SQRT(1-PI()/3*I52))) -> 9.6802919e-08 | O53: =2*((((J53/2)*AB53)^2+((J52/2)*AB52)^2)^0.5) -> 3.2120229e-09 | P53: =(1/(PI()^2*F53))*LN((1-I52)/(1-I53)) -> 3.0777408e-07 | Q53: =2*((((J53/2)*AC53)^2+((J52/2)*AC52)^2)^0.5) -> 9.0831597e-09 | R53: =(I53<0.05)*L53+((I53>=0.05)*(I53<0.9))*N53+(I53>=0.9)*P53 -> 9.6802919e-08 | S53: =(I53<0.05)*M53+((I53>=0.05)*(I53<0.9))*O53+(I53>=0.9)*Q53 -> 3.2120229e-09 | T53: =10000/(273+B53) -> 15.542431 | U53: =LN(R53) -> -16.150589 | V53: =S53/R53 -> 0.033181054 | W53: =LOG10(R53) -> -7.0141115 | AA53: =(I53 * PI()) / (18 * F53) -> 1.7159607e-06 | AB53: =(1 / (PI()^2 * F53)) * (PI()^2 / 3 - PI()^2 / (3 * SQRT(1 - (PI() / 3) * I53))) -> -2.080271e-06 | AC53: =(-1) / (PI()^2 * F53 * (1 - I53)) -> -5.8383133e-06
A54: 18 | B54: 385.4 | C54: 60 | D54: =G54-G53 -> 42.716321 | E54: =H54-H53 -> 0.39477549 | F54: 19200 | G54: {='Raw Data and Corrections'!T67:U67} -> 176.11866 | H54: 1.3284958 | I54: =G54/$G$62 -> 0.28815414 | J54: =2*(((H54/(2*$G$62))^2+($H$62*G54/(2*($G$62^2)))^2)^0.5) -> 0.0021736003 | L54: =((I54^2-I53^2)*PI())/(36*F54) -> 1.6086779e-07 | M54: =2*((((J54/2)*AA54)^2+((J53/2)*AA53)^2)^0.5) -> 6.2680309e-09 | N54: =(1/(PI()*PI()*F54))*(-(I54-I53)*PI()*PI()/3-2*PI()*(SQRT(1-PI()/3*I54)-SQRT(1-PI()/3*I53))) -> 2.0252585e-07 | O54: =2*((((J54/2)*AB54)^2+((J53/2)*AB53)^2)^0.5) -> 8.0754263e-09 | P54: =(1/(PI()^2*F54))*LN((1-I53)/(1-I54)) -> 4.9423186e-07 | Q54: =2*((((J54/2)*AC54)^2+((J53/2)*AC53)^2)^0.5) -> 1.8417373e-08 | R54: =(I54<0.05)*L54+((I54>=0.05)*(I54<0.9))*N54+(I54>=0.9)*P54 -> 2.0252585e-07 | S54: =(I54<0.05)*M54+((I54>=0.05)*(I54<0.9))*O54+(I54>=0.9)*Q54 -> 8.0754263e-09 | T54: =10000/(273+B54) -> 15.188335 | U54: =LN(R54) -> -15.412398 | V54: =S54/R54 -> 0.039873558 | W54: =LOG10(R54) -> -6.6935195 | AA54: =(I54 * PI()) / (18 * F54) -> 2.6193951e-06 | AB54: =(1 / (PI()^2 * F54)) * (PI()^2 / 3 - PI()^2 / (3 * SQRT(1 - (PI() / 3) * I54))) -> -3.4154366e-06 | AC54: =(-1) / (PI()^2 * F54 * (1 - I54)) -> -7.4133254e-06
A55: 19 | B55: 360.4 | C55: 60 | D55: =G55-G54 -> 27.786156 | E55: =H55-H54 -> 0.1448055 | F55: 15000 | G55: {='Raw Data and Corrections'!T70:U70} -> 203.90481 | H55: 1.4733013 | I55: =G55/$G$62 -> 0.33361608 | J55: =2*(((H55/(2*$G$62))^2+($H$62*G55/(2*($G$62^2)))^2)^0.5) -> 0.0024105218 | L55: =((I55^2-I54^2)*PI())/(36*F55) -> 1.6445005e-07 | M55: =2*((((J55/2)*AA55)^2+((J54/2)*AA54)^2)^0.5) -> 1.0953202e-08 | N55: =(1/(PI()*PI()*F55))*(-(I55-I54)*PI()*PI()/3-2*PI()*(SQRT(1-PI()/3*I55)-SQRT(1-PI()/3*I54))) -> 2.2009081e-07 | O55: =2*((((J55/2)*AB55)^2+((J54/2)*AB54)^2)^0.5) -> 1.4833515e-08 | P55: =(1/(PI()^2*F55))*LN((1-I54)/(1-I55)) -> 4.457824e-07 | Q55: =2*((((J55/2)*AC55)^2+((J54/2)*AC54)^2)^0.5) -> 2.9268949e-08 | R55: =(I55<0.05)*L55+((I55>=0.05)*(I55<0.9))*N55+(I55>=0.9)*P55 -> 2.2009081e-07 | S55: =(I55<0.05)*M55+((I55>=0.05)*(I55<0.9))*O55+(I55>=0.9)*Q55 -> 1.4833515e-08 | T55: =10000/(273+B55) -> 15.787812 | U55: =LN(R55) -> -15.329226 | V55: =S55/R55 -> 0.067397249 | W55: =LOG10(R55) -> -6.6573981 | AA55: =(I55 * PI()) / (18 * F55) -> 3.8817994e-06 | AB55: =(1 / (PI()^2 * F55)) * (PI()^2 / 3 - PI()^2 / (3 * SQRT(1 - (PI() / 3) * I55))) -> -5.3275337e-06 | AC55: =(-1) / (PI()^2 * F55 * (1 - I55)) -> -1.0136417e-05
A56: 20 | B56: 340.4 | C56: 60 | D56: =G56-G55 -> 14.941417 | E56: =H56-H55 -> 0.041921737 | F56: 12600 | G56: {='Raw Data and Corrections'!T73:U73} -> 218.84623 | H56: 1.515223 | I56: =G56/$G$62 -> 0.35806228 | J56: =2*(((H56/(2*$G$62))^2+($H$62*G56/(2*($G$62^2)))^2)^0.5) -> 0.0024791115 | L56: =((I56^2-I55^2)*PI())/(36*F56) -> 1.1710955e-07 | M56: =2*((((J56/2)*AA56)^2+((J55/2)*AA55)^2)^0.5) -> 1.5451422e-08 | N56: =(1/(PI()*PI()*F56))*(-(I56-I55)*PI()*PI()/3-2*PI()*(SQRT(1-PI()/3*I56)-SQRT(1-PI()/3*I55))) -> 1.6309084e-07 | O56: =2*((((J56/2)*AB56)^2+((J55/2)*AB55)^2)^0.5) -> 2.1603122e-08 | P56: =(1/(PI()^2*F56))*LN((1-I55)/(1-I56)) -> 3.0054328e-07 | Q56: =2*((((J56/2)*AC56)^2+((J55/2)*AC55)^2)^0.5) -> 3.9515086e-08 | R56: =(I56<0.05)*L56+((I56>=0.05)*(I56<0.9))*N56+(I56>=0.9)*P56 -> 1.6309084e-07 | S56: =(I56<0.05)*M56+((I56>=0.05)*(I56<0.9))*O56+(I56>=0.9)*Q56 -> 2.1603122e-08 | T56: =10000/(273+B56) -> 16.302576 | U56: =LN(R56) -> -15.628958 | V56: =S56/R56 -> 0.13246067 | W56: =LOG10(R56) -> -6.7875704 | AA56: =(I56 * PI()) / (18 * F56) -> 4.959814e-06 | AB56: =(1 / (PI()^2 * F56)) * (PI()^2 / 3 - PI()^2 / (3 * SQRT(1 - (PI() / 3) * I56))) -> -7.0072104e-06 | AC56: =(-1) / (PI()^2 * F56 * (1 - I56)) -> -1.2526704e-05
A57: 21 | B57: 325.2 | C57: 100 | D57: =G57-G56 -> 12.464747 | E57: =H57-H56 -> 0.031013797 | F57: 16200 | G57: {='Raw Data and Corrections'!T76:U76} -> 231.31098 | H57: 1.5462368 | I57: =G57/$G$62 -> 0.3784563 | J57: =2*(((H57/(2*$G$62))^2+($H$62*G57/(2*($G$62^2)))^2)^0.5) -> 0.0025298543 | L57: =((I57^2-I56^2)*PI())/(36*F57) -> 8.0913133e-08 | M57: =2*((((J57/2)*AA57)^2+((J56/2)*AA56)^2)^0.5) -> 1.6049652e-08 | N57: =(1/(PI()*PI()*F57))*(-(I57-I56)*PI()*PI()/3-2*PI()*(SQRT(1-PI()/3*I57)-SQRT(1-PI()/3*I56))) -> 1.1576163e-07 | O57: =2*((((J57/2)*AB57)^2+((J56/2)*AB56)^2)^0.5) -> 2.291395e-08 | P57: =(1/(PI()^2*F57))*LN((1-I56)/(1-I57)) -> 2.0192359e-07 | Q57: =2*((((J57/2)*AC57)^2+((J56/2)*AC56)^2)^0.5) -> 4.0155739e-08 | R57: =(I57<0.05)*L57+((I57>=0.05)*(I57<0.9))*N57+(I57>=0.9)*P57 -> 1.1576163e-07 | S57: =(I57<0.05)*M57+((I57>=0.05)*(I57<0.9))*O57+(I57>=0.9)*Q57 -> 2.291395e-08 | T57: =10000/(273+B57) -> 16.716817 | U57: =LN(R57) -> -15.971733 | V57: =S57/R57 -> 0.1979408 | W57: =LOG10(R57) -> -6.9364354 | AA57: =(I57 * PI()) / (18 * F57) -> 4.077351e-06 | AB57: =(1 / (PI()^2 * F57)) * (PI()^2 / 3 - PI()^2 / (3 * SQRT(1 - (PI() / 3) * I57))) -> -5.9064184e-06 | AC57: =(-1) / (PI()^2 * F57 * (1 - I57)) -> -1.0062678e-05
A58: 22 | B58: 400.1 | C58: 240 | D58: =G58-G57 -> 101.25427 | E58: =H58-H57 -> 1.53428 | F58: 19200 | G58: {='Raw Data and Corrections'!T79:U79} -> 332.56524 | H58: 3.0805168 | I58: =G58/$G$62 -> 0.54412209 | J58: =2*(((H58/(2*$G$62))^2+($H$62*G58/(2*($G$62^2)))^2)^0.5) -> 0.0050401456 | L58: =((I58^2-I57^2)*PI())/(36*F58) -> 6.9467592e-07 | M58: =2*((((J58/2)*AA58)^2+((J57/2)*AA57)^2)^0.5) -> 2.6979383e-08 | N58: =(1/(PI()*PI()*F58))*(-(I58-I57)*PI()*PI()/3-2*PI()*(SQRT(1-PI()/3*I58)-SQRT(1-PI()/3*I57))) -> 1.1383961e-06 | O58: =2*((((J58/2)*AB58)^2+((J57/2)*AB57)^2)^0.5) -> 4.8277672e-08 | P58: =(1/(PI()^2*F58))*LN((1-I57)/(1-I58)) -> 1.6358156e-06 | Q58: =2*((((J58/2)*AC58)^2+((J57/2)*AC57)^2)^0.5) -> 6.3655678e-08 | R58: =(I58<0.05)*L58+((I58>=0.05)*(I58<0.9))*N58+(I58>=0.9)*P58 -> 1.1383961e-06 | S58: =(I58<0.05)*M58+((I58>=0.05)*(I58<0.9))*O58+(I58>=0.9)*Q58 -> 4.8277672e-08 | T58: =10000/(273+B58) -> 14.856633 | U58: =LN(R58) -> -13.68589 | V58: =S58/R58 -> 0.0424085 | W58: =LOG10(R58) -> -5.9437066 | AA58: =(I58 * PI()) / (18 * F58) -> 4.9462094e-06 | AB58: =(1 / (PI()^2 * F58)) * (PI()^2 / 3 - PI()^2 / (3 * SQRT(1 - (PI() / 3) * I58))) -> -9.1082823e-06 | AC58: =(-1) / (PI()^2 * F58 * (1 - I58)) -> -1.1575786e-05
A59: 23 | B59: 350.3 | C59: 90 | D59: =G59-G58 -> 14.968587 | E59: =H59-H58 -> 0.026648766 | F59: 22200 | G59: {='Raw Data and Corrections'!T82:U82} -> 347.53383 | H59: 3.1071656 | I59: =G59/$G$62 -> 0.56861274 | J59: =2*(((H59/(2*$G$62))^2+($H$62*G59/(2*($G$62^2)))^2)^0.5) -> 0.0050837466 | L59: =((I59^2-I58^2)*PI())/(36*F59) -> 1.071239e-07 | M59: =2*((((J59/2)*AA59)^2+((J58/2)*AA58)^2)^0.5) -> 3.3733681e-08 | N59: =(1/(PI()*PI()*F59))*(-(I59-I58)*PI()*PI()/3-2*PI()*(SQRT(1-PI()/3*I59)-SQRT(1-PI()/3*I58))) -> 2.0153814e-07 | O59: =2*((((J59/2)*AB59)^2+((J58/2)*AB58)^2)^0.5) -> 6.3366603e-08 | P59: =(1/(PI()^2*F59))*LN((1-I58)/(1-I59)) -> 2.5201969e-07 | Q59: =2*((((J59/2)*AC59)^2+((J58/2)*AC58)^2)^0.5) -> 7.9352649e-08 | R59: =(I59<0.05)*L59+((I59>=0.05)*(I59<0.9))*N59+(I59>=0.9)*P59 -> 2.0153814e-07 | S59: =(I59<0.05)*M59+((I59>=0.05)*(I59<0.9))*O59+(I59>=0.9)*Q59 -> 6.3366603e-08 | T59: =10000/(273+B59) -> 16.043639 | U59: =LN(R59) -> -15.417287 | V59: =S59/R59 -> 0.31441495 | W59: =LOG10(R59) -> -6.6956428 | AA59: =(I59 * PI()) / (18 * F59) -> 4.4703443e-06 | AB59: =(1 / (PI()^2 * F59)) * (PI()^2 / 3 - PI()^2 / (3 * SQRT(1 - (PI() / 3) * I59))) -> -8.5919196e-06 | AC59: =(-1) / (PI()^2 * F59 * (1 - I59)) -> -1.0579861e-05
A60: 24 | B60: 400.4 | C60: 60 | D60: =G60-G59 -> 14.351377 | E60: =H60-H59 -> 0.025587789 | F60: 25200 | G60: {='Raw Data and Corrections'!T85:U85} -> 361.88521 | H60: 3.1327534 | I60: =G60/$G$62 -> 0.59209355 | J60: =2*(((H60/(2*$G$62))^2+($H$62*G60/(2*($G$62^2)))^2)^0.5) -> 0.0051256117 | L60: =((I60^2-I59^2)*PI())/(36*F60) -> 9.4380493e-08 | M60: =2*((((J60/2)*AA60)^2+((J59/2)*AA59)^2)^0.5) -> 3.0956026e-08 | N60: =(1/(PI()*PI()*F60))*(-(I60-I59)*PI()*PI()/3-2*PI()*(SQRT(1-PI()/3*I60)-SQRT(1-PI()/3*I59))) -> 1.8538257e-07 | O60: =2*((((J60/2)*AB60)^2+((J59/2)*AB59)^2)^0.5) -> 6.0728611e-08 | P60: =(1/(PI()^2*F60))*LN((1-I59)/(1-I60)) -> 2.250309e-07 | Q60: =2*((((J60/2)*AC60)^2+((J59/2)*AC59)^2)^0.5) -> 7.3792853e-08 | R60: =(I60<0.05)*L60+((I60>=0.05)*(I60<0.9))*N60+(I60>=0.9)*P60 -> 1.8538257e-07 | S60: =(I60<0.05)*M60+((I60>=0.05)*(I60<0.9))*O60+(I60>=0.9)*Q60 -> 6.0728611e-08 | T60: =10000/(273+B60) -> 14.850015 | U60: =LN(R60) -> -15.500844 | V60: =S60/R60 -> 0.32758533 | W60: =LOG10(R60) -> -6.7319311 | AA60: =(I60 * PI()) / (18 * F60) -> 4.1007865e-06 | AB60: =(1 / (PI()^2 * F60)) * (PI()^2 / 3 - PI()^2 / (3 * SQRT(1 - (PI() / 3) * I60))) -> -8.2314455e-06 | AC60: =(-1) / (PI()^2 * F60 * (1 - I60)) -> -9.8568725e-06
A61: 25 | B61: 300.2 | C61: 120 | D61: =G61-G60 -> 7.6999108 | E61: =H61-H60 -> 0.0079366595 | F61: 39120 | G61: {='Raw Data and Corrections'!T88:U88} -> 369.58512 | H61: 3.14069 | I61: =G61/$G$62 -> 0.60469165 | J61: =2*(((H61/(2*$G$62))^2+($H$62*G61/(2*($G$62^2)))^2)^0.5) -> 0.0051385972 | L61: =((I61^2-I60^2)*PI())/(36*F61) -> 3.3633334e-08 | M61: =2*((((J61/2)*AA61)^2+((J60/2)*AA60)^2)^0.5) -> 2.5179012e-08 | N61: =(1/(PI()*PI()*F61))*(-(I61-I60)*PI()*PI()/3-2*PI()*(SQRT(1-PI()/3*I61)-SQRT(1-PI()/3*I60))) -> 6.8339477e-08 | O61: =2*((((J61/2)*AB61)^2+((J60/2)*AB60)^2)^0.5) -> 5.0922631e-08 | P61: =(1/(PI()^2*F61))*LN((1-I60)/(1-I61)) -> 8.1253207e-08 | Q61: =2*((((J61/2)*AC61)^2+((J60/2)*AC60)^2)^0.5) -> 6.0712594e-08 | R61: =(I61<0.05)*L61+((I61>=0.05)*(I61<0.9))*N61+(I61>=0.9)*P61 -> 6.8339477e-08 | S61: =(I61<0.05)*M61+((I61>=0.05)*(I61<0.9))*O61+(I61>=0.9)*Q61 -> 5.0922631e-08 | T61: =10000/(273+B61) -> 17.445918 | U61: =LN(R61) -> -16.498778 | V61: =S61/R61 -> 0.74514223 | W61: =LOG10(R61) -> -7.1653283 | AA61: =(I61 * PI()) / (18 * F61) -> 2.697817e-06 | AB61: =(1 / (PI()^2 * F61)) * (PI()^2 / 3 - PI()^2 / (3 * SQRT(1 - (PI() / 3) * I61))) -> -5.5488807e-06 | AC61: =(-1) / (PI()^2 * F61 * (1 - I61)) -> -6.5518723e-06
A62: Rest | D62: =(192.2*3.18)-G61 -> 241.61088 | E62: 0 | F62: =3600*C62 -> 0 | G62: =D62+G61 -> 611.196 | H62: 0 | I62: =G62/$G$62 -> 1

Sheet STDs
A1: Standard Name | B1: Timestamp | C1: 2 Int | D1: 3 Int | E1: 4 Int | F1: Ratio Int | G1: Raw nCC | H1: BC nCC | I1: Blank | J1: Sensitivity
A2: Q9006 | B2: 45229.735 | C2: 1912.7964 | D2: 7075.9986 | E2: 9168.3041 | F2: =E2/D2 -> 1.2956905 | G2: 4.000855 | H2: 3.995819 | I2: =G2-H2 -> 0.005036 | J2: =G2/F2 -> 3.0878169
A3: Q9007 | B3: 45229.77 | C3: 1829.1388 | D3: 7241.0557 | E3: 9314.5864 | F3: =E3/D3 -> 1.2863575 | G3: 4.000092 | H3: 3.99502 | I3: =G3-H3 -> 0.005072 | J3: =G3/F3 -> 3.1096269
A4: Q9008 | B4: 45232.558 | C4: 611.95763 | D4: 7531.651 | E4: 9951.4319 | F4: =E4/D4 -> 1.3212816 | G4: 3.999158 | H4: 3.994221 | I4: =G4-H4 -> 0.004937 | J4: =G4/F4 -> 3.0267265
A5: Q9010 | B5: 45235.552 | C5: 936.58464 | D5: 7849.1801 | E5: 9522.7807 | F5: =E5/D5 -> 1.2132198 | G5: 3.997998 | H5: =G5-0.0054 -> 3.992598 | I5: =G5-H5 -> 0.0054 | J5: =G5/F5 -> 3.2953616
A6: Q9011 | B6: 45235.586 | C6: 917.64049 | D6: 7734.4132 | E6: 9337.7776 | F6: =E6/D6 -> 1.2073027 | G6: 3.997225 | H6: 3.991825 | I6: =G6-H6 -> 0.0054 | J6: =G6/F6 -> 3.3108724
A7: Q9056 | B7: 45259.769 | C7: 425.65026 | D7: 7175.1727 | E7: 9828.3039 | F7: =E7/D7 -> 1.3697655 | G7: 3.961206 | H7: 3.956056 | I7: =G7-H7 -> 0.00515 | J7: =G7/F7 -> 2.8918863
A8: Q9057 | B8: 45259.804 | C8: 431.0406 | D8: 7184.8336 | E8: 9852.8003 | F8: =E8/D8 -> 1.3713331 | G8: 3.960408 | H8: 3.955265 | I8: =G8-H8 -> 0.005143 | J8: =G8/F8 -> 2.8879985
E11: Total time between standards (days) | G11: Sensitivity (nccSTP 4He / Ratio) | H11: 2σ | I11: Blank (nccSTP 4He) | J11: 2σ
A12: Before experiment | E12: =F13-F12 -> 3.010897 | F12: =B4 -> 45232.558 | G12: =J4 -> 3.0267265 | H12: =2*_xlfn.STDEV.P(J3:J5) -> 0.22463276 | I12: =I4 -> 0.004937 | J12: =2*_xlfn.STDEV.P(I3:I5) -> 0.00038883187
A13: During experiment | E13: =F14-F13 -> 24.217164 | F13: =B5+(B6-B5)/2 -> 45235.569 | G13: =AVERAGE(J5:J6) -> 3.303117 | H13: =2*_xlfn.STDEV.P(J5:J6) -> 0.015510731 | I13: =AVERAGE(I5:I6) -> 0.0054 | J13: =2*_xlfn.STDEV.P(I4:I7) -> 0.00038701001
A14: After experiment | F14: =B7+(B8-B7)/2 -> 45259.786 | G14: =AVERAGE(J7:J8) -> 2.8899424 | H14: =2*_xlfn.STDEV.P(J5:J8) -> 0.4133293 | I14: =AVERAGE(I7:I8) -> 0.0051465 | J14: =2*_xlfn.STDEV.P(I5:I8) -> 0.00025354832
