Workbook

Sheet DistilledBoundingMethod
A1: Temp © | B1: Minutes | D1: 3He Measured (pccSTP) | E1: Σ 3He (pccSTP) | F1: ntUB 3He (pccSTP) | G1: 3He ωLB (pccSTP) | H1: 3He ωUB (pccSTP) | I1: 3He ln(d/a^2)LB | J1: 3He ln(d/a^2)m | K1: 3He ln(d/a^2)UB | M1: 4He Measured (nccSTP) | N1: Σ 4He (nccSTP) | O1: ntUB 4He (nccSTP) | P1: 4He ωLB (nccSTP) | Q1: 4He ωUB (nccSTP) | R1: 4He ln(d/a^2)LB | S1: 4He ln(d/a^2)m | T1: 4He ln(d/a^2)UB | U1: F 3He | V1: 4/3 HeLB / 4/3 bulk | W1: 4/3 Hem / 4/3 bulk | X1: 4/3HeUB / 4/3 bulk
A2: 170 | B2: 300 | D2: ='Raw Data and Corrections'!Q5 -> 0.96295642 | E2: ='Raw Data and Corrections'!AG8 -> 1.0799346 | F2: -- | G2: -- | H2: -- | I2: -- | J2: -- | K2: -- | M2: ='Raw Data and Corrections'!S5 -> 0.019201958 | N2: ='Raw Data and Corrections'!AI8 -> 0.035498608 | O2: -- | P2: -- | Q2: -- | R2: -- | S2: -- | T2: -- | W2: ='Raw Data and Corrections'!BR5 -> 0.019747132
A3: 180 | B3: 463 | D3: ='Raw Data and Corrections'!Q9 -> 0.54418415 | E3: ='Raw Data and Corrections'!AG12 -> 1.6820294 | F3: -- | G3: -- | H3: -- | I3: -- | J3: -- | K3: -- | M3: ='Raw Data and Corrections'!S9 -> 0.030467213 | N3: ='Raw Data and Corrections'!AI12 -> 0.081744338 | O3: -- | P3: -- | Q3: -- | R3: -- | S3: -- | T3: -- | W3: ='Raw Data and Corrections'!BR9 -> 0.055443672
A4: 190 | B4: 550 | D4: ='Raw Data and Corrections'!Q13 -> 0.52920164 | E4: ='Raw Data and Corrections'!AG16 -> 2.2456606 | F4: ='Raw Data and Corrections'!BB13 -> 0.14264191 | G4: -- | H4: -- | I4: -- | J4: -- | K4: -- | M4: ='Raw Data and Corrections'!S13 -> 0.055770492 | N4: ='Raw Data and Corrections'!AI16 -> 0.14754099 | O4: ='Raw Data and Corrections'!BE13 -> 0.016987916 | P4: -- | Q4: -- | R4: -- | S4: -- | T4: -- | W4: ='Raw Data and Corrections'!BR13 -> 0.10436345
A5: 200 | B5: 500 | D5: ='Raw Data and Corrections'!Q17 -> 0.51895322 | E5: ='Raw Data and Corrections'!AG20 -> 2.802824 | F5: ='Raw Data and Corrections'!BB17 -> 0.1329938 | G5: =D5-F4 -> 0.37631132 | H5: =D5+F5 -> 0.65194703 | I5: {=diffusivitiesHTWin0601bLB!P7:P37} -> -21.950439 | J5: {=diffusivitiesHTWin0601bM!P7:P37} -> -21.682568 | K5: {=diffusivitiesHTWin0601bUB!P7:P37} -> -21.442505 | M5: ='Raw Data and Corrections'!S17 -> 0.10241379 | N5: ='Raw Data and Corrections'!AI20 -> 0.25955013 | O5: ='Raw Data and Corrections'!BE17 -> 0.029669814 | P5: =M5-O4 -> 0.085425877 | Q5: =M5+O5 -> 0.13208361 | R5: {=diffusivitiesHTWin0601bLB!P49:P79} -> -25.92825 | S5: {=diffusivitiesHTWin0601bM!P49:P79} -> -25.804652 | T5: {=diffusivitiesHTWin0601bUB!P49:P79} -> -25.49932 | U5: =(E4)/$E$36 -> 0.015367367 | W5: ='Raw Data and Corrections'!BR17 -> 0.19543187
A6: 210 | B6: 475 | D6: ='Raw Data and Corrections'!Q21 -> 0.57702821 | E6: ='Raw Data and Corrections'!AG24 -> 3.4217968 | F6: ='Raw Data and Corrections'!BB21 -> 0.13406376 | G6: =D6-F5 -> 0.44403441 | H6: =D6+F6 -> 0.71109197 | I6: -21.537403 | J6: -21.316647 | K6: -21.099286 | M6: ='Raw Data and Corrections'!S21 -> 0.1459873 | N6: ='Raw Data and Corrections'!AI24 -> 0.42289759 | O6: ='Raw Data and Corrections'!BE21 -> 0.038308281 | P6: =M6-O5 -> 0.11631749 | Q6: =M6+O6 -> 0.18429558 | R6: -25.017302 | S6: -24.859411 | T6: -24.594114 | U6: =(E5)/$E$36 -> 0.019180113 | V6: {='Raw Data and Corrections'!BQ21:BS21} -> 0.24633562 | W6: 0.25054352 | X6: 0.26532334
A7: 220 | B7: 450 | D7: ='Raw Data and Corrections'!Q25 -> 0.63333256 | E7: ='Raw Data and Corrections'!AG28 -> 4.0986663 | F7: ='Raw Data and Corrections'!BB25 -> 0.13488029 | G7: =D7-F6 -> 0.49926881 | H7: =D7+F7 -> 0.76821286 | I7: -21.187105 | J7: -20.984048 | K7: -20.784558 | M7: ='Raw Data and Corrections'!S25 -> 0.20905016 | N7: ='Raw Data and Corrections'!AI28 -> 0.6555735 | O7: ='Raw Data and Corrections'!BE25 -> 0.050257031 | P7: =M7-O6 -> 0.17074188 | Q7: =M7+O7 -> 0.2593072 | R7: -24.138954 | S7: -23.993963 | T7: -23.752853 | U7: =(E6)/$E$36 -> 0.02341583 | V7: {='Raw Data and Corrections'!BQ25:BS25} -> 0.32361175 | W7: 0.32687661 | X7: 0.34494014
A8: 230 | B8: 425 | D8: ='Raw Data and Corrections'!Q29 -> 0.78987805 | E8: ='Raw Data and Corrections'!AG32 -> 4.9329187 | F8: ='Raw Data and Corrections'!BB29 -> 0.15582339 | G8: =D8-F7 -> 0.65499776 | H8: =D8+F8 -> 0.94570144 | I8: -20.696261 | J8: -20.534732 | K8: -20.34638 | M8: ='Raw Data and Corrections'!S29 -> 0.32434102 | N8: ='Raw Data and Corrections'!AI32 -> 1.000444 | O8: ='Raw Data and Corrections'!BE29 -> 0.072209605 | P8: =M8-O7 -> 0.27408399 | Q8: =M8+O8 -> 0.39655063 | R8: -23.242019 | S8: -23.114411 | T8: -22.881621 | U8: =(E7)/$E$36 -> 0.028047742 | V8: {='Raw Data and Corrections'!BQ29:BS29} -> 0.40038942 | W8: 0.40663708 | X8: 0.42698914
A9: 225 | B9: 908 | D9: ='Raw Data and Corrections'!Q33 -> 0.75127118 | E9: ='Raw Data and Corrections'!AG37 -> 5.7114007 | F9: ='Raw Data and Corrections'!BB33 -> 0.06699477 | G9: =D9-F8 -> 0.59544779 | H9: =D9+F9 -> 0.81826595 | I9: -21.407593 | J9: -21.198779 | K9: -21.10995 | M9: ='Raw Data and Corrections'!S33 -> 0.34826733 | N9: ='Raw Data and Corrections'!AI37 -> 1.3643578 | O9: ='Raw Data and Corrections'!BE33 -> 0.034625206 | P9: =M9-O8 -> 0.27605772 | Q9: =M9+O9 -> 0.38289253 | R9: -23.654638 | S9: -23.46354 | T9: -23.358116 | U9: =(E8)/$E$36 -> 0.033756646 | V9: {='Raw Data and Corrections'!BQ33:BS33} -> 0.43990665 | W9: 0.45907237 | X9: 0.46933288
A10: 215 | B10: 450 | D10: ='Raw Data and Corrections'!Q38 -> 0.14151282 | E10: ='Raw Data and Corrections'!AG42 -> 5.8728625 | F10: ='Raw Data and Corrections'!BB38 -> 0.032510015 | G10: =D10-F9 -> 0.074518052 | H10: =D10+F10 -> 0.17402284 | I10: -22.515489 | J10: -21.985238 | K10: -21.798991 | M10: ='Raw Data and Corrections'!S38 -> 0.071590909 | N10: ='Raw Data and Corrections'!AI42 -> 1.4527785 | O10: ='Raw Data and Corrections'!BE38 -> 0.018584747 | P10: =M10-O9 -> 0.036965703 | Q10: =M10+O10 -> 0.090175656 | R10: -24.486026 | S10: -24.001326 | T10: -23.803978 | U10: =(E9)/$E$36 -> 0.039083907 | V10: {='Raw Data and Corrections'!BQ38:BS38} -> 0.5009879 | W10: 0.5009879 | X10: 0.530225
A11: 205 | B11: 520 | D11: ='Raw Data and Corrections'!Q43 -> 0.076269133 | E11: ='Raw Data and Corrections'!AG46 -> 5.9575573 | F11: ='Raw Data and Corrections'!BB43 -> 0.017161165 | G11: =D11-F10 -> 0.043759118 | H11: =D11+F11 -> 0.093430298 | I11: -23.235526 | J11: -22.754007 | K11: -22.568052 | M11: ='Raw Data and Corrections'!S43 -> 0.038451905 | N11: ='Raw Data and Corrections'!AI46 -> 1.5131326 | O11: ='Raw Data and Corrections'!BE43 -> 0.0097567832 | P11: =M11-O10 -> 0.019867158 | Q11: =M11+O11 -> 0.048208688 | R11: -24.838143 | S11: -24.476323 | T11: -24.323189 | U11: =(E10)/$E$36 -> 0.040188812 | V11: {='Raw Data and Corrections'!BQ43:BS43} -> 0.49926853 | W11: 0.49926853 | X11: 0.52774796
A12: 195 | B12: 1106 | D12: ='Raw Data and Corrections'!Q47 -> 0.067045156 | E12: ='Raw Data and Corrections'!AG50 -> 6.0383537 | F12: ='Raw Data and Corrections'!BB47 -> 0.0073345908 | G12: =D12-F11 -> 0.049883992 | H12: =D12+F12 -> 0.074379747 | I12: -23.779248 | J12: -23.541913 | K12: -23.45441 | M12: ='Raw Data and Corrections'!S47 -> 0.033582645 | N12: ='Raw Data and Corrections'!AI50 -> 1.5941014 | O12: ='Raw Data and Corrections'!BE47 -> 0.0040877758 | P12: =M12-O11 -> 0.023825861 | Q12: =M12+O12 -> 0.03767042 | R12: -25.015881 | S12: -24.890614 | T12: -24.840047 | U12: =(E11)/$E$36 -> 0.040768391 | V12: {='Raw Data and Corrections'!BQ47:BS47} -> 0.44642246 | W12: 0.49603536 | X12: 0.5096089
A13: 185 | B13: 740 | D13: ='Raw Data and Corrections'!Q51 -> 0.022678534 | E13: ='Raw Data and Corrections'!AG54 -> 6.0633602 | F13: ='Raw Data and Corrections'!BB51 -> 0.0046183251 | G13: =D13-F12 -> 0.015343943 | H13: =D13+F13 -> 0.027296859 | I13: -24.650631 | J13: -24.304076 | K13: -24.134217 | M13: ='Raw Data and Corrections'!S51 -> 0.0079399337 | N13: ='Raw Data and Corrections'!AI54 -> 1.6199227 | O13: ='Raw Data and Corrections'!BE51 -> 0.0018134793 | P13: =M13-O12 -> 0.0038521579 | Q13: =M13+O13 -> 0.009753413 | R13: -25.768907 | S13: -25.597834 | T13: -25.529395 | U13: =(E12)/$E$36 -> 0.041321292 | V13: {='Raw Data and Corrections'!BQ51:BS51} -> 0.23090847 | W13: 0.34671054 | X13: 0.36451263
A14: 175 | B14: 920 | D14: ='Raw Data and Corrections'!Q55 -> 0.018017912 | E14: ='Raw Data and Corrections'!AG58 -> 6.0856701 | F14: ='Raw Data and Corrections'!BB55 -> 0.0033584635 | G14: =D14-F13 -> 0.013399587 | H14: =D14+F14 -> 0.021376375 | I14: -24.86356 | J14: -24.631998 | K14: -24.491494 | M14: ='Raw Data and Corrections'!S55 -> 0.015191837 | N14: ='Raw Data and Corrections'!AI58 -> 1.6440059 | O14: ='Raw Data and Corrections'!BE55 -> 0.0031650678 | P14: =M14-O13 -> 0.013378357 | Q14: =M14+O14 -> 0.018356905 | R14: -25.947568 | S14: -25.869836 | T14: -25.745391 | U14: =(E13)/$E$36 -> 0.041492414 | V14: {='Raw Data and Corrections'!BQ55:BS55} -> 0.87407699 | W14: 0.83497021 | X14: 0.96492251
A15: 200 | B15: 260 | D15: ='Raw Data and Corrections'!Q59 -> 0.022423945 | E15: ='Raw Data and Corrections'!AG60 -> 6.1101518 | F15: ='Raw Data and Corrections'!BB59 -> 0.01360677 | G15: =D15-F14 -> 0.019065481 | H15: =D15+F15 -> 0.036030714 | I15: -23.418848 | J15: -23.271571 | K15: -22.828469 | M15: ='Raw Data and Corrections'!S59 -> 0.010662386 | N15: ='Raw Data and Corrections'!AI60 -> 1.6548136 | O15: ='Raw Data and Corrections'!BE59 -> 0.0076204226 | P15: =M15-O14 -> 0.0074973184 | Q15: =M15+O15 -> 0.018282809 | R15: -25.742315 | S15: -25.396759 | T15: -24.860835 | U15: =(E14)/$E$36 -> 0.041645084 | V15: {='Raw Data and Corrections'!BQ59:BS59} -> 0.37795257 | W15: 0.47087707 | X15: 0.54396774
A16: 210 | B16: 520 | D16: ='Raw Data and Corrections'!Q61 -> 0.081207065 | E16: ='Raw Data and Corrections'!AG64 -> 6.2030277 | F16: ='Raw Data and Corrections'!BB61 -> 0.01689741 | G16: =D16-F15 -> 0.067600295 | H16: =D16+F16 -> 0.098104474 | I16: -22.779112 | J16: -22.621801 | K16: -22.453276 | M16: ='Raw Data and Corrections'!S61 -> 0.21658617 | N16: ='Raw Data and Corrections'!AI64 -> 2.357893 | O16: ='Raw Data and Corrections'!BE61 -> 0.050770861 | P16: =M16-O15 -> 0.20896575 | Q16: =M16+O16 -> 0.26735703 | R16: -21.7278 | S16: -21.7188 | T16: -21.636502 | U16: =(E15)/$E$36 -> 0.041812616 | V16: {='Raw Data and Corrections'!BQ61:BS61} -> 2.6412047 | W16: 2.6412047 | X16: 2.7803903
A17: 220 | B17: 1167 | D17: ='Raw Data and Corrections'!Q65 -> 0.57662012 | E17: ='Raw Data and Corrections'!AG68 -> 6.7985877 | F17: ='Raw Data and Corrections'!BB65 -> 0.041885015 | G17: =D17-F16 -> 0.55972271 | H17: =D17+F17 -> 0.61850513 | I17: -21.545006 | J17: -21.517522 | K17: -21.44634 | M17: ='Raw Data and Corrections'!S65 -> 0.31868729 | N17: ='Raw Data and Corrections'!AI68 -> 2.9503223 | O17: ='Raw Data and Corrections'!BE65 -> 0.025747603 | P17: =M17-O16 -> 0.26791643 | Q17: =M17+O17 -> 0.34443489 | R17: -22.498688 | S17: -22.418611 | T17: -22.371229 | U17: =(E16)/$E$36 -> 0.042448178 | V17: {='Raw Data and Corrections'!BQ65:BS65} -> 0.47158837 | W17: 0.54731847 | X17: 0.55725925
A18: 230 | B18: 370 | D18: ='Raw Data and Corrections'!Q69 -> 0.35768644 | E18: ='Raw Data and Corrections'!AG72 -> 7.1814697 | F18: ='Raw Data and Corrections'!BB69 -> 0.083512558 | G18: =D18-F17 -> 0.31580143 | H18: =D18+F18 -> 0.441199 | I18: -20.850912 | J18: -20.738051 | K18: -20.53479 | M18: ='Raw Data and Corrections'!S69 -> 0.21132607 | N18: ='Raw Data and Corrections'!AI72 -> 3.2144133 | O18: ='Raw Data and Corrections'!BE69 -> 0.055900247 | P18: =M18-O17 -> 0.18557847 | Q18: =M18+O18 -> 0.26722632 | R18: -22.026684 | S18: -21.92827 | T18: -21.727244 | U18: =(E17)/$E$36 -> 0.046523678 | V18: {='Raw Data and Corrections'!BQ69:BS69} -> 0.57035381 | W18: 0.58508067 | X18: 0.61987309
A19: 240 | B19: 320 | D19: ='Raw Data and Corrections'!Q73 -> 0.67668226 | E19: ='Raw Data and Corrections'!AG76 -> 7.9194198 | F19: ='Raw Data and Corrections'!BB73 -> 0.16370415 | G19: =D19-F18 -> 0.5931697 | H19: =D19+F19 -> 0.84038642 | I19: -19.932296 | J19: -19.817939 | K19: -19.606322 | M19: ='Raw Data and Corrections'!S73 -> 0.42862848 | N19: ='Raw Data and Corrections'!AI76 -> 3.8370569 | O19: ='Raw Data and Corrections'!BE73 -> 0.1177548 | P19: =M19-O18 -> 0.37272823 | Q19: =M19+O19 -> 0.54638327 | R19: -20.877189 | S19: -20.791017 | T19: -20.601241 | U19: =(E18)/$E$36 -> 0.049143793 | V19: {='Raw Data and Corrections'!BQ73:BS73} -> 0.60763723 | W19: 0.62727991 | X19: 0.66602059
A20: 245 | B20: 250 | D20: ='Raw Data and Corrections'!Q77 -> 0.55490965 | E20: ='Raw Data and Corrections'!AG80 -> 8.5151292 | F20: ='Raw Data and Corrections'!BB77 -> 0.17093539 | G20: =D20-F19 -> 0.3912055 | H20: =D20+F20 -> 0.72584504 | I20: -20.007753 | J20: -19.696804 | K20: -19.433687 | M20: ='Raw Data and Corrections'!S77 -> 0.3988199 | N20: ='Raw Data and Corrections'!AI80 -> 4.2823757 | O20: ='Raw Data and Corrections'!BE77 -> 0.14022142 | P20: =M20-O19 -> 0.2810651 | Q20: =M20+O20 -> 0.53904132 | R20: -21.031025 | S20: -20.738317 | T20: -20.44745 | U20: =(E19)/$E$36 -> 0.054193687 | V20: {='Raw Data and Corrections'!BQ77:BS77} -> 0.66400113 | W20: 0.71173724 | X20: 0.76752356
A21: 250 | B21: 210 | D21: ='Raw Data and Corrections'!Q81 -> 0.69344251 | E21: ='Raw Data and Corrections'!AG84 -> 9.2547748 | F21: ='Raw Data and Corrections'!BB81 -> 0.24861074 | G21: =D21-F20 -> 0.52250712 | H21: =D21+F21 -> 0.94205325 | I21: -19.476852 | J21: -19.2241 | K21: -18.919702 | M21: ='Raw Data and Corrections'!S81 -> 0.44395973 | N21: ='Raw Data and Corrections'!AI84 -> 4.7722386 | O21: ='Raw Data and Corrections'!BE81 -> 0.1832817 | P21: =M21-O20 -> 0.30373831 | Q21: =M21+O21 -> 0.62724143 | R21: -20.681464 | S21: -20.359614 | T21: -20.02174 | U21: =(E20)/$E$36 -> 0.05827021 | V21: {='Raw Data and Corrections'!BQ81:BS81} -> 0.54406857 | W21: 0.63401315 | X21: 0.69230761
A22: 245 | B22: 270 | D22: ='Raw Data and Corrections'!Q85 -> 0.46587234 | E22: ='Raw Data and Corrections'!AG88 -> 9.7499793 | F22: ='Raw Data and Corrections'!BB85 -> 0.13015996 | G22: =D22-F21 -> 0.2172616 | H22: =D22+F22 -> 0.5960323 | I22: -20.489446 | J22: -19.805917 | K22: -19.565347 | M22: ='Raw Data and Corrections'!S85 -> 0.31233757 | N22: ='Raw Data and Corrections'!AI88 -> 5.1104463 | O22: ='Raw Data and Corrections'!BE85 -> 0.099572914 | P22: =M22-O21 -> 0.12905587 | Q22: =M22+O22 -> 0.41191049 | R22: -21.65622 | S22: -20.893884 | T22: -20.625801 | U22: =(E21)/$E$36 -> 0.063331707 | V22: {='Raw Data and Corrections'!BQ85:BS85} -> 0.48763032 | W22: 0.66393024 | X22: 0.71151279
A23: 240 | B23: 320 | D23: ='Raw Data and Corrections'!Q89 -> 0.28572751 | E23: ='Raw Data and Corrections'!AG92 -> 10.053633 | F23: ='Raw Data and Corrections'!BB89 -> 0.069133509 | G23: =D23-F22 -> 0.15556755 | H23: =D23+F23 -> 0.35486102 | I23: -20.974266 | J23: -20.42144 | K23: -20.212634 | M23: ='Raw Data and Corrections'!S89 -> 0.19266525 | N23: ='Raw Data and Corrections'!AI92 -> 5.319743 | O23: ='Raw Data and Corrections'!BE89 -> 0.052937525 | P23: =M23-O22 -> 0.093092332 | Q23: =M23+O23 -> 0.24560277 | R23: -22.126055 | S23: -21.48977 | T23: -21.259222 | U23: =(E22)/$E$36 -> 0.06672046 | V23: {='Raw Data and Corrections'!BQ89:BS89} -> 0.51705748 | W23: 0.66775397 | X23: 0.70900027
A24: 235 | B24: 370 | D24: ='Raw Data and Corrections'!Q93 -> 0.21993533 | E24: ='Raw Data and Corrections'!AG96 -> 10.287914 | F24: ='Raw Data and Corrections'!BB93 -> 0.047779571 | G24: =D24-F23 -> 0.15080182 | H24: =D24+F24 -> 0.2677149 | I24: -21.143732 | J24: -20.797641 | K24: -20.609555 | M24: ='Raw Data and Corrections'!S93 -> 0.15167647 | N24: ='Raw Data and Corrections'!AI96 -> 5.4843901 | O24: ='Raw Data and Corrections'!BE93 -> 0.037292522 | P24: =M24-O23 -> 0.098738945 | Q24: =M24+O24 -> 0.18896899 | R24: -22.222691 | S24: -21.839677 | T24: -21.632066 | U24: =(E23)/$E$36 -> 0.068798402 | V24: {='Raw Data and Corrections'!BQ93:BS93} -> 0.6012947 | W24: 0.68294913 | X24: 0.72069767
A25: 230 | B25: 420 | D25: ='Raw Data and Corrections'!Q97 -> 0.14002473 | E25: ='Raw Data and Corrections'!AG100 -> 10.441446 | F25: ='Raw Data and Corrections'!BB97 -> 0.028018066 | G25: =D25-F24 -> 0.092245164 | H25: =D25+F25 -> 0.1680428 | I25: -21.697369 | J25: -21.327001 | K25: -21.157947 | M25: ='Raw Data and Corrections'!S97 -> 0.099129484 | N25: ='Raw Data and Corrections'!AI100 -> 5.5973108 | O25: ='Raw Data and Corrections'!BE97 -> 0.022391757 | P25: =M25-O24 -> 0.061836962 | Q25: =M25+O25 -> 0.12152124 | R25: -22.715677 | S25: -22.31818 | T25: -22.13526 | U25: =(E24)/$E$36 -> 0.07040162 | V25: {='Raw Data and Corrections'!BQ97:BS97} -> 0.6105281 | W25: 0.70107299 | X25: 0.73667355
A26: 225 | B26: 652 | D26: ='Raw Data and Corrections'!Q101 -> 0.14936733 | E26: ='Raw Data and Corrections'!AG104 -> 10.603175 | F26: ='Raw Data and Corrections'!BB101 -> 0.019222809 | G26: =D26-F25 -> 0.12134927 | H26: =D26+F26 -> 0.16859014 | I26: -21.887605 | J26: -21.698774 | K26: -21.585497 | M26: ='Raw Data and Corrections'!S101 -> 0.099545905 | N26: ='Raw Data and Corrections'!AI104 -> 5.7200358 | O26: ='Raw Data and Corrections'!BE101 -> 0.014342816 | P26: =M26-O25 -> 0.077154148 | Q26: =M26+O26 -> 0.11388872 | R26: -22.853142 | S26: -22.653669 | T26: -22.541873 | U26: =(E25)/$E$36 -> 0.071452263 | V26: {='Raw Data and Corrections'!BQ101:BS101} -> 0.60623203 | W26: 0.65998325 | X26: 0.68136052
A27: 230 | B27: 500 | D27: ='Raw Data and Corrections'!Q105 -> 0.15497827 | E27: ='Raw Data and Corrections'!AG108 -> 10.768686 | F27: ='Raw Data and Corrections'!BB105 -> 0.025240473 | G27: =D27-F26 -> 0.13575546 | H27: =D27+F27 -> 0.18021875 | I27: -21.516357 | J27: -21.393852 | K27: -21.250664 | M27: ='Raw Data and Corrections'!S105 -> 0.10508868 | N27: ='Raw Data and Corrections'!AI108 -> 5.8393198 | O27: ='Raw Data and Corrections'!BE105 -> 0.019244273 | P27: =M27-O26 -> 0.090745866 | Q27: =M27+O27 -> 0.12433296 | R27: -22.522379 | S27: -22.395512 | T27: -22.244281 | U27: =(E26)/$E$36 -> 0.072558998 | V27: {='Raw Data and Corrections'!BQ105:BS105} -> 0.64735778 | W27: 0.67150658 | X27: 0.69915079
A28: 235 | B28: 450 | D28: ='Raw Data and Corrections'!Q109 -> 0.19512872 | E28: ='Raw Data and Corrections'!AG112 -> 10.990307 | F28: ='Raw Data and Corrections'!BB109 -> 0.033604148 | G28: =D28-F27 -> 0.16988824 | H28: =D28+F28 -> 0.22873286 | I28: -21.097166 | J28: -20.977484 | K28: -20.834665 | M28: ='Raw Data and Corrections'!S109 -> 0.13692172 | N28: ='Raw Data and Corrections'!AI112 -> 6.0025981 | O28: ='Raw Data and Corrections'!BE109 -> 0.026557236 | P28: =M28-O27 -> 0.11767745 | Q28: =M28+O28 -> 0.16347896 | R28: -22.075835 | S28: -21.952052 | T28: -21.79911 | U28: =(E27)/$E$36 -> 0.073691608 | V28: {='Raw Data and Corrections'!BQ109:BS109} -> 0.66975066 | W28: 0.6948904 | X28: 0.72518988
A29: 240 | B29: 400 | D29: ='Raw Data and Corrections'!Q113 -> 0.2424571 | E29: ='Raw Data and Corrections'!AG116 -> 11.253943 | F29: ='Raw Data and Corrections'!BB113 -> 0.044758886 | G29: =D29-F28 -> 0.20885295 | H29: =D29+F29 -> 0.28721599 | I29: -20.79738 | J29: -20.662635 | K29: -20.503683 | M29: ='Raw Data and Corrections'!S113 -> 0.17809765 | N29: ='Raw Data and Corrections'!AI116 -> 6.2079236 | O29: ='Raw Data and Corrections'!BE113 -> 0.037103594 | P29: =M29-O28 -> 0.15154042 | Q29: =M29+O29 -> 0.21520124 | R29: -21.71081 | S29: -21.574476 | T29: -21.40533 | U29: =(E28)/$E$36 -> 0.075208192 | V29: {='Raw Data and Corrections'!BQ113:BS113} -> 0.70013534 | W29: 0.72742535 | X29: 0.76149396
A30: 245 | B30: 350 | D30: ='Raw Data and Corrections'!Q117 -> 0.31499558 | E30: ='Raw Data and Corrections'!AG120 -> 11.591043 | F30: ='Raw Data and Corrections'!BB117 -> 0.06373796 | G30: =D30-F29 -> 0.2702367 | H30: =D30+F30 -> 0.37873354 | I30: -20.395275 | J30: -20.254902 | K30: -20.078751 | M30: ='Raw Data and Corrections'!S117 -> 0.23053963 | N30: ='Raw Data and Corrections'!AI120 -> 6.4597159 | O30: ='Raw Data and Corrections'!BE117 -> 0.052780989 | P30: =M30-O29 -> 0.19343604 | Q30: =M30+O30 -> 0.28332062 | R30: -21.356675 | S30: -21.200184 | T30: -21.005719 | U30: =(E29)/$E$36 -> 0.077012292 | V30: {='Raw Data and Corrections'!BQ117:BS117} -> 0.69007638 | W30: 0.72478012 | X30: 0.76208336
A31: 250 | B31: 300 | D31: ='Raw Data and Corrections'!Q121 -> 0.37161532 | E31: ='Raw Data and Corrections'!AG125 -> 11.98501 | F31: ='Raw Data and Corrections'!BB121 -> 0.084753868 | G31: =D31-F30 -> 0.30787736 | H31: =D31+F31 -> 0.45636919 | I31: -20.084831 | J31: -19.911234 | K31: -19.712545 | M31: ='Raw Data and Corrections'!S121 -> 0.27770578 | N31: ='Raw Data and Corrections'!AI125 -> 6.7576612 | O31: ='Raw Data and Corrections'!BE121 -> 0.07191205 | P31: =M31-O30 -> 0.22492479 | Q31: =M31+O31 -> 0.34961783 | R31: -21.026243 | S31: -20.835247 | T31: -20.613613 | U31: =(E30)/$E$36 -> 0.079319111 | V31: {='Raw Data and Corrections'!BQ121:BS121} -> 0.69946326 | W31: 0.74004216 | X31: 0.78312273
A32: 250 | B32: 300 | D32: ='Raw Data and Corrections'!Q126 -> 0.36397907 | E32: ='Raw Data and Corrections'!AG129 -> 12.371548 | F32: ='Raw Data and Corrections'!BB126 -> 0.083046028 | G32: =D32-F31 -> 0.2792252 | H32: =D32+F32 -> 0.4470251 | I32: -20.139223 | J32: -19.895424 | K32: -19.697157 | M32: ='Raw Data and Corrections'!S126 -> 0.26541781 | N32: ='Raw Data and Corrections'!AI129 -> 7.0412129 | O32: ='Raw Data and Corrections'!BE126 -> 0.068758449 | P32: =M32-O31 -> 0.19350576 | Q32: =M32+O32 -> 0.33417626 | R32: -21.129019 | S32: -20.841707 | T32: -20.619619 | U32: =(E31)/$E$36 -> 0.082015083 | V32: {='Raw Data and Corrections'!BQ126:BS126} -> 0.72213568 | W32: 0.72213568 | X32: 0.76419121
A33: 250 | B33: 300 | D33: ='Raw Data and Corrections'!Q130 -> 0.34519115 | E33: ='Raw Data and Corrections'!AG132 -> 12.735821 | F33: ='Raw Data and Corrections'!BB130 -> 0.078748676 | G33: =D33-F32 -> 0.26214512 | H33: =D33+F33 -> 0.42393982 | I33: -20.177392 | J33: -19.922194 | K33: -19.723114 | M33: ='Raw Data and Corrections'!S130 -> 0.2488978 | N33: ='Raw Data and Corrections'!AI132 -> 7.3113385 | O33: ='Raw Data and Corrections'!BE130 -> 0.064469947 | P33: =M33-O32 -> 0.18013935 | Q33: =M33+O33 -> 0.31336775 | R33: -21.100146 | S33: -20.81136 | T33: -20.592658 | U33: =(E32)/$E$36 -> 0.084660218 | V33: {='Raw Data and Corrections'!BQ130:BS130} -> 0.64606555 | W33: 0.71404661 | X33: 0.75562533
A34: 250 | B34: 10250 | D34: ='Raw Data and Corrections'!Q133 -> 8.4829081 | E34: ='Raw Data and Corrections'!AG134 -> 21.33526 | F34: ='Raw Data and Corrections'!BB133 -> 0.04636096 | G34: =D34-F33 -> 8.4041594 | H34: =D34+F34 -> 8.5292691 | I34: -19.964179 | J34: -19.957478 | K34: -19.950577 | M34: ='Raw Data and Corrections'!S133 -> 6.8042169 | N34: ='Raw Data and Corrections'!AI134 -> 14.159048 | O34: ='Raw Data and Corrections'!BE133 -> 0.041210325 | P34: =M34-O33 -> 6.7397469 | Q34: =M34+O34 -> 6.8454272 | R34: -20.690831 | S34: -20.684509 | T34: -20.676449 | U34: =(E33)/$E$36 -> 0.087152992 | V34: {='Raw Data and Corrections'!BQ133:BS133} -> 0.79432555 | W34: 0.79432555 | X34: 0.79540707
A35: 240 | B35: 785 | D35: ='Raw Data and Corrections'!Q135 -> 0.22612523 | E35: ='Raw Data and Corrections'!AG137 -> 21.590989 | F35: ='Raw Data and Corrections'!BB135 -> 0.019504847 | G35: =D35-F34 -> 0.17976427 | H35: =D35+F35 -> 0.24563008 | I35: -20.846403 | J35: -20.647603 | K35: -20.573584 | M35: ='Raw Data and Corrections'!S135 -> 0.18528316 | N35: ='Raw Data and Corrections'!AI137 -> 14.379339 | O35: ='Raw Data and Corrections'!BE135 -> 0.017845681 | P35: =M35-O34 -> 0.14407284 | Q35: =M35+O35 -> 0.20312885 | R35: -21.454401 | S35: -21.248852 | T35: -21.170278 | U35: =(E34)/$E$36 -> 0.14600014 | V35: {='Raw Data and Corrections'!BQ135:BS135} -> 0.81143192 | W35: 0.81143192 | X35: 0.82900134
A36: Total | E36: ='Raw Data and Corrections'!AE139 -> 146.13178 | N36: ='Raw Data and Corrections'!AG139 -> 147.56369

Sheet DistilledPermeationMethod
A1: Temp © | B1: Minutes | D1: 3He Measured (pccSTP) | E1: n0 3He (pccSTP) | F1: ± 2σ | G1: nt 3He (pccSTP) | H1: ± 2σ | I1: 3He ω (pccSTP) | J1: ± 2σ | K1: 3He ln(d/a^2) | L1: ± 2σ
A2: 170 | B2: 300 | D2: 0.96295642 | E2: 0 | F2: 0 | G2: 0.19677479 | H2: 0.022175267 | I2: =D2+G2-E2 -> 1.1597312 | J2: 0.026265117 | K2: -21.909784 | L2: 0.045295181
A3: 180 | B3: 463 | D3: 0.54418415 | E3: 0.072623003 | F3: 0.012879228 | G3: 0.078160263 | H3: 0.004929285 | I3: =D3+G3-E3 -> 0.54972141 | J3: 0.016048764 | K3: -22.184421 | L3: 0.089470864
A4: 190 | B4: 550 | D4: 0.52920164 | E4: 0.01945138 | F4: 0.0025358499 | G4: 0.067948183 | H4: 0.0081959612 | I4: =D4+G4-E4 -> 0.57769844 | J4: 0.012950251 | K4: -21.975555 | L4: 0.085490762
A5: 200 | B5: 500 | D5: 0.51895322 | E5: 0.03277502 | F5: 0.0054235857 | G5: 0.05318328 | H5: 0.0057734014 | I5: =D5+G5-E5 -> 0.53936148 | J5: 0.011455178 | K5: -21.702439 | L5: 0.088151327
A6: 210 | B6: 475 | D6: 0.57702821 | E6: 0.014061491 | F6: 0.002110601 | G6: 0.055214986 | H6: 0.0057108534 | I6: =D6+G6-E6 -> 0.61818171 | J6: 0.011701238 | K6: -21.310697 | L6: 0.082220743
A7: 220 | B7: 450 | D7: 0.63333256 | E7: 0.011048429 | F7: 0.001795669 | G7: 0.046933864 | H7: 0.0045756477 | I7: =D7+G7-E7 -> 0.669218 | J7: 0.012436423 | K7: -20.990584 | L7: 0.079824635
A8: 230 | B8: 425 | D8: 0.78987805 | E8: 0.0058701709 | F8: 0.0018638899 | G8: 0.063852973 | H8: 0.0034783534 | I8: =D8+G8-E8 -> 0.84786085 | J8: 0.012467123 | K8: -20.513907 | L8: 0.066216779
A9: 225 | B9: 908 | D9: 0.75127118 | E9: 0.019478638 | F9: 0.0024538493 | G9: 0.042015245 | H9: 0.0049388402 | I9: =D9+G9-E9 -> 0.77380779 | J9: 0.014174905 | K9: -21.200058 | L9: 0.12143479
A10: 215 | B10: 450 | D10: 0.14151282 | E10: 0.013097528 | F10: 0.00185248 | G10: 0.027835423 | H10: 0.0035378591 | I10: =D10+G10-E10 -> 0.15625072 | J10: 0.0064784414 | K10: -22.014553 | L10: 0.31623194
A11: 205 | B11: 520 | D11: 0.076269133 | E11: 0.0071789466 | F11: 0.0012252107 | G11: 0.012527671 | H11: 0.0016251793 | I11: =D11+G11-E11 -> 0.081617858 | J11: 0.0080957867 | K11: -22.788297 | L11: 0.82913174
A12: 195 | B12: 1106 | D12: 0.067045156 | E12: 0.0021161707 | F12: 0.00040220993 | G12: 0.030718163 | H12: 0.0028583371 | I12: =D12+G12-E12 -> 0.095647148 | J12: 0.0032294417 | K12: -23.369527 | L12: 1.0943842
A13: 185 | B13: 740 | D13: 0.022678534 | E13: 0.012547164 | F13: 0.0016424098 | G13: 0.0090187931 | H13: 0.0010554908 | I13: =D13+G13-E13 -> 0.019150164 | J13: 0.0019966671 | K13: -24.566539 | L13: 2.8220158
... A35: 240 | B35: 785 | D35: 0.22612523 | E35: 2.896825e-09 | F35: 6.8481814e-09 | G35: 0.026337426 | H35: 0.0029223985 | I35: =D35+G35-E35 -> 0.25246265 | J35: 0.022088877 | K35: -20.659737 | L35: 0.57969712
A36: Total | F36: 6.8481814e-09

Sheet Raw Data and Corrections
N1: Abundances, 4He Blank Corrections, Measured 4He/3He | AL1: Directly Quantifying Permeation Lag with Permeation Steps | AZ1: Bounding Permeation Lag with Steady State Assumption
A2: Notes | B2: Time (Pump out) | C2: Temperature (C) | D2: Nominal (Heated) Time (Minutes) | E2: Type | F2: 3He cps | G2: 4He Overspray cps | H2: 4He fA | I2: Nominal (Heated) Time (seconds) | J2: Watlow Time (seconds) | K2: Total Time (seconds) | L2: Cooling Time (seconds) | N2: Sensitivity 3He (pccSTP/cps) | O2: Sensitivity 4He (nccSTP/cps) | Q2: 3He measured (pccSTP) | R2: 2σ | S2: 4He measured (nccSTP) | T2: 2σ | V2: R/Rbulk no 4He Blank Correction | X2: 4He Blank Corrected (nccSTP) | Y2: 2σ | AA2: Blank Corrected 4He/3He | AB2: 2σ | AC2: Blank Corrected R/Rbulk | AD2: 2σ | AE2: 3He Cumulative, Corrected | AF2: 2σ | AG2: 3He Cumulative Measured | AH2: 2σ | AI2: 4He Cumulative Measured | AJ2: 2σ | AL2: 3He ln(K) Apparent Permeability (atoms/(atm*cm*s)) | AM2: 1σ | AN2: 3He K Apparent Permeability (atoms/(atm*cm*s)) | AO2: 1σ | AP2: λ = (KGRT) | AQ2: GRT | AR2: 3He n0 calc (pccSTP) (m/(1-e^-λt)) | AS2: 2σ | AT2: 3He n0 (pccSTP) | AU2: 2σ | AV2: 3He Corrected (pccSTP) | AW2: 2σ | AX2: 3He Correction % | AZ2: K 4He Swets | BA2: K 3He Jones and Swets | BB2: 3He ntUB | BC2: lambdat 3He | BD2: ntUB/m | BE2: 4He ntUB | BF2: lambdat 4He | BG2: 4He ntUB/m | BH2: 3He ωLB | BI2: 3He ωUB | BJ2: 4He ωLB | BK2: 4He ωUB | BL2: lambdat 3He maxR | BM2: 3He ntUB (for ratios) | BN2: R/R_bulk nt extreme | BO2: R/R_bulk n0 extreme | BP2: R/R_bulk Both extreme | BQ2: R/R_bulk LB | BR2: 4/3 R measured | BS2: R/R_bulk UB
B3: 45322.724
B4: 45322.783 | C4: 28.45 | D4: =I4/60 -> 60 | E4: Blank (experimental) | F4: -0.00395 | G4: 0 | H4: 0.0484 | I4: 3600 | J4: 3729.804 | K4: =(B4-B3)*24*3600 -> 5160 | L4: =K4-I4 -> 1560 | N4: 0.0062528858 | O4: 0.025735294 | Q4: -2.4698899e-05 | R4: -3.6340364e-07 | S4: 0.0012455882 | T4: 6.2576911e-06 | AL4: ='Fit Lambdas'!$U$2*(10000/(C4+273))+'Fit Lambdas'!$V$2 -> 22.195671 | AM4: ='Fit Lambdas'!$V$4 -> 0.067480704 | AN4: =EXP(AL4) -> 4.3597082e+09 | AO4: =AM4*AN4 -> 2.9419618e+08 | AP4: =AN4*(C4+273)*$C$145*$E$144 -> 1.2523685e-06 | AQ4: =(C4+273)*$C$145*$E$144 -> 2.8725972e-16
B5: 45323.01 | C5: 170 | D5: =I5/60 -> 300 | E5: Experimental Step | F5: 154 | G5: 0 | H5: 0.745 | I5: 18000 | J5: 18061.083 | K5: =(B5-B4)*24*3600 -> 19560 | L5: =K5-I5 -> 1560 | N5: 0.0062529637 | O5: 0.02577444 | Q5: 0.96295642 | R5: 0.014075295 | S5: 0.019201958 | T5: 8.1384482e-05 | V5: =(1000*S5/Q5)/$AE$140 -> 0.019747132 | X5: =S5-AVERAGE(S6:S8) -> 0.013769741 | Y5: =T5+AVERAGE(S6:S8) -> 0.0055136015 | AA5: =(X5*1000)/Q5 -> 14.299443 | AB5: =2*((1000*Y5/(2*Q5))^2+((R5/2)*1000*X5/(Q5^2))^2)^0.5 -> 5.7295156 | AC5: =AA5/$AE$140 -> 0.014160685 | AD5: =2*(($AF$140*AA5/(2*$AE$140^2))^2+(AB5/($AE$140*2))^2)^0.5 -> 0.0056758858 | AE5: =SUM(AV$5:$AV5) -> 1.1597312 | AF5: {=2*SQRT(SUM((AW$5:$AW5/2)^2))} -> 0.026265117 | AG5: =Q5 -> 0.96295642 | AH5: {=2*SQRT(SUM((R$5:$R5/2)^2))} -> 0.014075295 | AI5: =S5 -> 0.019201958 | AJ5: {=2*SQRT(SUM((T$5:$T5/2)^2))} -> 8.1384482e-05 | AQ5: =(C5+273)*$C$145*$E$144 -> 4.2214648e-16 | AV5: =Q5+AT6-AT5 -> 1.1597312 | AW5: =2*(((AU5/2)^2+(AU6/2)^2+(R5/2)^2)^(0.5)) -> 0.026265117 | AX5: =100*(AV5-Q5)/Q5 -> 20.434444 | AZ5: =IF((273+C5)>=600, 0.00074*EXP(-6613/(1.987*(273+C5)))*128000000000000000*EXP(1174/(1.987*(273+C5))), 0.000304*EXP(-5580/(1.987*(273+C5)))*199000000000000000*EXP(680/(1.987*(273+C5)))) -> 2.3129067e+11 | BA5: =AZ5 * 1.17*EXP(-57/(1.987*(273+C5))) -> 2.5364204e+11 | BB5: =Q5*BD5 -> 1.0384142 | BC5: =AQ5*BA5*I5 -> 1.9273337 | BD5: =1/(BC5-1) -> 1.0783605 | BE5: =BG5*S5 -> 0.025349329 | BF5: =AQ5*AZ5*I5 -> 1.7574937 | BG5: =1/(BF5-1) -> 1.320143 | BL5: =BF5*1.29 -> 2.2671669 | BR5: =((1000*S5/Q5))/$AE$140 -> 0.019747132
B6: 45323.132 | C6: 100 | D6: =I6/60 -> 150 | E6: Permeation Step | F6: 9.62 | G6: 0 | H6: 0.129 | I6: 9000 | J6: 9035.296 | K6: =(B6-B5)*24*3600 -> 10560 | L6: =K6-I6 -> 1560 | N6: 0.0062521891 | O6: 0.025777414 | Q6: 0.06014606 | R6: 0.00083352383 | S6: 0.0033252864 | T6: 1.4783904e-05 | AE6: =SUM(AV$5:$AV6) -> 1.1597312 | AF6: {=2*SQRT(SUM((AW$5:$AW6/2)^2))} -> 0.026265117 | AG6: =AG5+Q6 -> 1.0231025 | AH6: {=2*SQRT(SUM((R$5:$R6/2)^2))} -> 0.014099953 | AI6: =AI5+S6 -> 0.022527244 | AJ6: {=2*SQRT(SUM((T$5:$T6/2)^2))} -> 8.2716369e-05 | AL6: ='Fit Lambdas'!$U$2*(10000/(C6+273))+'Fit Lambdas'!$V$2 -> 25.459765 | AM6: ='Fit Lambdas'!$V$4 -> 0.067480704 | AN6: =EXP(AL6) -> 1.1403424e+11 | AO6: =AM6*AN6 -> 7.6951106e+09 | AP6: =AN6*(C6+273)*$C$145*$E$144 -> 4.0532513e-05 | AQ6: =(C6+273)*$C$145*$E$144 -> 3.5544161e-16 | AR6: =Q6/(1-EXP(-D6*60*AP6)) -> 0.19677479 | AS6: =2*SQRT( ((R6/2) * (1 / (1 - EXP(-D6 * 60 * AN6 * AQ6))))^2 + (AO6 * (-Q6 * 60 * D6 * AQ6 * EXP(-D6 * 60 * AN6 * AQ6) / (1 - EXP(-D6 * 60 * AN6 * AQ6))^2))^2 ) -> 0.022175267 | AT6: =AR6 -> 0.19677479 | AU6: =AS6 -> 0.022175267 | AZ6: =IF((273+C6)>=600, 0.00074*EXP(-6613/(1.987*(273+C6)))*128000000000000000*EXP(1174/(1.987*(273+C6))), 0.000304*EXP(-5580/(1.987*(273+C6)))*199000000000000000*EXP(680/(1.987*(273+C6)))) -> 8.1368988e+10 | BA6: =AZ6 * 1.17*EXP(-57/(1.987*(273+C6))) -> 8.8154465e+10
B7: 45323.254 | C7: 99.99 | D7: =I7/60 -> 150 | F7: 5.53 | G7: 0 | H7: 0.0402 | I7: 9000 | J7: 9026.505 | K7: =(B7-B6)*24*3600 -> 10560 | L7: =K7-I7 -> 1560 | N7: 0.0062521891 | O7: 0.025777414 | Q7: 0.034574606 | R7: 0.0004688042 | S7: 0.001036252 | T7: 4.6042688e-06 | AE7: =SUM(AV$5:$AV7) -> 1.1597312 | AF7: {=2*SQRT(SUM((AW$5:$AW7/2)^2))} -> 0.026265117 | AG7: =AG6+Q7 -> 1.0576771 | AH7: {=2*SQRT(SUM((R$5:$R7/2)^2))} -> 0.014107745 | AI7: =AI6+S7 -> 0.023563496 | AJ7: {=2*SQRT(SUM((T$5:$T7/2)^2))} -> 8.2844415e-05 | AL7: ='Fit Lambdas'!$U$2*(10000/(C7+273))+'Fit Lambdas'!$V$2 -> 25.459396 | AM7: ='Fit Lambdas'!$V$4 -> 0.067480704 | AN7: =EXP(AL7) -> 1.139922e+11 | AO7: =AM7*AN7 -> 7.692274e+09 | AP7: =AN7*(C7+273)*$C$145*$E$144 -> 4.0516486e-05 | AQ7: =(C7+273)*$C$145*$E$144 -> 3.5543209e-16 | AR7: =Q7/(1-EXP(-D7*60*AP7)) -> 0.1131519 | AS7: =2*SQRT( ((R7/2) * (1 / (1 - EXP(-D7 * 60 * AN7 * AQ7))))^2 + (AO7 * (-Q7 * 60 * D7 * AQ7 * EXP(-D7 * 60 * AN7 * AQ7) / (1 - EXP(-D7 * 60 * AN7 * AQ7))^2))^2 ) -> 0.012748343 | AT7: =AT6*EXP(-AP6*D6*60) -> 0.13662873 | AU7: =2*((((AU6/2)*EXP(-AP6*D6*60))^2+(AT6*EXP(-AP6*D6*60)*D6*60*AO6*AP6/AN6)^2)^0.5) -> 0.016802411 | AZ7: =IF((273+C7)>=600, 0.00074*EXP(-6613/(1.987*(273+C7)))*128000000000000000*EXP(1174/(1.987*(273+C7))), 0.000304*EXP(-5580/(1.987*(273+C7)))*199000000000000000*EXP(680/(1.987*(273+C7)))) -> 8.1354566e+10 | BA7: =AZ7 * 1.17*EXP(-57/(1.987*(273+C7))) -> 8.8138659e+10
B8: 45323.382 | C8: 99.99 | D8: =I8/60 -> 150 | F8: 3.56 | G8: 0 | H8: 0.463 | I8: 9000 | J8: 9018.104 | K8: =(B8-B7)*24*3600 -> 11040 | L8: =K8-I8 -> 2040 | N8: 0.0062521243 | O8: 0.025777781 | Q8: 0.022257563 | R8: 0.00031133036 | S8: 0.011935112 | T8: 4.9936245e-05 | AE8: =SUM(AV$5:$AV8) -> 1.1597312 | AF8: {=2*SQRT(SUM((AW$5:$AW8/2)^2))} -> 0.026265117 | AG8: =AG7+Q8 -> 1.0799346 | AH8: {=2*SQRT(SUM((R$5:$R8/2)^2))} -> 0.01411118 | AI8: =AI7+S8 -> 0.035498608 | AJ8: {=2*SQRT(SUM((T$5:$T8/2)^2))} -> 9.6730686e-05 | AL8: ='Fit Lambdas'!$U$2*(10000/(C8+273))+'Fit Lambdas'!$V$2 -> 25.459396 | AM8: ='Fit Lambdas'!$V$4 -> 0.067480704 | AN8: =EXP(AL8) -> 1.139922e+11 | AO8: =AM8*AN8 -> 7.692274e+09 | AP8: =AN8*(C8+273)*$C$145*$E$144 -> 4.0516486e-05 | AQ8: =(C8+273)*$C$145*$E$144 -> 3.5543209e-16 | AR8: =Q8/(1-EXP(-D8*60*AP8)) -> 0.072842062 | AS8: =2*SQRT( ((R8/2) * (1 / (1 - EXP(-D8 * 60 * AN8 * AQ8))))^2 + (AO8 * (-Q8 * 60 * D8 * AQ8 * EXP(-D8 * 60 * AN8 * AQ8) / (1 - EXP(-D8 * 60 * AN8 * AQ8))^2))^2 ) -> 0.0082106187 | AT8: =AT7*EXP(-AP7*D7*60) -> 0.094880566 | AU8: =2*((((AU7/2)*EXP(-AP7*D7*60))^2+(AT7*EXP(-AP7*D7*60)*D7*60*AO7*AP7/AN7)^2)^0.5) -> 0.012567897 | AZ8: =IF((273+C8)>=600, 0.00074*EXP(-6613/(1.987*(273+C8)))*128000000000000000*EXP(1174/(1.987*(273+C8))), 0.000304*EXP(-5580/(1.987*(273+C8)))*199000000000000000*EXP(680/(1.987*(273+C8)))) -> 8.1354566e+10 | BA8: =AZ8 * 1.17*EXP(-57/(1.987*(273+C8))) -> 8.8138659e+10
B9: 45323.818 | C9: 180 | D9: =I9/60 -> 463 | E9: Experimental Step | F9: 87.3 | G9: 0 | H9: 1.18 | I9: 27780 | J9: 27819.784 | K9: =(B9-B8)*24*3600 -> 37680 | L9: =K9-I9 -> 9900 | N9: 0.0062334954 | O9: 0.025819672 | Q9: 0.54418415 | R9: 0.00820917 | S9: 0.030467213 | T9: 0.00012198189 | V9: =(1000*S9/Q9)/$AE$140 -> 0.055443672 | X9: =S9-AVERAGE(S10:S12) -> 0.025207708 | Y9: =T9+AVERAGE(S10:S12) -> 0.0053814874 | AA9: =(X9*1000)/Q9 -> 46.322017 | AB9: =2*((1000*Y9/(2*Q9))^2+((R9/2)*1000*X9/(Q9^2))^2)^0.5 -> 9.9137503 | AC9: =AA9/$AE$140 -> 0.045872521 | AD9: =2*(($AF$140*AA9/(2*$AE$140^2))^2+(AB9/($AE$140*2))^2)^0.5 -> 0.0098294794 | AE9: =SUM(AV$5:$AV9) -> 1.7094526 | AF9: {=2*SQRT(SUM((AW$5:$AW9/2)^2))} -> 0.030780176 | AG9: =AG8+Q9 -> 1.6241188 | AH9: {=2*SQRT(SUM((R$5:$R9/2)^2))} -> 0.016325314 | AI9: =AI8+S9 -> 0.065965822 | AJ9: {=2*SQRT(SUM((T$5:$T9/2)^2))} -> 0.00015568047 | AQ9: =(C9+273)*$C$145*$E$144 -> 4.3167574e-16 | AT9: =AT8-Q8 -> 0.072623003 | AU9: =AU8+R8 -> 0.012879228 | AV9: =Q9+AT10-AT9 -> 0.54972141 | AW9: =2*(((AU9/2)^2+(AU10/2)^2+(R9/2)^2)^(0.5)) -> 0.016048764 | AX9: =100*(AV9-Q9)/Q9 -> 1.0175343 | AZ9: =IF((273+C9)>=600, 0.00074*EXP(-6613/(1.987*(273+C9)))*128000000000000000*EXP(1174/(1.987*(273+C9))), 0.000304*EXP(-5580/(1.987*(273+C9)))*199000000000000000*EXP(680/(1.987*(273+C9)))) -> 2.6153274e+11 | BA9: =AZ9 * 1.17*EXP(-57/(1.987*(273+C9))) -> 2.8721691e+11 | BB9: =Q9*BD9 -> 0.22263473 | BC9: =AQ9*BA9*I9 -> 3.4442914 | BD9: =1/(BC9-1) -> 0.40911652 | BE9: =BG9*S9 -> 0.014261753 | BF9: =AQ9*AZ9*I9 -> 3.1362881 | BG9: =1/(BF9-1) -> 0.46810166 | BL9: =BF9*1.29 -> 4.0458117 | BR9: =((1000*S9/Q9))/$AE$140 -> 0.055443672
B10: 45324.597 | C10: 95.39 | D10: =I10/60 -> 150 | F10: 6.87 | G10: 0 | H10: 0.326 | I10: 9000 | J10: 65932.549 | K10: =(B10-B9)*24*3600 -> 67320 | L10: =K10-I10 -> 58320 | N10: 0.0062327767 | O10: 0.025824355 | Q10: 0.042819176 | R10: 0.00078537599 | S10: 0.0084187396 | T10: 3.2756365e-05 | AE10: =SUM(AV$5:$AV10) -> 1.7094526 | AF10: {=2*SQRT(SUM((AW$5:$AW10/2)^2))} -> 0.030780176 | AG10: =AG9+Q10 -> 1.666938 | AH10: {=2*SQRT(SUM((R$5:$R10/2)^2))} -> 0.016344194 | AI10: =AI9+S10 -> 0.074384561 | AJ10: {=2*SQRT(SUM((T$5:$T10/2)^2))} -> 0.00015908924 | AL10: ='Fit Lambdas'!$U$2*(10000/(C10+273))+'Fit Lambdas'!$V$2 -> 25.287672 | AM10: ='Fit Lambdas'!$V$4 -> 0.067480704 | AN10: =EXP(AL10) -> 9.6005595e+10 | AO10: =AM10*AN10 -> 6.4785251e+09 | AP10: =AN10*(C10+273)*$C$145*$E$144 -> 3.3702632e-05 | AQ10: =(C10+273)*$C$145*$E$144 -> 3.5104862e-16 | AR10: =Q10/(1-EXP(-D10*60*AP10)) -> 0.16365688 | AS10: =2*SQRT( ((R10/2) * (1 / (1 - EXP(-D10 * 60 * AN10 * AQ10))))^2 + (AO10 * (-Q10 * 60 * D10 * AQ10 * EXP(-D10 * 60 * AN10 * AQ10) / (1 - EXP(-D10 * 60 * AN10 * AQ10))^2))^2 ) -> 0.019143445 | AT10: =AT11+Q10 -> 0.078160263 | AU10: =AU11+R10 -> 0.004929285 | AZ10: =IF((273+C10)>=600, 0.00074*EXP(-6613/(1.987*(273+C10)))*128000000000000000*EXP(1174/(1.987*(273+C10))), 0.000304*EXP(-5580/(1.987*(273+C10)))*199000000000000000*EXP(680/(1.987*(273+C10)))) -> 7.4907986e+10 | BA10: =AZ10 * 1.17*EXP(-57/(1.987*(273+C10))) -> 8.1076604e+10
B11: 45324.719 | C11: 95 | D11: =I11/60 -> 150 | E11: Permeation Step | F11: 1.46 | G11: 0 | H11: 0.0296 | I11: 9000 | J11: 9038.848 | K11: =(B11-B10)*24*3600 -> 10560 | L11: =K11-I11 -> 1560 | N11: 0.0062480449 | O11: 0.025854018 | Q11: 0.0091221455 | R11: 0.00016709173 | S11: 0.00076527892 | T11: 2.9757551e-06 | AE11: =SUM(AV$5:$AV11) -> 1.7094526 | AF11: {=2*SQRT(SUM((AW$5:$AW11/2)^2))} -> 0.030780176 | AG11: =AG10+Q11 -> 1.6760601 | AH11: {=2*SQRT(SUM((R$5:$R11/2)^2))} -> 0.016345048 | AI11: =AI10+S11 -> 0.07514984 | AJ11: {=2*SQRT(SUM((T$5:$T11/2)^2))} -> 0.00015911707 | AL11: ='Fit Lambdas'!$U$2*(10000/(C11+273))+'Fit Lambdas'!$V$2 -> 25.272916 | AM11: ='Fit Lambdas'!$V$4 -> 0.067480704 | AN11: =EXP(AL11) -> 9.4599281e+10 | AO11: =AM11*AN11 -> 6.3836261e+09 | AP11: =AN11*(C11+273)*$C$145*$E$144 -> 3.317379e-05 | AQ11: =(C11+273)*$C$145*$E$144 -> 3.5067698e-16 | AR11: =Q11/(1-EXP(-D11*60*AP11)) -> 0.035341088 | AS11: =2*SQRT( ((R11/2) * (1 / (1 - EXP(-D11 * 60 * AN11 * AQ11))))^2 + (AO11 * (-Q11 * 60 * D11 * AQ11 * EXP(-D11 * 60 * AN11 * AQ11) / (1 - EXP(-D11 * 60 * AN11 * AQ11))^2))^2 ) -> 0.004143909 | AT11: =AR11 -> 0.035341088 | AU11: =AS11 -> 0.004143909 | AZ11: =IF((273+C11)>=600, 0.00074*EXP(-6613/(1.987*(273+C11)))*128000000000000000*EXP(1174/(1.987*(273+C11))), 0.000304*EXP(-5580/(1.987*(273+C11)))*199000000000000000*EXP(680/(1.987*(273+C11)))) -> 7.437845e+10 | BA11: =AZ11 * 1.17*EXP(-57/(1.987*(273+C11))) -> 8.0496818e+10
B12: 45324.842 | C12: 95 | D12: =I12/60 -> 150 | F12: 0.955 | G12: 0 | H12: 0.255 | I12: 9000 | J12: 9037.724 | K12: =(B12-B11)*24*3600 -> 10620 | L12: =K12-I12 -> 1620 | N12: 0.0062505352 | O12: 0.025860777 | Q12: 0.0059692611 | R12: 0.00010929331 | S12: 0.0065944981 | T12: 2.5712037e-05 | AE12: =SUM(AV$5:$AV12) -> 1.7094526 | AF12: {=2*SQRT(SUM((AW$5:$AW12/2)^2))} -> 0.030780176 | AG12: =AG11+Q12 -> 1.6820294 | AH12: {=2*SQRT(SUM((R$5:$R12/2)^2))} -> 0.016345414 | AI12: =AI11+S12 -> 0.081744338 | AJ12: {=2*SQRT(SUM((T$5:$T12/2)^2))} -> 0.00016118111 | AL12: ='Fit Lambdas'!$U$2*(10000/(C12+273))+'Fit Lambdas'!$V$2 -> 25.272916 | AM12: ='Fit Lambdas'!$V$4 -> 0.067480704 | AN12: =EXP(AL12) -> 9.4599281e+10 | AO12: =AM12*AN12 -> 6.3836261e+09 | AP12: =AN12*(C12+273)*$C$145*$E$144 -> 3.317379e-05 | AQ12: =(C12+273)*$C$145*$E$144 -> 3.5067698e-16 | AR12: =Q12/(1-EXP(-D12*60*AP12)) -> 0.023126158 | AS12: =2*SQRT( ((R12/2) * (1 / (1 - EXP(-D12 * 60 * AN12 * AQ12))))^2 + (AO12 * (-Q12 * 60 * D12 * AQ12 * EXP(-D12 * 60 * AN12 * AQ12) / (1 - EXP(-D12 * 60 * AN12 * AQ12))^2))^2 ) -> 0.0027116228 | AT12: =AT11*EXP(-AP11*D11*60) -> 0.026218942 | AU12: =2*((((AU11/2)*EXP(-AP11*D11*60))^2+(AT11*EXP(-AP11*D11*60)*D11*60*AO11*AP11/AN11)^2)^0.5) -> 0.0032507602 | AZ12: =IF((273+C12)>=600, 0.00074*EXP(-6613/(1.987*(273+C12)))*128000000000000000*EXP(1174/(1.987*(273+C12))), 0.000304*EXP(-5580/(1.987*(273+C12)))*199000000000000000*EXP(680/(1.987*(273+C12)))) -> 7.437845e+10 | BA12: =AZ12 * 1.17*EXP(-57/(1.987*(273+C12))) -> 8.0496818e+10
B13: 45325.242 | C13: 190 | D13: =I13/60 -> 550 | E13: Experimental Step | F13: 85.1 | G13: 0 | H13: 2.16 | I13: 33000 | J13: 33053.236 | K13: =(B13-B12)*24*3600 -> 34560 | L13: =K13-I13 -> 1560 | N13: 0.0062185856 | O13: 0.025819672 | Q13: 0.52920164 | R13: 0.009700757 | S13: 0.055770492 | T13: 0.00023349086 | V13: =(1000*S13/Q13)/$AE$140 -> 0.10436345 | X13: =S13-AVERAGE(S14:S16) -> 0.052428438 | Y13: =T13+AVERAGE(S14:S16) -> 0.0035755443 | AA13: =(X13*1000)/Q13 -> 99.070816 | AB13: =2*((1000*Y13/(2*Q13))^2+((R13/2)*1000*X13/(Q13^2))^2)^0.5 -> 6.9962988 | AC13: =AA13/$AE$140 -> 0.098109461 | AD13: =2*(($AF$140*AA13/(2*$AE$140^2))^2+(AB13/($AE$140*2))^2)^0.5 -> 0.0070053504 | AE13: =SUM(AV$5:$AV13) -> 2.2871511 | AF13: {=2*SQRT(SUM((AW$5:$AW13/2)^2))} -> 0.033393536 | AG13: =AG12+Q13 -> 2.211231 | AH13: {=2*SQRT(SUM((R$5:$R13/2)^2))} -> 0.019007294 | AI13: =AI12+S13 -> 0.13751483 | AJ13: {=2*SQRT(SUM((T$5:$T13/2)^2))} -> 0.00028372052 | AQ13: =(C13+273)*$C$145*$E$144 -> 4.4120501e-16 | AT13: =AT12*EXP(-AP12*D12*60) -> 0.01945138 | AU13: =2*((((AU12/2)*EXP(-AP12*D12*60))^2+(AT12*EXP(-AP12*D12*60)*D12*60*AO12*AP12/AN12)^2)^0.5) -> 0.0025358499 | AV13: =Q13+AT14-AT13 -> 0.57769844 | AW13: =2*(((AU13/2)^2+(AU14/2)^2+(R13/2)^2)^(0.5)) -> 0.012950251 | AX13: =100*(AV13-Q13)/Q13 -> 9.1641445 | AZ13: =IF((273+C13)>=600, 0.00074*EXP(-6613/(1.987*(273+C13)))*128000000000000000*EXP(1174/(1.987*(273+C13))), 0.000304*EXP(-5580/(1.987*(273+C13)))*199000000000000000*EXP(680/(1.987*(273+C13)))) -> 2.9416345e+11 | BA13: =AZ13 * 1.17*EXP(-57/(1.987*(273+C13))) -> 3.2349431e+11 | BB13: =Q13*BD13 -> 0.14264191 | BC13: =AQ13*BA13*I13 -> 4.7100012 | BD13: =1/(BC13-1) -> 0.26954169 | BE13: =BG13*S13 -> 0.016987916 | BF13: =AQ13*AZ13*I13 -> 4.2829508 | BG13: =1/(BF13-1) -> 0.30460402 | BL13: =BF13*1.29 -> 5.5250065 | BR13: =((1000*S13/Q13))/$AE$140 -> 0.10436345
B14: 45325.364 | C14: 90 | D14: =I14/60 -> 150 | E14: Permeation Step | F14: 2.35 | G14: 0 | H14: 0.079 | I14: 9000 | J14: 9125.085 | K14: =(B14-B13)*24*3600 -> 10500 | L14: =K14-I14 -> 1500 | N14: 0.0062389603 | O14: 0.025819672 | Q14: 0.014661557 | R14: 0.00026841604 | S14: 0.0020397541 | T14: 8.5397121e-06 | AE14: =SUM(AV$5:$AV14) -> 2.2871511 | AF14: {=2*SQRT(SUM((AW$5:$AW14/2)^2))} -> 0.033393536 | AG14: =AG13+Q14 -> 2.2258926 | AH14: {=2*SQRT(SUM((R$5:$R14/2)^2))} -> 0.019009189 | AI14: =AI13+S14 -> 0.13955458 | AJ14: {=2*SQRT(SUM((T$5:$T14/2)^2))} -> 0.00028384901 | AL14: ='Fit Lambdas'!$U$2*(10000/(C14+273))+'Fit Lambdas'!$V$2 -> 25.08092 | AM14: ='Fit Lambdas'!$V$4 -> 0.067480704 | AN14: =EXP(AL14) -> 7.8073733e+10 | AO14: =AM14*AN14 -> 5.2684704e+09 | AP14: =AN14*(C14+273)*$C$145*$E$144 -> 2.7006668e-05 | AQ14: =(C14+273)*$C$145*$E$144 -> 3.4591235e-16 | AR14: =Q14/(1-EXP(-D14*60*AP14)) -> 0.067948183 | AS14: =2*SQRT( ((R14/2) * (1 / (1 - EXP(-D14 * 60 * AN14 * AQ14))))^2 + (AO14 * (-Q14 * 60 * D14 * AQ14 * EXP(-D14 * 60 * AN14 * AQ14) / (1 - EXP(-D14 * 60 * AN14 * AQ14))^2))^2 ) -> 0.0081959612 | AT14: =AR14 -> 0.067948183 | AU14: =AS14 -> 0.0081959612 | AZ14: =IF((273+C14)>=600, 0.00074*EXP(-6613/(1.987*(273+C14)))*128000000000000000*EXP(1174/(1.987*(273+C14))), 0.000304*EXP(-5580/(1.987*(273+C14)))*199000000000000000*EXP(680/(1.987*(273+C14)))) -> 6.7820444e+10 | BA14: =AZ14 * 1.17*EXP(-57/(1.987*(273+C14))) -> 7.3320582e+10
B15: 45325.504 | C15: 89.99 | D15: =I15/60 -> 150 | F15: 1.84 | H15: 0.157 | I15: 9000 | J15: 9127.493 | K15: =(B15-B14)*24*3600 -> 12120 | L15: =K15-I15 -> 3120 | N15: 0.00622826 | O15: 0.025832387 | Q15: 0.011459998 | R15: 0.00020545162 | S15: 0.0040556848 | T15: 1.6973617e-05 | AE15: =SUM(AV$5:$AV15) -> 2.2871511 | AF15: {=2*SQRT(SUM((AW$5:$AW15/2)^2))} -> 0.033393536 | AG15: =AG14+Q15 -> 2.2373526 | AH15: {=2*SQRT(SUM((R$5:$R15/2)^2))} -> 0.019010299 | AI15: =AI14+S15 -> 0.14361027 | AJ15: {=2*SQRT(SUM((T$5:$T15/2)^2))} -> 0.00028435605 | AL15: ='Fit Lambdas'!$U$2*(10000/(C15+273))+'Fit Lambdas'!$V$2 -> 25.08053 | AM15: ='Fit Lambdas'!$V$4 -> 0.067480704 | AN15: =EXP(AL15) -> 7.8043345e+10 | AO15: =AM15*AN15 -> 5.2664199e+09 | AP15: =AN15*(C15+273)*$C$145*$E$144 -> 2.6995413e-05 | AQ15: =(C15+273)*$C$145*$E$144 -> 3.4590282e-16 | AR15: =Q15/(1-EXP(-D15*60*AP15)) -> 0.053130298 | AS15: =2*SQRT( ((R15/2) * (1 / (1 - EXP(-D15 * 60 * AN15 * AQ15))))^2 + (AO15 * (-Q15 * 60 * D15 * AQ15 * EXP(-D15 * 60 * AN15 * AQ15) / (1 - EXP(-D15 * 60 * AN15 * AQ15))^2))^2 ) -> 0.0064059155 | AT15: =AT14-Q14 -> 0.053286626 | AU15: =AU14+R14 -> 0.0084643772 | AZ15: =IF((273+C15)>=600, 0.00074*EXP(-6613/(1.987*(273+C15)))*128000000000000000*EXP(1174/(1.987*(273+C15))), 0.000304*EXP(-5580/(1.987*(273+C15)))*199000000000000000*EXP(680/(1.987*(273+C15)))) -> 6.7807752e+10 | BA15: =AZ15 * 1.17*EXP(-57/(1.987*(273+C15))) -> 7.3306702e+10
B16: 45325.626 | C16: 90 | D16: =I16/60 -> 150 | F16: 1.34 | G16: 0 | H16: 0.152 | I16: 9000 | J16: 9130.299 | K16: =(B16-B15)*24*3600 -> 10560 | L16: =K16-I16 -> 1560 | N16: 0.0062000229 | O16: 0.025860009 | Q16: 0.0083080307 | R16: 0.00014060465 | S16: 0.0039307213 | T16: 1.6443347e-05 | AE16: =SUM(AV$5:$AV16) -> 2.2871511 | AF16: {=2*SQRT(SUM((AW$5:$AW16/2)^2))} -> 0.033393536 | AG16: =AG15+Q16 -> 2.2456606 | AH16: {=2*SQRT(SUM((R$5:$R16/2)^2))} -> 0.019010819 | AI16: =AI15+S16 -> 0.14754099 | AJ16: {=2*SQRT(SUM((T$5:$T16/2)^2))} -> 0.00028483109 | AL16: ='Fit Lambdas'!$U$2*(10000/(C16+273))+'Fit Lambdas'!$V$2 -> 25.08092 | AM16: ='Fit Lambdas'!$V$4 -> 0.067480704 | AN16: =EXP(AL16) -> 7.8073733e+10 | AO16: =AM16*AN16 -> 5.2684704e+09 | AP16: =AN16*(C16+273)*$C$145*$E$144 -> 2.7006668e-05 | AQ16: =(C16+273)*$C$145*$E$144 -> 3.4591235e-16 | AR16: =Q16/(1-EXP(-D16*60*AP16)) -> 0.038503114 | AS16: =2*SQRT( ((R16/2) * (1 / (1 - EXP(-D16 * 60 * AN16 * AQ16))))^2 + (AO16 * (-Q16 * 60 * D16 * AQ16 * EXP(-D16 * 60 * AN16 * AQ16) / (1 - EXP(-D16 * 60 * AN16 * AQ16))^2))^2 ) -> 0.0046364885 | AT16: =AT15*EXP(-AP15*D15*60) -> 0.041792908 | AU16: =2*((((AU15/2)*EXP(-AP15*D15*60))^2+(AT15*EXP(-AP15*D15*60)*D15*60*AO15*AP15/AN15)^2)^0.5) -> 0.006778611 | AZ16: =IF((273+C16)>=600, 0.00074*EXP(-6613/(1.987*(273+C16)))*128000000000000000*EXP(1174/(1.987*(273+C16))), 0.000304*EXP(-5580/(1.987*(273+C16)))*199000000000000000*EXP(680/(1.987*(273+C16)))) -> 6.7820444e+10 | BA16: =AZ16 * 1.17*EXP(-57/(1.987*(273+C16))) -> 7.3320582e+10
B17: 45325.999 | C17: 200 | D17: =I17/60 -> 500 | E17: Experimental Step | F17: 83.3 | G17: 0.00176 | H17: 3.96 | I17: 30000 | J17: 30127.625 | K17: =(B17-B16)*24*3600 -> 32220 | L17: =K17-I17 -> 2220 | N17: 0.0062299307 | O17: 0.025862069 | Q17: 0.51895322 | R17: 0.0082748805 | S17: 0.10241379 | T17: 0.00047358684 | V17: =(1000*S17/Q17)/$AE$140 -> 0.19543187 | X17: =S17-AVERAGE(S18:S20) -> 0.099215344 | Y17: =T17+AVERAGE(S18:S20) -> 0.0036720364 | AA17: =(X17*1000)/Q17 -> 191.1836 | AB17: =2*((1000*Y17/(2*Q17))^2+((R17/2)*1000*X17/(Q17^2))^2)^0.5 -> 7.7046059 | AC17: =AA17/$AE$140 -> 0.1893284 | AD17: =2*(($AF$140*AA17/(2*$AE$140^2))^2+(AB17/($AE$140*2))^2)^0.5 -> 0.0078871383 | AE17: =SUM(AV$5:$AV17) -> 2.8265125 | AF17: {=2*SQRT(SUM((AW$5:$AW17/2)^2))} -> 0.035303673 | AG17: =AG16+Q17 -> 2.7646138 | AH17: {=2*SQRT(SUM((R$5:$R17/2)^2))} -> 0.020733666 | AI17: =AI16+S17 -> 0.24995478 | AJ17: {=2*SQRT(SUM((T$5:$T17/2)^2))} -> 0.00055264206 | AQ17: =(C17+273)*$C$145*$E$144 -> 4.5073427e-16 | AT17: =AT16*EXP(-AP16*D16*60) -> 0.03277502 | AU17: =2*((((AU16/2)*EXP(-AP16*D16*60))^2+(AT16*EXP(-AP16*D16*60)*D16*60*AO16*AP16/AN16)^2)^0.5) -> 0.0054235857 | AV17: =Q17+AT18-AT17 -> 0.53936148 | AW17: =2*(((AU17/2)^2+(AU18/2)^2+(R17/2)^2)^(0.5)) -> 0.011455178 | AX17: =100*(AV17-Q17)/Q17 -> 3.9325816 | AZ17: =IF((273+C17)>=600, 0.00074*EXP(-6613/(1.987*(273+C17)))*128000000000000000*EXP(1174/(1.987*(273+C17))), 0.000304*EXP(-5580/(1.987*(273+C17)))*199000000000000000*EXP(680/(1.987*(273+C17)))) -> 3.2922459e+11 | BA17: =AZ17 * 1.17*EXP(-57/(1.987*(273+C17))) -> 3.6252593e+11 | BB17: =Q17*BD17 -> 0.1329938 | BC17: =AQ17*BA17*I17 -> 4.9020858 | BD17: =1/(BC17-1) -> 0.2562732 | BE17: =BG17*S17 -> 0.029669814 | BF17: =AQ17*AZ17*I17 -> 4.4517842 | BG17: =1/(BF17-1) -> 0.28970525 | BH17: =Q17-BB13 -> 0.37631132 | BI17: =Q17+BB17 -> 0.65194703 | BJ17: =X17-BE13 -> 0.082227428 | BK17: =X17+BE17 -> 0.12888516 | BL17: =BF17*1.29 -> 5.7428016 | BM17: =Q17 / (BL17-1) -> 0.10941913 | BR17: =((1000*S17/Q17))/$AE$140 -> 0.19543187
B18: 45326.122 | C18: 105 | D18: =I18/60 -> 150 | E18: Permeation Step; Lambda Fit | F18: 3.06 | G18: 0 | H18: 0.144 | I18: 9000 | J18: 9129.026 | K18: =(B18-B17)*24*3600 -> 10560 | L18: =K18-I18 -> 1560 | N18: 0.0062250831 | O18: 0.025862069 | Q18: 0.019048754 | R18: 0.00032080198 | S18: 0.0037241379 | T18: 1.595522e-05 | AE18: =SUM(AV$5:$AV18) -> 2.8265125 | AF18: {=2*SQRT(SUM((AW$5:$AW18/2)^2))} -> 0.035303673 | AG18: =AG17+Q18 -> 2.7836626 | AH18: {=2*SQRT(SUM((R$5:$R18/2)^2))} -> 0.020736148 | AI18: =AI17+S18 -> 0.25367892 | AJ18: {=2*SQRT(SUM((T$5:$T18/2)^2))} -> 0.00055287233 | AL18: ='Fit Lambdas'!$U$2*(10000/(C18+273))+'Fit Lambdas'!$V$2 -> 25.64167 | AM18: ='Fit Lambdas'!$V$4 -> 0.067480704 | AN18: =EXP(AL18) -> 1.367842e+11 | AO18: =AM18*AN18 -> 9.2302941e+09 | AP18: =AN18*(C18+273)*$C$145*$E$144 -> 4.9270523e-05 | AQ18: =(C18+273)*$C$145*$E$144 -> 3.6020625e-16 | AR18: =Q18/(1-EXP(-D18*60*AP18)) -> 0.05318328 | AS18: =2*SQRT( ((R18/2) * (1 / (1 - EXP(-D18 * 60 * AN18 * AQ18))))^2 + (AO18 * (-Q18 * 60 * D18 * AQ18 * EXP(-D18 * 60 * AN18 * AQ18) / (1 - EXP(-D18 * 60 * AN18 * AQ18))^2))^2 ) -> 0.0057734014 | AT18: {=AR18:AS18} -> 0.05318328 | AU18: 0.0057734014 | AZ18: =IF((273+C18)>=600, 0.00074*EXP(-6613/(1.987*(273+C18)))*128000000000000000*EXP(1174/(1.987*(273+C18))), 0.000304*EXP(-5580/(1.987*(273+C18)))*199000000000000000*EXP(680/(1.987*(273+C18)))) -> 8.8805251e+10 | BA18: =AZ18 * 1.17*EXP(-57/(1.987*(273+C18))) -> 9.6308773e+10
B19: 45326.244 | C19: 105 | D19: =I19/60 -> 150 | E19: Lambda Fit | F19: 1.79 | G19: 0 | H19: 0.187 | I19: 9000 | J19: 9127.555 | K19: =(B19-B18)*24*3600 -> 10560 | L19: =K19-I19 -> 1560 | N19: 0.0062200776 | O19: 0.025862069 | Q19: 0.011133939 | R19: 0.00019782239 | S19: 0.0048362069 | T19: 1.9021875e-05 | AE19: =SUM(AV$5:$AV19) -> 2.8265125 | AF19: {=2*SQRT(SUM((AW$5:$AW19/2)^2))} -> 0.035303673 | AG19: =AG18+Q19 -> 2.7947965 | AH19: {=2*SQRT(SUM((R$5:$R19/2)^2))} -> 0.020737091 | AI19: =AI18+S19 -> 0.25851513 | AJ19: {=2*SQRT(SUM((T$5:$T19/2)^2))} -> 0.00055319946 | AL19: ='Fit Lambdas'!$U$2*(10000/(C19+273))+'Fit Lambdas'!$V$2 -> 25.64167 | AM19: ='Fit Lambdas'!$V$4 -> 0.067480704 | AN19: =EXP(AL19) -> 1.367842e+11 | AO19: =AM19*AN19 -> 9.2302941e+09 | AP19: =AN19*(C19+273)*$C$145*$E$144 -> 4.9270523e-05 | AQ19: =(C19+273)*$C$145*$E$144 -> 3.6020625e-16 | AR19: =Q19/(1-EXP(-D19*60*AP19)) -> 0.031085465 | AS19: =2*SQRT( ((R19/2) * (1 / (1 - EXP(-D19 * 60 * AN19 * AQ19))))^2 + (AO19 * (-Q19 * 60 * D19 * AQ19 * EXP(-D19 * 60 * AN19 * AQ19) / (1 - EXP(-D19 * 60 * AN19 * AQ19))^2))^2 ) -> 0.003379123 | AT19: =AT18*EXP(-AP18*D18*60) -> 0.034134525 | AU19: =2*((((AU18/2)*EXP(-AP18*D18*60))^2+(AT18*EXP(-AP18*D18*60)*D18*60*AO18*AP18/AN18)^2)^0.5) -> 0.0042313279 | AZ19: =IF((273+C19)>=600, 0.00074*EXP(-6613/(1.987*(273+C19)))*128000000000000000*EXP(1174/(1.987*(273+C19))), 0.000304*EXP(-5580/(1.987*(273+C19)))*199000000000000000*EXP(680/(1.987*(273+C19)))) -> 8.8805251e+10 | BA19: =AZ19 * 1.17*EXP(-57/(1.987*(273+C19))) -> 9.6308773e+10
B20: 45326.366 | C20: 105 | D20: =I20/60 -> 150 | E20: Lambda Fit | F20: 1.29 | G20: 0 | H20: 0.04 | I20: 9000 | J20: 9129.528 | K20: =(B20-B19)*24*3600 -> 10560 | L20: =K20-I20 -> 1560 | N20: 0.006222837 | O20: 0.025875098 | Q20: 0.0080274597 | R20: 0.00014295915 | S20: 0.0010350039 | T20: 4.1228765e-06 | AE20: =SUM(AV$5:$AV20) -> 2.8265125 | AF20: {=2*SQRT(SUM((AW$5:$AW20/2)^2))} -> 0.035303673 | AG20: =AG19+Q20 -> 2.802824 | AH20: {=2*SQRT(SUM((R$5:$R20/2)^2))} -> 0.020737584 | AI20: =AI19+S20 -> 0.25955013 | AJ20: {=2*SQRT(SUM((T$5:$T20/2)^2))} -> 0.00055321483 | AL20: ='Fit Lambdas'!$U$2*(10000/(C20+273))+'Fit Lambdas'!$V$2 -> 25.64167 | AM20: ='Fit Lambdas'!$V$4 -> 0.067480704 | AN20: =EXP(AL20) -> 1.367842e+11 | AO20: =AM20*AN20 -> 9.2302941e+09 | AP20: =AN20*(C20+273)*$C$145*$E$144 -> 4.9270523e-05 | AQ20: =(C20+273)*$C$145*$E$144 -> 3.6020625e-16 | AR20: =Q20/(1-EXP(-D20*60*AP20)) -> 0.022412313 | AS20: =2*SQRT( ((R20/2) * (1 / (1 - EXP(-D20 * 60 * AN20 * AQ20))))^2 + (AO20 * (-Q20 * 60 * D20 * AQ20 * EXP(-D20 * 60 * AN20 * AQ20) / (1 - EXP(-D20 * 60 * AN20 * AQ20))^2))^2 ) -> 0.0024364655 | AT20: =AT19*EXP(-AP19*D19*60) -> 0.021908499 | AU20: =2*((((AU19/2)*EXP(-AP19*D19*60))^2+(AT19*EXP(-AP19*D19*60)*D19*60*AO19*AP19/AN19)^2)^0.5) -> 0.0030157255 | AZ20: =IF((273+C20)>=600, 0.00074*EXP(-6613/(1.987*(273+C20)))*128000000000000000*EXP(1174/(1.987*(273+C20))), 0.000304*EXP(-5580/(1.987*(273+C20)))*199000000000000000*EXP(680/(1.987*(273+C20)))) -> 8.8805251e+10 | BA20: =AZ20 * 1.17*EXP(-57/(1.987*(273+C20))) -> 9.6308773e+10
B21: 45326.714 | C21: 210 | D21: =I21/60 -> 475 | E21: Experimental Step | F21: 93 | G21: 0 | H21: 5.64 | I21: 28500 | J21: 28626.295 | K21: =(B21-B20)*24*3600 -> 30060 | L21: =K21-I21 -> 1560 | N21: 0.0062046044 | O21: 0.025884273 | Q21: 0.57702821 | R21: 0.0099925221 | S21: 0.1459873 | T21: 0.00061153078 | V21: =(1000*S21/Q21)/$AE$140 -> 0.25054352 | X21: =S21-AVERAGE(S22:S24) -> 0.14020058 | Y21: =T21+AVERAGE(S22:S24) -> 0.0063982505 | AA21: =(X21*1000)/Q21 -> 242.97006 | AB21: =2*((1000*Y21/(2*Q21))^2+((R21/2)*1000*X21/(Q21^2))^2)^0.5 -> 11.859745 | AC21: =AA21/$AE$140 -> 0.24061235 | AD21: =2*(($AF$140*AA21/(2*$AE$140^2))^2+(AB21/($AE$140*2))^2)^0.5 -> 0.012016046 | AE21: =SUM(AV$5:$AV21) -> 3.4446943 | AF21: {=2*SQRT(SUM((AW$5:$AW21/2)^2))} -> 0.037192315 | AG21: =AG20+Q21 -> 3.3798522 | AH21: {=2*SQRT(SUM((R$5:$R21/2)^2))} -> 0.023019511 | AI21: =AI20+S21 -> 0.40553743 | AJ21: {=2*SQRT(SUM((T$5:$T21/2)^2))} -> 0.00082463115 | AQ21: =(C21+273)*$C$145*$E$144 -> 4.6026354e-16 | AT21: =AT20*EXP(-AP20*D20*60) -> 0.014061491 | AU21: =2*((((AU20/2)*EXP(-AP20*D20*60))^2+(AT20*EXP(-AP20*D20*60)*D20*60*AO20*AP20/AN20)^2)^0.5) -> 0.002110601 | AV21: =Q21+AT22-AT21 -> 0.61818171 | AW21: =2*(((AU21/2)^2+(AU22/2)^2+(R21/2)^2)^(0.5)) -> 0.011701238 | AX21: =100*(AV21-Q21)/Q21 -> 7.1319727 | AZ21: =IF((273+C21)>=600, 0.00074*EXP(-6613/(1.987*(273+C21)))*128000000000000000*EXP(1174/(1.987*(273+C21))), 0.000304*EXP(-5580/(1.987*(273+C21)))*199000000000000000*EXP(680/(1.987*(273+C21)))) -> 3.6675059e+11 | BA21: =AZ21 * 1.17*EXP(-57/(1.987*(273+C21))) -> 4.0435513e+11 | BB21: =Q21*BD21 -> 0.13406376 | BC21: =AQ21*BA21*I21 -> 5.3041328 | BD21: =1/(BC21-1) -> 0.23233484 | BE21: =BG21*S21 -> 0.038308281 | BF21: =AQ21*AZ21*I21 -> 4.8108549 | BG21: =1/(BF21-1) -> 0.26240831 | BH21: =Q21-BB17 -> 0.44403441 | BI21: =Q21+BB21 -> 0.71109197 | BJ21: =X21-BE17 -> 0.11053077 | BK21: =X21+BE21 -> 0.17850886 | BL21: =BF21*1.29 -> 6.2060028 | BM21: =Q21 / (BL21-1) -> 0.11083901 | BN21: =(1000*(S21+BE21)/(Q21+BM21))/$AE$140 -> 0.26532334 | BO21: =(1000*(S21-BE17)/(Q21-BM17))/$AE$140 -> 0.24633562 | BP21: =(1000*(S21+BE21-BE17)/(Q21+BM21-BM17))/$AE$140 -> 0.26471748 | BQ21: =MIN(BN21:BP21) -> 0.24633562 | BR21: =((1000*S21/Q21))/$AE$140 -> 0.25054352 | BS21: =MAX(BN21:BP21) -> 0.26532334
B22: 45326.836 | C22: 109.99 | D22: =I22/60 -> 150 | E22: Permeation Step; Lambda Fit | F22: 3.71 | G22: 0 | H22: 0.374 | I22: 9000 | J22: 9128.359 | K22: =(B22-B21)*24*3600 -> 10560 | L22: =K22-I22 -> 1560 | N22: 0.0061766666 | O22: 0.025862224 | Q22: 0.022915433 | R22: 0.0003930218 | S22: 0.0096724716 | T22: 4.0523336e-05 | AE22: =SUM(AV$5:$AV22) -> 3.4446943 | AF22: {=2*SQRT(SUM((AW$5:$AW22/2)^2))} -> 0.037192315 | AG22: =AG21+Q22 -> 3.4027676 | AH22: {=2*SQRT(SUM((R$5:$R22/2)^2))} -> 0.023022866 | AI22: =AI21+S22 -> 0.4152099 | AJ22: {=2*SQRT(SUM((T$5:$T22/2)^2))} -> 0.00082562624 | AL22: ='Fit Lambdas'!$U$2*(10000/(C22+273))+'Fit Lambdas'!$V$2 -> 25.818477 | AM22: ='Fit Lambdas'!$V$4 -> 0.067480704 | AN22: =EXP(AL22) -> 1.6323829e+11 | AO22: =AM22*AN22 -> 1.1015435e+10 | AP22: =AN22*(C22+273)*$C$145*$E$144 -> 5.9575669e-05 | AQ22: =(C22+273)*$C$145*$E$144 -> 3.6496135e-16 | AR22: =Q22/(1-EXP(-D22*60*AP22)) -> 0.055214986 | AS22: =2*SQRT( ((R22/2) * (1 / (1 - EXP(-D22 * 60 * AN22 * AQ22))))^2 + (AO22 * (-Q22 * 60 * D22 * AQ22 * EXP(-D22 * 60 * AN22 * AQ22) / (1 - EXP(-D22 * 60 * AN22 * AQ22))^2))^2 ) -> 0.0057108534 | AT22: {=AR22:AS22} -> 0.055214986 | AU22: 0.0057108534 | AZ22: =IF((273+C22)>=600, 0.00074*EXP(-6613/(1.987*(273+C22)))*128000000000000000*EXP(1174/(1.987*(273+C22))), 0.000304*EXP(-5580/(1.987*(273+C22)))*199000000000000000*EXP(680/(1.987*(273+C22)))) -> 9.6683804e+10 | BA22: =AZ22 * 1.17*EXP(-57/(1.987*(273+C22))) -> 1.0495674e+11
B23: 45326.958 | C23: 110 | D23: =I23/60 -> 150 | E23: Lambda Fit | F23: 1.86 | G23: 0 | H23: 0.171 | I23: 9000 | J23: 9129.162 | K23: =(B23-B22)*24*3600 -> 10560 | L23: =K23-I23 -> 1560 | N23: 0.0061889977 | O23: 0.025874449 | Q23: 0.011511536 | R23: 0.00020127919 | S23: 0.0044245308 | T23: 1.8146535e-05 | AE23: =SUM(AV$5:$AV23) -> 3.4446943 | AF23: {=2*SQRT(SUM((AW$5:$AW23/2)^2))} -> 0.037192315 | AG23: =AG22+Q23 -> 3.4142792 | AH23: {=2*SQRT(SUM((R$5:$R23/2)^2))} -> 0.023023746 | AI23: =AI22+S23 -> 0.41963443 | AJ23: {=2*SQRT(SUM((T$5:$T23/2)^2))} -> 0.00082582563 | AL23: ='Fit Lambdas'!$U$2*(10000/(C23+273))+'Fit Lambdas'!$V$2 -> 25.818827 | AM23: ='Fit Lambdas'!$V$4 -> 0.067480704 | AN23: =EXP(AL23) -> 1.6329539e+11 | AO23: =AM23*AN23 -> 1.1019288e+10 | AP23: =AN23*(C23+273)*$C$145*$E$144 -> 5.9598062e-05 | AQ23: =(C23+273)*$C$145*$E$144 -> 3.6497088e-16 | AR23: =Q23/(1-EXP(-D23*60*AP23)) -> 0.027729294 | AS23: =2*SQRT( ((R23/2) * (1 / (1 - EXP(-D23 * 60 * AN23 * AQ23))))^2 + (AO23 * (-Q23 * 60 * D23 * AQ23 * EXP(-D23 * 60 * AN23 * AQ23) / (1 - EXP(-D23 * 60 * AN23 * AQ23))^2))^2 ) -> 0.0028692692 | AT23: =AT22*EXP(-AP22*D22*60) -> 0.032299553 | AU23: =2*((((AU22/2)*EXP(-AP22*D22*60))^2+(AT22*EXP(-AP22*D22*60)*D22*60*AO22*AP22/AN22)^2)^0.5) -> 0.0040771907 | AZ23: =IF((273+C23)>=600, 0.00074*EXP(-6613/(1.987*(273+C23)))*128000000000000000*EXP(1174/(1.987*(273+C23))), 0.000304*EXP(-5580/(1.987*(273+C23)))*199000000000000000*EXP(680/(1.987*(273+C23)))) -> 9.6700059e+10 | BA23: =AZ23 * 1.17*EXP(-57/(1.987*(273+C23))) -> 1.049746e+11
B24: 45327.081 | C24: 110 | D24: =I24/60 -> 150 | E24: Lambda Fit | F24: 1.21 | G24: 0 | H24: 0.126 | I24: 9000 | J24: 9128.907 | K24: =(B24-B23)*24*3600 -> 10560 | L24: =K24-I24 -> 1560 | N24: 0.0062128989 | O24: 0.02589807 | Q24: 0.0075176076 | R24: 0.00013622341 | S24: 0.0032631568 | T24: 1.2846251e-05 | AE24: =SUM(AV$5:$AV24) -> 3.4446943 | AF24: {=2*SQRT(SUM((AW$5:$AW24/2)^2))} -> 0.037192315 | AG24: =AG23+Q24 -> 3.4217968 | AH24: {=2*SQRT(SUM((R$5:$R24/2)^2))} -> 0.023024149 | AI24: =AI23+S24 -> 0.42289759 | AJ24: {=2*SQRT(SUM((T$5:$T24/2)^2))} -> 0.00082592554 | AL24: ='Fit Lambdas'!$U$2*(10000/(C24+273))+'Fit Lambdas'!$V$2 -> 25.818827 | AM24: ='Fit Lambdas'!$V$4 -> 0.067480704 | AN24: =EXP(AL24) -> 1.6329539e+11 | AO24: =AM24*AN24 -> 1.1019288e+10 | AP24: =AN24*(C24+273)*$C$145*$E$144 -> 5.9598062e-05 | AQ24: =(C24+273)*$C$145*$E$144 -> 3.6497088e-16 | AR24: =Q24/(1-EXP(-D24*60*AP24)) -> 0.018108614 | AS24: =2*SQRT( ((R24/2) * (1 / (1 - EXP(-D24 * 60 * AN24 * AQ24))))^2 + (AO24 * (-Q24 * 60 * D24 * AQ24 * EXP(-D24 * 60 * AN24 * AQ24) / (1 - EXP(-D24 * 60 * AN24 * AQ24))^2))^2 ) -> 0.0018757552 | AT24: =AT23*EXP(-AP23*D23*60) -> 0.01889072 | AU24: =2*((((AU23/2)*EXP(-AP23*D23*60))^2+(AT23*EXP(-AP23*D23*60)*D23*60*AO23*AP23/AN23)^2)^0.5) -> 0.0027488824 | AZ24: =IF((273+C24)>=600, 0.00074*EXP(-6613/(1.987*(273+C24)))*128000000000000000*EXP(1174/(1.987*(273+C24))), 0.000304*EXP(-5580/(1.987*(273+C24)))*199000000000000000*EXP(680/(1.987*(273+C24)))) -> 9.6700059e+10 | BA24: =AZ24 * 1.17*EXP(-57/(1.987*(273+C24))) -> 1.049746e+11
B25: 45327.411 | C25: 220 | D25: =I25/60 -> 450 | E25: Experimental Step | F25: 102 | G25: 0 | H25: 8.07 | I25: 27000 | J25: 27130.369 | K25: =(B25-B24)*24*3600 -> 28560 | L25: =K25-I25 -> 1560 | N25: 0.0062091428 | O25: 0.025904605 | Q25: 0.63333256 | R25: 0.011423818 | S25: 0.20905016 | T25: 0.00096717726 | V25: =(1000*S25/Q25)/$AE$140 -> 0.32687661 | X25: =S25-AVERAGE(S26:S28) -> 0.20117492 | Y25: =T25+AVERAGE(S26:S28) -> 0.0088424258 | AA25: =(X25*1000)/Q25 -> 317.64499 | AB25: =2*((1000*Y25/(2*Q25))^2+((R25/2)*1000*X25/(Q25^2))^2)^0.5 -> 15.091658 | AC25: =AA25/$AE$140 -> 0.31456265 | AD25: =2*(($AF$140*AA25/(2*$AE$140^2))^2+(AB25/($AE$140*2))^2)^0.5 -> 0.015309488 | AE25: =SUM(AV$5:$AV25) -> 4.1139123 | AF25: {=2*SQRT(SUM((AW$5:$AW25/2)^2))} -> 0.039216488 | AG25: =AG24+Q25 -> 4.0551293 | AH25: {=2*SQRT(SUM((R$5:$R25/2)^2))} -> 0.025702433 | AI25: =AI24+S25 -> 0.63194776 | AJ25: {=2*SQRT(SUM((T$5:$T25/2)^2))} -> 0.0012718431 | AQ25: =(C25+273)*$C$145*$E$144 -> 4.697928e-16 | AT25: =AT24*EXP(-AP24*D24*60) -> 0.011048429 | AU25: =2*((((AU24/2)*EXP(-AP24*D24*60))^2+(AT24*EXP(-AP24*D24*60)*D24*60*AO24*AP24/AN24)^2)^0.5) -> 0.001795669 | AV25: =Q25+AT26-AT25 -> 0.669218 | AW25: =2*(((AU25/2)^2+(AU26/2)^2+(R25/2)^2)^(0.5)) -> 0.012436423 | AX25: =100*(AV25-Q25)/Q25 -> 5.6661282 | AZ25: =IF((273+C25)>=600, 0.00074*EXP(-6613/(1.987*(273+C25)))*128000000000000000*EXP(1174/(1.987*(273+C25))), 0.000304*EXP(-5580/(1.987*(273+C25)))*199000000000000000*EXP(680/(1.987*(273+C25)))) -> 4.0676878e+11 | BA25: =AZ25 * 1.17*EXP(-57/(1.987*(273+C25))) -> 4.4901717e+11 | BB25: =Q25*BD25 -> 0.13488029 | BC25: =AQ25*BA25*I25 -> 5.6955159 | BD25: =1/(BC25-1) -> 0.21296914 | BE25: =BG25*S25 -> 0.050257031 | BF25: =AQ25*AZ25*I25 -> 5.1596203 | BG25: =1/(BF25-1) -> 0.24040656 | BH25: =Q25-BB21 -> 0.49926881 | BI25: =Q25+BB25 -> 0.76821286 | BJ25: =X25-BE21 -> 0.16286663 | BK25: =X25+BE25 -> 0.25143195 | BL25: =BF25*1.29 -> 6.6559101 | BM25: =Q25 / (BL25-1) -> 0.11197713 | BN25: =(1000*(S25+BE25)/(Q25+BM25))/$AE$140 -> 0.34454262 | BO25: =(1000*(S25-BE21)/(Q25-BM21))/$AE$140 -> 0.32361175 | BP25: =(1000*(S25+BE25-BE21)/(Q25+BM25-BM21))/$AE$140 -> 0.34494014 | BQ25: =MIN(BN25:BP25) -> 0.32361175 | BR25: =((1000*S25/Q25))/$AE$140 -> 0.32687661 | BS25: =MAX(BN25:BP25) -> 0.34494014
B26: 45327.533 | C26: 115 | D26: =I26/60 -> 150 | E26: Permeation Step | F26: 3.59 | G26: 0 | H26: 0.329 | I26: 9000 | J26: 9127.936 | K26: =(B26-B25)*24*3600 -> 10560 | L26: =K26-I26 -> 1560 | N26: 0.0062194486 | O26: 0.025904605 | Q26: 0.02232782 | R26: 0.00037376859 | S26: 0.0085226151 | T26: 3.8388012e-05 | AE26: =SUM(AV$5:$AV26) -> 4.1139123 | AF26: {=2*SQRT(SUM((AW$5:$AW26/2)^2))} -> 0.039216488 | AG26: =AG25+Q26 -> 4.0774572 | AH26: {=2*SQRT(SUM((R$5:$R26/2)^2))} -> 0.02570515 | AI26: =AI25+S26 -> 0.64047037 | AJ26: {=2*SQRT(SUM((T$5:$T26/2)^2))} -> 0.0012724223 | AL26: ='Fit Lambdas'!$U$2*(10000/(C26+273))+'Fit Lambdas'!$V$2 -> 25.991417 | AM26: ='Fit Lambdas'!$V$4 -> 0.067480704 | AN26: =EXP(AL26) -> 1.9405685e+11 | AO26: =AM26*AN26 -> 1.3095093e+10 | AP26: =AN26*(C26+273)*$C$145*$E$144 -> 7.1749708e-05 | AQ26: =(C26+273)*$C$145*$E$144 -> 3.6973551e-16 | AR26: =Q26/(1-EXP(-D26*60*AP26)) -> 0.046933864 | AS26: =2*SQRT( ((R26/2) * (1 / (1 - EXP(-D26 * 60 * AN26 * AQ26))))^2 + (AO26 * (-Q26 * 60 * D26 * AQ26 * EXP(-D26 * 60 * AN26 * AQ26) / (1 - EXP(-D26 * 60 * AN26 * AQ26))^2))^2 ) -> 0.0045756477 | AT26: {=AR26:AS26} -> 0.046933864 | AU26: 0.0045756477 | AZ26: =IF((273+C26)>=600, 0.00074*EXP(-6613/(1.987*(273+C26)))*128000000000000000*EXP(1174/(1.987*(273+C26))), 0.000304*EXP(-5580/(1.987*(273+C26)))*199000000000000000*EXP(680/(1.987*(273+C26)))) -> 1.0506584e+11 | BA26: =AZ26 * 1.17*EXP(-57/(1.987*(273+C26))) -> 1.1416637e+11
B27: 45327.659 | C27: 115 | D27: =I27/60 -> 150 | F27: 2.15 | G27: 0 | H27: 0.295 | I27: 9000 | J27: 9128.579 | K27: =(B27-B26)*24*3600 -> 10860 | L27: =K27-I27 -> 1860 | N27: 0.0062368414 | O27: 0.025904605 | Q27: 0.013409209 | R27: 0.0002010208 | S27: 0.0076418586 | T27: 3.2517588e-05 | AE27: =SUM(AV$5:$AV27) -> 4.1139123 | AF27: {=2*SQRT(SUM((AW$5:$AW27/2)^2))} -> 0.039216488 | AG27: =AG26+Q27 -> 4.0908664 | AH27: {=2*SQRT(SUM((R$5:$R27/2)^2))} -> 0.025705936 | AI27: =AI26+S27 -> 0.64811223 | AJ27: {=2*SQRT(SUM((T$5:$T27/2)^2))} -> 0.0012728377 | AL27: ='Fit Lambdas'!$U$2*(10000/(C27+273))+'Fit Lambdas'!$V$2 -> 25.991417 | AM27: ='Fit Lambdas'!$V$4 -> 0.067480704 | AN27: =EXP(AL27) -> 1.9405685e+11 | AO27: =AM27*AN27 -> 1.3095093e+10 | AP27: =AN27*(C27+273)*$C$145*$E$144 -> 7.1749708e-05 | AQ27: =(C27+273)*$C$145*$E$144 -> 3.6973551e-16 | AR27: =Q27/(1-EXP(-D27*60*AP27)) -> 0.028186629 | AS27: =2*SQRT( ((R27/2) * (1 / (1 - EXP(-D27 * 60 * AN27 * AQ27))))^2 + (AO27 * (-Q27 * 60 * D27 * AQ27 * EXP(-D27 * 60 * AN27 * AQ27) / (1 - EXP(-D27 * 60 * AN27 * AQ27))^2))^2 ) -> 0.0027399202 | AT27: =AT26*EXP(-AP26*D26*60) -> 0.024606044 | AU27: =2*((((AU26/2)*EXP(-AP26*D26*60))^2+(AT26*EXP(-AP26*D26*60)*D26*60*AO26*AP26/AN26)^2)^0.5) -> 0.0032176449 | AZ27: =IF((273+C27)>=600, 0.00074*EXP(-6613/(1.987*(273+C27)))*128000000000000000*EXP(1174/(1.987*(273+C27))), 0.000304*EXP(-5580/(1.987*(273+C27)))*199000000000000000*EXP(680/(1.987*(273+C27)))) -> 1.0506584e+11 | BA27: =AZ27 * 1.17*EXP(-57/(1.987*(273+C27))) -> 1.1416637e+11
B28: 45327.781 | C28: 115 | D28: =I28/60 -> 150 | F28: 1.25 | G28: 0 | H28: 0.288 | I28: 9000 | J28: 9128.275 | K28: =(B28-B27)*24*3600 -> 10560 | L28: =K28-I28 -> 1560 | N28: 0.0062399394 | O28: 0.025907194 | Q28: 0.0077999242 | R28: 0.0001137461 | S28: 0.007461272 | T28: 3.1275994e-05 | AE28: =SUM(AV$5:$AV28) -> 4.1139123 | AF28: {=2*SQRT(SUM((AW$5:$AW28/2)^2))} -> 0.039216488 | AG28: =AG27+Q28 -> 4.0986663 | AH28: {=2*SQRT(SUM((R$5:$R28/2)^2))} -> 0.025706188 | AI28: =AI27+S28 -> 0.6555735 | AJ28: {=2*SQRT(SUM((T$5:$T28/2)^2))} -> 0.0012732219 | AL28: ='Fit Lambdas'!$U$2*(10000/(C28+273))+'Fit Lambdas'!$V$2 -> 25.991417 | AM28: ='Fit Lambdas'!$V$4 -> 0.067480704 | AN28: =EXP(AL28) -> 1.9405685e+11 | AO28: =AM28*AN28 -> 1.3095093e+10 | AP28: =AN28*(C28+273)*$C$145*$E$144 -> 7.1749708e-05 | AQ28: =(C28+273)*$C$145*$E$144 -> 3.6973551e-16 | AR28: =Q28/(1-EXP(-D28*60*AP28)) -> 0.016395715 | AS28: =2*SQRT( ((R28/2) * (1 / (1 - EXP(-D28 * 60 * AN28 * AQ28))))^2 + (AO28 * (-Q28 * 60 * D28 * AQ28 * EXP(-D28 * 60 * AN28 * AQ28) / (1 - EXP(-D28 * 60 * AN28 * AQ28))^2))^2 ) -> 0.0015927495 | AT28: =AT27-Q27 -> 0.011196835 | AU28: =AU27+R27 -> 0.0034186657 | AZ28: =IF((273+C28)>=600, 0.00074*EXP(-6613/(1.987*(273+C28)))*128000000000000000*EXP(1174/(1.987*(273+C28))), 0.000304*EXP(-5580/(1.987*(273+C28)))*199000000000000000*EXP(680/(1.987*(273+C28)))) -> 1.0506584e+11 | BA28: =AZ28 * 1.17*EXP(-57/(1.987*(273+C28))) -> 1.1416637e+11
B29: 45328.094 | C29: 230 | D29: =I29/60 -> 425 | E29: Experimental Step | F29: 127 | G29: 0 | H29: 12.5 | I29: 25500 | J29: 25626.656 | K29: =(B29-B28)*24*3600 -> 27060 | L29: =K29-I29 -> 1560 | N29: 0.0062195122 | O29: 0.025947282 | Q29: 0.78987805 | R29: 0.011826078 | S29: 0.32434102 | T29: 0.0013404084 | V29: =(1000*S29/Q29)/$AE$140 -> 0.40663708 | X29: =S29-AVERAGE(S30:S32) -> 0.31749786 | Y29: =T29+AVERAGE(S30:S32) -> 0.0081835715 | AA29: =(X29*1000)/Q29 -> 401.95807 | AB29: =2*((1000*Y29/(2*Q29))^2+((R29/2)*1000*X29/(Q29^2))^2)^0.5 -> 11.981606 | AC29: =AA29/$AE$140 -> 0.39805758 | AD29: =2*(($AF$140*AA29/(2*$AE$140^2))^2+(AB29/($AE$140*2))^2)^0.5 -> 0.012587076 | AE29: =SUM(AV$5:$AV29) -> 4.9617731 | AF29: {=2*SQRT(SUM((AW$5:$AW29/2)^2))} -> 0.041150481 | AG29: =AG28+Q29 -> 4.8885443 | AH29: {=2*SQRT(SUM((R$5:$R29/2)^2))} -> 0.028296011 | AI29: =AI28+S29 -> 0.97991452 | AJ29: {=2*SQRT(SUM((T$5:$T29/2)^2))} -> 0.0018487263 | AQ29: =(C29+273)*$C$145*$E$144 -> 4.7932207e-16 | AT29: =AT28*EXP(-AP28*D28*60) -> 0.0058701709 | AU29: =2*((((AU28/2)*EXP(-AP28*D28*60))^2+(AT28*EXP(-AP28*D28*60)*D28*60*AO28*AP28/AN28)^2)^0.5) -> 0.0018638899 | AV29: =Q29+AT30-AT29 -> 0.84786085 | AW29: =2*(((AU29/2)^2+(AU30/2)^2+(R29/2)^2)^(0.5)) -> 0.012467123 | AX29: =100*(AV29-Q29)/Q29 -> 7.3407284 | AZ29: =IF((273+C29)>=600, 0.00074*EXP(-6613/(1.987*(273+C29)))*128000000000000000*EXP(1174/(1.987*(273+C29))), 0.000304*EXP(-5580/(1.987*(273+C29)))*199000000000000000*EXP(680/(1.987*(273+C29)))) -> 4.4929963e+11 | BA29: =AZ29 * 1.17*EXP(-57/(1.987*(273+C29))) -> 4.9653949e+11 | BB29: =Q29*BD29 -> 0.15582339 | BC29: =AQ29*BA29*I29 -> 6.0690595 | BD29: =1/(BC29-1) -> 0.19727525 | BE29: =BG29*S29 -> 0.072209605 | BF29: =AQ29*AZ29*I29 -> 5.4916604 | BG29: =1/(BF29-1) -> 0.22263482 | BH29: =Q29-BB25 -> 0.65499776 | BI29: =Q29+BB29 -> 0.94570144 | BJ29: =X29-BE25 -> 0.26724083 | BK29: =X29+BE29 -> 0.38970746 | BL29: =BF29*1.29 -> 7.0842419 | BM29: =Q29 / (BL29-1) -> 0.12982358 | BN29: =(1000*(S29+BE29)/(Q29+BM29))/$AE$140 -> 0.42698914 | BO29: =(1000*(S29-BE25)/(Q29-BM25))/$AE$140 -> 0.40038942 | BP29: =(1000*(S29+BE29-BE25)/(Q29+BM29-BM25))/$AE$140 -> 0.42456711 | BQ29: =MIN(BN29:BP29) -> 0.40038942 | BR29: =((1000*S29/Q29))/$AE$140 -> 0.40663708 | BS29: =MAX(BN29:BP29) -> 0.42698914
B30: 45328.523 | C30: 85.01 | D30: =I30/60 -> 150 | F30: 5.53 | G30: 0 | H30: 0.627 | I30: 9000 | J30: 9124.291 | K30: =(B30-B29)*24*3600 -> 37020 | L30: =K30-I30 -> 28020 | N30: 0.0062099608 | O30: 0.025947282 | Q30: 0.034341083 | R30: 0.00047740279 | S30: 0.016268946 | T30: 6.338824e-05 | AE30: =SUM(AV$5:$AV30) -> 4.9617731 | AF30: {=2*SQRT(SUM((AW$5:$AW30/2)^2))} -> 0.041150481 | AG30: =AG29+Q30 -> 4.9228854 | AH30: {=2*SQRT(SUM((R$5:$R30/2)^2))} -> 0.028300038 | AI30: =AI29+S30 -> 0.99618347 | AJ30: {=2*SQRT(SUM((T$5:$T30/2)^2))} -> 0.0018498127 | AL30: ='Fit Lambdas'!$U$2*(10000/(C30+273))+'Fit Lambdas'!$V$2 -> 24.88396 | AM30: ='Fit Lambdas'!$V$4 -> 0.067480704 | AN30: =EXP(AL30) -> 6.4116046e+10 | AO30: =AM30*AN30 -> 4.3265959e+09 | AP30: =AN30*(C30+273)*$C$145*$E$144 -> 2.1873654e-05 | AQ30: =(C30+273)*$C$145*$E$144 -> 3.4115725e-16 | AR30: =Q30/(1-EXP(-D30*60*AP30)) -> 0.19217519 | AS30: =2*SQRT( ((R30/2) * (1 / (1 - EXP(-D30 * 60 * AN30 * AQ30))))^2 + (AO30 * (-Q30 * 60 * D30 * AQ30 * EXP(-D30 * 60 * AN30 * AQ30) / (1 - EXP(-D30 * 60 * AN30 * AQ30))^2))^2 ) -> 0.023618585 | AT30: =AT31+Q30 -> 0.063852973 | AU30: =AU31+R30 -> 0.0034783534 | AZ30: =IF((273+C30)>=600, 0.00074*EXP(-6613/(1.987*(273+C30)))*128000000000000000*EXP(1174/(1.987*(273+C30))), 0.000304*EXP(-5580/(1.987*(273+C30)))*199000000000000000*EXP(680/(1.987*(273+C30)))) -> 6.1693294e+10 | BA30: =AZ30 * 1.17*EXP(-57/(1.987*(273+C30))) -> 6.6623105e+10
B31: 45328.646 | C31: 85 | D31: =I31/60 -> 150 | F31: 0.935 | G31: 0 | H31: 0.121 | I31: 9000 | J31: 9127.531 | K31: =(B31-B30)*24*3600 -> 10620 | L31: =K31-I31 -> 1620 | N31: 0.0062086957 | O31: 0.025947282 | Q31: 0.0058051304 | R31: 8.1342887e-05 | S31: 0.0031396211 | T31: 1.230702e-05 | AE31: =SUM(AV$5:$AV31) -> 4.9617731 | AF31: {=2*SQRT(SUM((AW$5:$AW31/2)^2))} -> 0.041150481 | AG31: =AG30+Q31 -> 4.9286905 | AH31: {=2*SQRT(SUM((R$5:$R31/2)^2))} -> 0.028300155 | AI31: =AI30+S31 -> 0.99932309 | AJ31: {=2*SQRT(SUM((T$5:$T31/2)^2))} -> 0.0018498536 | AL31: ='Fit Lambdas'!$U$2*(10000/(C31+273))+'Fit Lambdas'!$V$2 -> 24.88356 | AM31: ='Fit Lambdas'!$V$4 -> 0.067480704 | AN31: =EXP(AL31) -> 6.4090391e+10 | AO31: =AM31*AN31 -> 4.3248647e+09 | AP31: =AN31*(C31+273)*$C$145*$E$144 -> 2.186429e-05 | AQ31: =(C31+273)*$C$145*$E$144 -> 3.4114772e-16 | AR31: =Q31/(1-EXP(-D31*60*AP31)) -> 0.032498518 | AS31: =2*SQRT( ((R31/2) * (1 / (1 - EXP(-D31 * 60 * AN31 * AQ31))))^2 + (AO31 * (-Q31 * 60 * D31 * AQ31 * EXP(-D31 * 60 * AN31 * AQ31) / (1 - EXP(-D31 * 60 * AN31 * AQ31))^2))^2 ) -> 0.0039946899 | AT31: =AT32+Q31 -> 0.02951189 | AU31: =AU32+R31 -> 0.0030009506 | AZ31: =IF((273+C31)>=600, 0.00074*EXP(-6613/(1.987*(273+C31)))*128000000000000000*EXP(1174/(1.987*(273+C31))), 0.000304*EXP(-5580/(1.987*(273+C31)))*199000000000000000*EXP(680/(1.987*(273+C31)))) -> 6.1681425e+10 | BA31: =AZ31 * 1.17*EXP(-57/(1.987*(273+C31))) -> 6.6610139e+10
B32: 45328.768 | C32: 84.96 | D32: =I32/60 -> 150 | E32: Permeation Step | F32: 0.681 | G32: 0 | H32: 0.0432 | I32: 9000 | J32: 8219.518 | K32: =(B32-B31)*24*3600 -> 10560 | L32: =K32-I32 -> 1560 | N32: 0.0062086957 | O32: 0.025947282 | Q32: 0.0042281217 | R32: 6.6747035e-05 | S32: 0.0011209226 | T32: 4.5553949e-06 | AE32: =SUM(AV$5:$AV32) -> 4.9617731 | AF32: {=2*SQRT(SUM((AW$5:$AW32/2)^2))} -> 0.041150481 | AG32: =AG31+Q32 -> 4.9329187 | AH32: {=2*SQRT(SUM((R$5:$R32/2)^2))} -> 0.028300233 | AI32: =AI31+S32 -> 1.000444 | AJ32: {=2*SQRT(SUM((T$5:$T32/2)^2))} -> 0.0018498592 | AL32: ='Fit Lambdas'!$U$2*(10000/(C32+273))+'Fit Lambdas'!$V$2 -> 24.881959 | AM32: ='Fit Lambdas'!$V$4 -> 0.067480704 | AN32: =EXP(AL32) -> 6.3987857e+10 | AO32: =AM32*AN32 -> 4.3179457e+09 | AP32: =AN32*(C32+273)*$C$145*$E$144 -> 2.1826872e-05 | AQ32: =(C32+273)*$C$145*$E$144 -> 3.411096e-16 | AR32: =Q32/(1-EXP(-D32*60*AP32)) -> 0.02370676 | AS32: =2*SQRT( ((R32/2) * (1 / (1 - EXP(-D32 * 60 * AN32 * AQ32))))^2 + (AO32 * (-Q32 * 60 * D32 * AQ32 * EXP(-D32 * 60 * AN32 * AQ32) / (1 - EXP(-D32 * 60 * AN32 * AQ32))^2))^2 ) -> 0.0029196077 | AT32: {=AR32:AS32} -> 0.02370676 | AU32: 0.0029196077 | AZ32: =IF((273+C32)>=600, 0.00074*EXP(-6613/(1.987*(273+C32)))*128000000000000000*EXP(1174/(1.987*(273+C32))), 0.000304*EXP(-5580/(1.987*(273+C32)))*199000000000000000*EXP(680/(1.987*(273+C32)))) -> 6.1633965e+10 | BA32: =AZ32 * 1.17*EXP(-57/(1.987*(273+C32))) -> 6.6558291e+10
B33: 45329.417 | C33: 225 | D33: =I33/60 -> 908 | E33: Experimental Step | F33: 120 | G33: 0 | H33: 13.4 | I33: 54480 | J33: 54635.563 | K33: =(B33-B32)*24*3600 -> 56040 | L33: =K33-I33 -> 1560 | N33: 0.0062605932 | O33: 0.025990099 | Q33: 0.75127118 | R33: 0.013058117 | S33: 0.34826733 | T33: 0.0016077256 | V33: =(1000*S33/Q33)/$AE$140 -> 0.45907237 | X33: =S33-AVERAGE(S34:S37) -> 0.34435572 | Y33: =T33+AVERAGE(S34:S37) -> 0.0055193354 | AA33: =(X33*1000)/Q33 -> 458.36407 | AB33: =2*((1000*Y33/(2*Q33))^2+((R33/2)*1000*X33/(Q33^2))^2)^0.5 -> 10.837269 | AC33: =AA33/$AE$140 -> 0.45391623 | AD33: =2*(($AF$140*AA33/(2*$AE$140^2))^2+(AB33/($AE$140*2))^2)^0.5 -> 0.011752741 | AE33: =SUM(AV$5:$AV33) -> 5.7355809 | AF33: {=2*SQRT(SUM((AW$5:$AW33/2)^2))} -> 0.043523442 | AG33: =AG32+Q33 -> 5.6841899 | AH33: {=2*SQRT(SUM((R$5:$R33/2)^2))} -> 0.031167573 | AI33: =AI32+S33 -> 1.3487113 | AJ33: {=2*SQRT(SUM((T$5:$T33/2)^2))} -> 0.0024508694 | AQ33: =(C33+273)*$C$145*$E$144 -> 4.7455744e-16 | AT33: =AT32*EXP(-AP32*D32*60) -> 0.019478638 | AU33: =2*((((AU32/2)*EXP(-AP32*D32*60))^2+(AT32*EXP(-AP32*D32*60)*D32*60*AO32*AP32/AN32)^2)^0.5) -> 0.0024538493 | AV33: =Q33+AT34-AT33 -> 0.77380779 | AW33: =2*(((AU33/2)^2+(AU34/2)^2+(R33/2)^2)^(0.5)) -> 0.014174905 | AX33: =100*(AV33-Q33)/Q33 -> 2.9997966 | AZ33: =IF((273+C33)>=600, 0.00074*EXP(-6613/(1.987*(273+C33)))*128000000000000000*EXP(1174/(1.987*(273+C33))), 0.000304*EXP(-5580/(1.987*(273+C33)))*199000000000000000*EXP(680/(1.987*(273+C33)))) -> 4.277191e+11 | BA33: =AZ33 * 1.17*EXP(-57/(1.987*(273+C33))) -> 4.7241937e+11 | BB33: =Q33*BD33 -> 0.06699477 | BC33: =AQ33*BA33*I33 -> 12.213878 | BD33: =1/(BC33-1) -> 0.089175216 | BE33: =BG33*S33 -> 0.034625206 | BF33: =AQ33*AZ33*I33 -> 11.058202 | BG33: =1/(BF33-1) -> 0.099421344 | BH33: =Q33-BB29 -> 0.59544779 | BI33: =Q33+BB33 -> 0.81826595 | BJ33: =X33-BE29 -> 0.27214611 | BK33: =X33+BE33 -> 0.37898092 | BL33: =BF33*1.29 -> 14.265081 | BM33: =Q33 / (BL33-1) -> 0.05663525 | BN33: =(1000*(S33+BE33)/(Q33+BM33))/$AE$140 -> 0.46933288 | BO33: =(1000*(S33-BE29)/(Q33-BM29))/$AE$140 -> 0.43990665 | BP33: =(1000*(S33+BE33-BE29)/(Q33+BM33-BM29))/$AE$140 -> 0.45373238 | BQ33: =MIN(BN33:BP33) -> 0.43990665 | BR33: =((1000*S33/Q33))/$AE$140 -> 0.45907237 | BS33: =MAX(BN33:BP33) -> 0.46933288
B34: 45329.518 | C34: 99.86 | D34: =I34/60 -> 120 | E34: Permeation Step; Lambda Fit | F34: 1.69 | G34: 0 | H34: 0.149 | I34: 7200 | J34: 7326.342 | K34: =(B34-B33)*24*3600 -> 8760 | L34: =K34-I34 -> 1560 | N34: 0.0062625738 | O34: 0.025990099 | Q34: 0.01058375 | R34: 0.00017919806 | S34: 0.0038725248 | T34: 1.7923631e-05 | AE34: =SUM(AV$5:$AV34) -> 5.7355809 | AF34: {=2*SQRT(SUM((AW$5:$AW34/2)^2))} -> 0.043523442 | AG34: =AG33+Q34 -> 5.6947736 | AH34: {=2*SQRT(SUM((R$5:$R34/2)^2))} -> 0.031168088 | AI34: =AI33+S34 -> 1.3525839 | AJ34: {=2*SQRT(SUM((T$5:$T34/2)^2))} -> 0.0024509349 | AL34: ='Fit Lambdas'!$U$2*(10000/(C34+273))+'Fit Lambdas'!$V$2 -> 25.454601 | AM34: ='Fit Lambdas'!$V$4 -> 0.067480704 | AN34: =EXP(AL34) -> 1.1344693e+11 | AO34: =AM34*AN34 -> 7.6554788e+09 | AP34: =AN34*(C34+273)*$C$145*$E$144 -> 4.0308625e-05 | AQ34: =(C34+273)*$C$145*$E$144 -> 3.5530821e-16 | AR34: =Q34/(1-EXP(-D34*60*AP34)) -> 0.042015245 | AS34: =2*SQRT( ((R34/2) * (1 / (1 - EXP(-D34 * 60 * AN34 * AQ34))))^2 + (AO34 * (-Q34 * 60 * D34 * AQ34 * EXP(-D34 * 60 * AN34 * AQ34) / (1 - EXP(-D34 * 60 * AN34 * AQ34))^2))^2 ) -> 0.0049388402 | AT34: {=AR34:AS34} -> 0.042015245 | AU34: 0.0049388402 | AZ34: =IF((273+C34)>=600, 0.00074*EXP(-6613/(1.987*(273+C34)))*128000000000000000*EXP(1174/(1.987*(273+C34))), 0.000304*EXP(-5580/(1.987*(273+C34)))*199000000000000000*EXP(680/(1.987*(273+C34)))) -> 8.1167248e+10 | BA34: =AZ34 * 1.17*EXP(-57/(1.987*(273+C34))) -> 8.7933363e+10
B35: 45329.619 | C35: 100 | D35: =I35/60 -> 120 | E35: Lambda Fit | F35: 1.19 | G35: 0 | H35: 0.124 | I35: 7200 | J35: 7324.714 | K35: =(B35-B34)*24*3600 -> 8760 | L35: =K35-I35 -> 1560 | N35: 0.0062585706 | O35: 0.025990099 | Q35: 0.007447699 | R35: 0.00012269139 | S35: 0.0032227723 | T35: 1.4196701e-05 | AE35: =SUM(AV$5:$AV35) -> 5.7355809 | AF35: {=2*SQRT(SUM((AW$5:$AW35/2)^2))} -> 0.043523442 | AG35: =AG34+Q35 -> 5.7022213 | AH35: {=2*SQRT(SUM((R$5:$R35/2)^2))} -> 0.03116833 | AI35: =AI34+S35 -> 1.3558066 | AJ35: {=2*SQRT(SUM((T$5:$T35/2)^2))} -> 0.002450976 | AL35: ='Fit Lambdas'!$U$2*(10000/(C35+273))+'Fit Lambdas'!$V$2 -> 25.459765 | AM35: ='Fit Lambdas'!$V$4 -> 0.067480704 | AN35: =EXP(AL35) -> 1.1403424e+11 | AO35: =AM35*AN35 -> 7.6951106e+09 | AP35: =AN35*(C35+273)*$C$145*$E$144 -> 4.0532513e-05 | AQ35: =(C35+273)*$C$145*$E$144 -> 3.5544161e-16 | AR35: =Q35/(1-EXP(-D35*60*AP35)) -> 0.029425035 | AS35: =2*SQRT( ((R35/2) * (1 / (1 - EXP(-D35 * 60 * AN35 * AQ35))))^2 + (AO35 * (-Q35 * 60 * D35 * AQ35 * EXP(-D35 * 60 * AN35 * AQ35) / (1 - EXP(-D35 * 60 * AN35 * AQ35))^2))^2 ) -> 0.0034540998 | AT35: =AT34*EXP(-AP34*D34*60) -> 0.031431496 | AU35: =2*((((AU34/2)*EXP(-AP34*D34*60))^2+(AT34*EXP(-AP34*D34*60)*D34*60*AO34*AP34/AN34)^2)^0.5) -> 0.0038944506 | AZ35: =IF((273+C35)>=600, 0.00074*EXP(-6613/(1.987*(273+C35)))*128000000000000000*EXP(1174/(1.987*(273+C35))), 0.000304*EXP(-5580/(1.987*(273+C35)))*199000000000000000*EXP(680/(1.987*(273+C35)))) -> 8.1368988e+10 | BA35: =AZ35 * 1.17*EXP(-57/(1.987*(273+C35))) -> 8.8154465e+10
B36: 45329.721 | C36: 100 | D36: =I36/60 -> 120 | E36: Lambda Fit | F36: 0.786 | G36: 0 | H36: 0.186 | I36: 7200 | J36: 7324.407 | K36: =(B36-B35)*24*3600 -> 8760 | L36: =K36-I36 -> 1560 | N36: 0.0062550481 | O36: 0.025990099 | Q36: 0.0049164678 | R36: 7.974957e-05 | S36: 0.0048341584 | T36: 2.0568625e-05 | AE36: =SUM(AV$5:$AV36) -> 5.7355809 | AF36: {=2*SQRT(SUM((AW$5:$AW36/2)^2))} -> 0.043523442 | AG36: =AG35+Q36 -> 5.7071378 | AH36: {=2*SQRT(SUM((R$5:$R36/2)^2))} -> 0.031168432 | AI36: =AI35+S36 -> 1.3606408 | AJ36: {=2*SQRT(SUM((T$5:$T36/2)^2))} -> 0.0024510623 | AL36: ='Fit Lambdas'!$U$2*(10000/(C36+273))+'Fit Lambdas'!$V$2 -> 25.459765 | AM36: ='Fit Lambdas'!$V$4 -> 0.067480704 | AN36: =EXP(AL36) -> 1.1403424e+11 | AO36: =AM36*AN36 -> 7.6951106e+09 | AP36: =AN36*(C36+273)*$C$145*$E$144 -> 4.0532513e-05 | AQ36: =(C36+273)*$C$145*$E$144 -> 3.5544161e-16 | AR36: =Q36/(1-EXP(-D36*60*AP36)) -> 0.019424421 | AS36: =2*SQRT( ((R36/2) * (1 / (1 - EXP(-D36 * 60 * AN36 * AQ36))))^2 + (AO36 * (-Q36 * 60 * D36 * AQ36 * EXP(-D36 * 60 * AN36 * AQ36) / (1 - EXP(-D36 * 60 * AN36 * AQ36))^2))^2 ) -> 0.0022794794 | AT36: =AT35*EXP(-AP35*D35*60) -> 0.023475946 | AU36: =2*((((AU35/2)*EXP(-AP35*D35*60))^2+(AT35*EXP(-AP35*D35*60)*D35*60*AO35*AP35/AN35)^2)^0.5) -> 0.003052161 | AZ36: =IF((273+C36)>=600, 0.00074*EXP(-6613/(1.987*(273+C36)))*128000000000000000*EXP(1174/(1.987*(273+C36))), 0.000304*EXP(-5580/(1.987*(273+C36)))*199000000000000000*EXP(680/(1.987*(273+C36)))) -> 8.1368988e+10 | BA36: =AZ36 * 1.17*EXP(-57/(1.987*(273+C36))) -> 8.8154465e+10
B37: 45329.822 | C37: 99.99 | D37: =I37/60 -> 120 | E37: Lambda Fit | F37: 0.682 | G37: 0 | H37: 0.143 | I37: 7200 | J37: 7329.079 | K37: =(B37-B36)*24*3600 -> 8760 | L37: =K37-I37 -> 1560 | N37: 0.0062505944 | O37: 0.025992894 | Q37: 0.0042629053 | R37: 6.8351505e-05 | S37: 0.0037169838 | T37: 1.5599913e-05 | AE37: =SUM(AV$5:$AV37) -> 5.7355809 | AF37: {=2*SQRT(SUM((AW$5:$AW37/2)^2))} -> 0.043523442 | AG37: =AG36+Q37 -> 5.7114007 | AH37: {=2*SQRT(SUM((R$5:$R37/2)^2))} -> 0.031168507 | AI37: =AI36+S37 -> 1.3643578 | AJ37: {=2*SQRT(SUM((T$5:$T37/2)^2))} -> 0.002451112 | AL37: ='Fit Lambdas'!$U$2*(10000/(C37+273))+'Fit Lambdas'!$V$2 -> 25.459396 | AM37: ='Fit Lambdas'!$V$4 -> 0.067480704 | AN37: =EXP(AL37) -> 1.139922e+11 | AO37: =AM37*AN37 -> 7.692274e+09 | AP37: =AN37*(C37+273)*$C$145*$E$144 -> 4.0516486e-05 | AQ37: =(C37+273)*$C$145*$E$144 -> 3.5543209e-16 | AR37: =Q37/(1-EXP(-D37*60*AP37)) -> 0.016848005 | AS37: =2*SQRT( ((R37/2) * (1 / (1 - EXP(-D37 * 60 * AN37 * AQ37))))^2 + (AO37 * (-Q37 * 60 * D37 * AQ37 * EXP(-D37 * 60 * AN37 * AQ37) / (1 - EXP(-D37 * 60 * AN37 * AQ37))^2))^2 ) -> 0.0019768185 | AT37: =AT36*EXP(-AP36*D36*60) -> 0.017534007 | AU37: =2*((((AU36/2)*EXP(-AP36*D36*60))^2+(AT36*EXP(-AP36*D36*60)*D36*60*AO36*AP36/AN36)^2)^0.5) -> 0.0023819465 | AZ37: =IF((273+C37)>=600, 0.00074*EXP(-6613/(1.987*(273+C37)))*128000000000000000*EXP(1174/(1.987*(273+C37))), 0.000304*EXP(-5580/(1.987*(273+C37)))*199000000000000000*EXP(680/(1.987*(273+C37)))) -> 8.1354566e+10 | BA37: =AZ37 * 1.17*EXP(-57/(1.987*(273+C37))) -> 8.8138659e+10
B38: 45330.153 | C38: 215 | D38: =I38/60 -> 450 | E38: Experimental Step | F38: 22.7 | G38: 0 | H38: 2.75 | I38: 27000 | J38: 27125.349 | K38: =(B38-B37)*24*3600 -> 28560 | L38: =K38-I38 -> 1560 | N38: 0.006234045 | O38: 0.026033058 | Q38: 0.14151282 | R38: 0.0051011836 | S38: 0.071590909 | T38: 0.0022087207 | V38: =(1000*S38/Q38)/$AE$140 -> 0.5009879 | X38: =S38-AVERAGE(S39:S42) -> 0.067383446 | Y38: =T38+AVERAGE(S39:S42) -> 0.0064161835 | AA38: =(X38*1000)/Q38 -> 476.16496 | AB38: =2*((1000*Y38/(2*Q38))^2+((R38/2)*1000*X38/(Q38^2))^2)^0.5 -> 48.480229 | AC38: =AA38/$AE$140 -> 0.47154438 | AD38: =2*(($AF$140*AA38/(2*$AE$140^2))^2+(AB38/($AE$140*2))^2)^0.5 -> 0.048267026 | AE38: =SUM(AV$5:$AV38) -> 5.8918316 | AF38: {=2*SQRT(SUM((AW$5:$AW38/2)^2))} -> 0.044002957 | AG38: =AG37+Q38 -> 5.8529135 | AH38: {=2*SQRT(SUM((R$5:$R38/2)^2))} -> 0.03158319 | AI38: =AI37+S38 -> 1.4359487 | AJ38: {=2*SQRT(SUM((T$5:$T38/2)^2))} -> 0.003299454 | AQ38: =(C38+273)*$C$145*$E$144 -> 4.6502817e-16 | AT38: =AT37*EXP(-AP37*D37*60) -> 0.013097528 | AU38: =2*((((AU37/2)*EXP(-AP37*D37*60))^2+(AT37*EXP(-AP37*D37*60)*D37*60*AO37*AP37/AN37)^2)^0.5) -> 0.00185248 | AV38: =Q38+AT39-AT38 -> 0.15625072 | AW38: =2*(((AU38/2)^2+(AU39/2)^2+(R38/2)^2)^(0.5)) -> 0.0064784414 | AX38: =100*(AV38-Q38)/Q38 -> 10.41453 | AZ38: =IF((273+C38)>=600, 0.00074*EXP(-6613/(1.987*(273+C38)))*128000000000000000*EXP(1174/(1.987*(273+C38))), 0.000304*EXP(-5580/(1.987*(273+C38)))*199000000000000000*EXP(680/(1.987*(273+C38)))) -> 3.8644673e+11 | BA38: =AZ38 * 1.17*EXP(-57/(1.987*(273+C38))) -> 4.2633015e+11 | BB38: =Q38*BD38 -> 0.032510015 | BC38: =AQ38*BA38*I38 -> 5.3528993 | BD38: =1/(BC38-1) -> 0.22973194 | BE38: =BG38*S38 -> 0.018584747 | BF38: =AQ38*AZ38*I38 -> 4.8521326 | BG38: =1/(BF38-1) -> 0.25959646 | BH38: =Q38-BB33 -> 0.074518052 | BI38: =Q38+BB38 -> 0.17402284 | BJ38: =X38-BE33 -> 0.03275824 | BK38: =X38+BE38 -> 0.085968193 | BL38: =BF38*1.29 -> 6.259251 | BM38: =Q38 / (BL38-1) -> 0.026907409 | BN38: =(1000*(S38+BE38)/(Q38+BM38))/$AE$140 -> 0.530225 | BO38: =(1000*(S38-BE34)/(Q38-BM34))/$AE$140 -> 0.5009879 | BP38: =(1000*(S38+BE38-BE34)/(Q38+BM38-BM34))/$AE$140 -> 0.530225 | BQ38: =MIN(BN38:BP38) -> 0.5009879 | BR38: =((1000*S38/Q38))/$AE$140 -> 0.5009879 | BS38: =MAX(BN38:BP38) -> 0.530225
B39: 45330.254 | C39: 110 | D39: =I39/60 -> 120 | F39: 1 | G39: 0 | H39: 0.152 | I39: 7200 | J39: 7324.437 | K39: =(B39-B38)*24*3600 -> 8760 | L39: =K39-I39 -> 1560 | N39: 0.0062235375 | O39: 0.026033058 | Q39: 0.0062235375 | R39: 0.00051765378 | S39: 0.0039570248 | T39: 0.00036787274 | AE39: =SUM(AV$5:$AV39) -> 5.8918316 | AF39: {=2*SQRT(SUM((AW$5:$AW39/2)^2))} -> 0.044002957 | AG39: =AG38+Q39 -> 5.859137 | AH39: {=2*SQRT(SUM((R$5:$R39/2)^2))} -> 0.031587432 | AI39: =AI38+S39 -> 1.4399057 | AJ39: {=2*SQRT(SUM((T$5:$T39/2)^2))} -> 0.0033198987 | AL39: ='Fit Lambdas'!$U$2*(10000/(C39+273))+'Fit Lambdas'!$V$2 -> 25.818827 | AM39: ='Fit Lambdas'!$V$4 -> 0.067480704 | AN39: =EXP(AL39) -> 1.6329539e+11 | AO39: =AM39*AN39 -> 1.1019288e+10 | AP39: =AN39*(C39+273)*$C$145*$E$144 -> 5.9598062e-05 | AQ39: =(C39+273)*$C$145*$E$144 -> 3.6497088e-16 | AR39: =Q39/(1-EXP(-D39*60*AP39)) -> 0.01783713 | AS39: =2*SQRT( ((R39/2) * (1 / (1 - EXP(-D39 * 60 * AN39 * AQ39))))^2 + (AO39 * (-Q39 * 60 * D39 * AQ39 * EXP(-D39 * 60 * AN39 * AQ39) / (1 - EXP(-D39 * 60 * AN39 * AQ39))^2))^2 ) -> 0.0024324911 | AT39: =AT40+Q39 -> 0.027835423 | AU39: =AU40+R39 -> 0.0035378591 | AZ39: =IF((273+C39)>=600, 0.00074*EXP(-6613/(1.987*(273+C39)))*128000000000000000*EXP(1174/(1.987*(273+C39))), 0.000304*EXP(-5580/(1.987*(273+C39)))*199000000000000000*EXP(680/(1.987*(273+C39)))) -> 9.6700059e+10 | BA39: =AZ39 * 1.17*EXP(-57/(1.987*(273+C39))) -> 1.049746e+11
B40: 45330.374 | C40: 110 | D40: =I40/60 -> 120 | F40: 0.752 | G40: 0 | H40: 0.466 | I40: 7200 | J40: 7328.951 | K40: =(B40-B39)*24*3600 -> 10380 | L40: =K40-I40 -> 3180 | N40: 0.0062196625 | O40: 0.026033058 | Q40: 0.0046771862 | R40: 0.00048454755 | S40: 0.012131405 | T40: 0.0014505933 | AE40: =SUM(AV$5:$AV40) -> 5.8918316 | AF40: {=2*SQRT(SUM((AW$5:$AW40/2)^2))} -> 0.044002957 | AG40: =AG39+Q40 -> 5.8638142 | AH40: {=2*SQRT(SUM((R$5:$R40/2)^2))} -> 0.031591148 | AI40: =AI39+S40 -> 1.4520371 | AJ40: {=2*SQRT(SUM((T$5:$T40/2)^2))} -> 0.0036229751 | AL40: ='Fit Lambdas'!$U$2*(10000/(C40+273))+'Fit Lambdas'!$V$2 -> 25.818827 | AM40: ='Fit Lambdas'!$V$4 -> 0.067480704 | AN40: =EXP(AL40) -> 1.6329539e+11 | AO40: =AM40*AN40 -> 1.1019288e+10 | AP40: =AN40*(C40+273)*$C$145*$E$144 -> 5.9598062e-05 | AQ40: =(C40+273)*$C$145*$E$144 -> 3.6497088e-16 | AR40: =Q40/(1-EXP(-D40*60*AP40)) -> 0.013405171 | AS40: =2*SQRT( ((R40/2) * (1 / (1 - EXP(-D40 * 60 * AN40 * AQ40))))^2 + (AO40 * (-Q40 * 60 * D40 * AQ40 * EXP(-D40 * 60 * AN40 * AQ40) / (1 - EXP(-D40 * 60 * AN40 * AQ40))^2))^2 ) -> 0.0020068217 | AT40: =AT41+Q40 -> 0.021611886 | AU40: =AU41+R40 -> 0.0030202053 | AZ40: =IF((273+C40)>=600, 0.00074*EXP(-6613/(1.987*(273+C40)))*128000000000000000*EXP(1174/(1.987*(273+C40))), 0.000304*EXP(-5580/(1.987*(273+C40)))*199000000000000000*EXP(680/(1.987*(273+C40)))) -> 9.6700059e+10 | BA40: =AZ40 * 1.17*EXP(-57/(1.987*(273+C40))) -> 1.049746e+11
B41: 45330.476 | C41: 110 | D41: =I41/60 -> 120 | E41: Permeation Step | F41: 0.949 | G41: 0 | H41: -0.00582 | I41: 7200 | J41: 7329.33 | K41: =(B41-B40)*24*3600 -> 8760 | L41: =K41-I41 -> 1560 | N41: 0.0062262078 | O41: 0.026033058 | Q41: 0.0059086712 | R41: 0.00061235274 | S41: -0.0001515124 | T41: -1.8076684e-05 | AE41: =SUM(AV$5:$AV41) -> 5.8918316 | AF41: {=2*SQRT(SUM((AW$5:$AW41/2)^2))} -> 0.044002957 | AG41: =AG40+Q41 -> 5.8697229 | AH41: {=2*SQRT(SUM((R$5:$R41/2)^2))} -> 0.031597082 | AI41: =AI40+S41 -> 1.4518856 | AJ41: {=2*SQRT(SUM((T$5:$T41/2)^2))} -> 0.0036230202 | AL41: ='Fit Lambdas'!$U$2*(10000/(C41+273))+'Fit Lambdas'!$V$2 -> 25.818827 | AM41: ='Fit Lambdas'!$V$4 -> 0.067480704 | AN41: =EXP(AL41) -> 1.6329539e+11 | AO41: =AM41*AN41 -> 1.1019288e+10 | AP41: =AN41*(C41+273)*$C$145*$E$144 -> 5.9598062e-05 | AQ41: =(C41+273)*$C$145*$E$144 -> 3.6497088e-16 | AR41: =Q41/(1-EXP(-D41*60*AP41)) -> 0.0169347 | AS41: =2*SQRT( ((R41/2) * (1 / (1 - EXP(-D41 * 60 * AN41 * AQ41))))^2 + (AO41 * (-Q41 * 60 * D41 * AQ41 * EXP(-D41 * 60 * AN41 * AQ41) / (1 - EXP(-D41 * 60 * AN41 * AQ41))^2))^2 ) -> 0.0025356577 | AT41: {=AR41:AS41} -> 0.0169347 | AU41: 0.0025356577 | AZ41: =IF((273+C41)>=600, 0.00074*EXP(-6613/(1.987*(273+C41)))*128000000000000000*EXP(1174/(1.987*(273+C41))), 0.000304*EXP(-5580/(1.987*(273+C41)))*199000000000000000*EXP(680/(1.987*(273+C41)))) -> 9.6700059e+10 | BA41: =AZ41 * 1.17*EXP(-57/(1.987*(273+C41))) -> 1.049746e+11
B42: 45330.577 | C42: 110 | D42: =I42/60 -> 120 | F42: 0.503 | G42: 0 | H42: 0.0343 | I42: 7200 | J42: 7329.801 | K42: =(B42-B41)*24*3600 -> 8760 | L42: =K42-I42 -> 1560 | N42: 0.0062417601 | O42: 0.026033058 | Q42: 0.0031396053 | R42: 0.00032488261 | S42: 0.00089293388 | T42: 0.00010623927 | AE42: =SUM(AV$5:$AV42) -> 5.8918316 | AF42: {=2*SQRT(SUM((AW$5:$AW42/2)^2))} -> 0.044002957 | AG42: =AG41+Q42 -> 5.8728625 | AH42: {=2*SQRT(SUM((R$5:$R42/2)^2))} -> 0.031598753 | AI42: =AI41+S42 -> 1.4527785 | AJ42: {=2*SQRT(SUM((T$5:$T42/2)^2))} -> 0.0036245775 | AL42: ='Fit Lambdas'!$U$2*(10000/(C42+273))+'Fit Lambdas'!$V$2 -> 25.818827 | AM42: ='Fit Lambdas'!$V$4 -> 0.067480704 | AN42: =EXP(AL42) -> 1.6329539e+11 | AO42: =AM42*AN42 -> 1.1019288e+10 | AP42: =AN42*(C42+273)*$C$145*$E$144 -> 5.9598062e-05 | AQ42: =(C42+273)*$C$145*$E$144 -> 3.6497088e-16 | AR42: =Q42/(1-EXP(-D42*60*AP42)) -> 0.008998347 | AS42: =2*SQRT( ((R42/2) * (1 / (1 - EXP(-D42 * 60 * AN42 * AQ42))))^2 + (AO42 * (-Q42 * 60 * D42 * AQ42 * EXP(-D42 * 60 * AN42 * AQ42) / (1 - EXP(-D42 * 60 * AN42 * AQ42))^2))^2 ) -> 0.0013463554 | AT42: =AT41*EXP(-AP41*D41*60) -> 0.011026029 | AU42: =2*((((AU41/2)*EXP(-AP41*D41*60))^2+(AT41*EXP(-AP41*D41*60)*D41*60*AO41*AP41/AN41)^2)^0.5) -> 0.0017701294 | AZ42: =IF((273+C42)>=600, 0.00074*EXP(-6613/(1.987*(273+C42)))*128000000000000000*EXP(1174/(1.987*(273+C42))), 0.000304*EXP(-5580/(1.987*(273+C42)))*199000000000000000*EXP(680/(1.987*(273+C42)))) -> 9.6700059e+10 | BA42: =AZ42 * 1.17*EXP(-57/(1.987*(273+C42))) -> 1.049746e+11
A43: Low signal; not plotted/analyzed | B43: 45331.149 | C43: 205 | D43: =I43/60 -> 520 | E43: Experimental Step | F43: 11.9 | G43: 0 | H43: 1.43 | I43: 31200 | J43: 31324.582 | K43: =(B43-B42)*24*3600 -> 49380 | L43: =K43-I43 -> 18180 | N43: 0.0064091709 | O43: 0.026889444 | Q43: 0.076269133 | R43: 0.0078357778 | S43: 0.038451905 | T43: 0.0044113712 | V43: =(1000*S43/Q43)/$AE$140 -> 0.49926853 | X43: =S43-AVERAGE(S44:S46) -> 0.031151188 | Y43: =T43+AVERAGE(S44:S46) -> 0.011712088 | AA43: =(X43*1000)/Q43 -> 408.43769 | AB43: =2*((1000*Y43/(2*Q43))^2+((R43/2)*1000*X43/(Q43^2))^2)^0.5 -> 159.19268 | AC43: =AA43/$AE$140 -> 0.40447432 | AD43: =2*(($AF$140*AA43/(2*$AE$140^2))^2+(AB43/($AE$140*2))^2)^0.5 -> 0.1577057 | AE43: =SUM(AV$5:$AV43) -> 5.9734495 | AF43: {=2*SQRT(SUM((AW$5:$AW43/2)^2))} -> 0.044741501 | AG43: =AG42+Q43 -> 5.9491316 | AH43: {=2*SQRT(SUM((R$5:$R43/2)^2))} -> 0.032555807 | AI43: =AI42+S43 -> 1.4912304 | AJ43: {=2*SQRT(SUM((T$5:$T43/2)^2))} -> 0.0057094446 | AQ43: =(C43+273)*$C$145*$E$144 -> 4.5549891e-16 | AT43: =AT42*EXP(-AP42*D42*60) -> 0.0071789466 | AU43: =2*((((AU42/2)*EXP(-AP42*D42*60))^2+(AT42*EXP(-AP42*D42*60)*D42*60*AO42*AP42/AN42)^2)^0.5) -> 0.0012252107 | AV43: =Q43+AT44-AT43 -> 0.081617858 | AW43: =2*(((AU43/2)^2+(AU44/2)^2+(R43/2)^2)^(0.5)) -> 0.0080957867 | AX43: =100*(AV43-Q43)/Q43 -> 7.0129613 | AZ43: =IF((273+C43)>=600, 0.00074*EXP(-6613/(1.987*(273+C43)))*128000000000000000*EXP(1174/(1.987*(273+C43))), 0.000304*EXP(-5580/(1.987*(273+C43)))*199000000000000000*EXP(680/(1.987*(273+C43)))) -> 3.4767761e+11 | BA43: =AZ43 * 1.17*EXP(-57/(1.987*(273+C43))) -> 3.8308844e+11 | BB43: =Q43*BD43 -> 0.017161165 | BC43: =AQ43*BA43*I43 -> 5.4442866 | BD43: =1/(BC43-1) -> 0.22500799 | BE43: =BG43*S43 -> 0.0097567832 | BF43: =AQ43*AZ43*I43 -> 4.9410433 | BG43: =1/(BF43-1) -> 0.25373992 | BH43: =Q43-BB38 -> 0.043759118 | BI43: =Q43+BB43 -> 0.093430298 | BJ43: =X43-BE38 -> 0.012566442 | BK43: =X43+BE43 -> 0.040907972 | BL43: =BF43*1.29 -> 6.3739458 | BM43: =Q43 / (BL43-1) -> 0.01419239 | BN43: =(1000*(S43+BE43)/(Q43+BM43))/$AE$140 -> 0.52774796 | BO43: =(1000*(S43-BE39)/(Q43-BM39))/$AE$140 -> 0.49926853 | BP43: =(1000*(S43+BE43-BE39)/(Q43+BM43-BM39))/$AE$140 -> 0.52774796 | BQ43: =MIN(BN43:BP43) -> 0.49926853 | BR43: =((1000*S43/Q43))/$AE$140 -> 0.49926853 | BS43: =MAX(BN43:BP43) -> 0.52774796
B44: 45331.275 | C44: 115 | D44: =I44/60 -> 150 | F44: 0.776 | G44: 0 | H44: 0.225 | I44: 9000 | J44: 9129.448 | K44: =(B44-B43)*24*3600 -> 10920 | L44: =K44-I44 -> 1920 | N44: 0.0062223911 | O44: 0.026060468 | Q44: 0.0048285755 | R44: 0.00051122594 | S44: 0.0058636053 | T44: 0.0006928125 | AE44: =SUM(AV$5:$AV44) -> 5.9734495 | AF44: {=2*SQRT(SUM((AW$5:$AW44/2)^2))} -> 0.044741501 | AG44: =AG43+Q44 -> 5.9539602 | AH44: {=2*SQRT(SUM((R$5:$R44/2)^2))} -> 0.032559821 | AI44: =AI43+S44 -> 1.497094 | AJ44: {=2*SQRT(SUM((T$5:$T44/2)^2))} -> 0.0057513257 | AL44: ='Fit Lambdas'!$U$2*(10000/(C44+273))+'Fit Lambdas'!$V$2 -> 25.991417 | AM44: ='Fit Lambdas'!$V$4 -> 0.067480704 | AN44: =EXP(AL44) -> 1.9405685e+11 | AO44: =AM44*AN44 -> 1.3095093e+10 | AP44: =AN44*(C44+273)*$C$145*$E$144 -> 7.1749708e-05 | AQ44: =(C44+273)*$C$145*$E$144 -> 3.6973551e-16 | AR44: =Q44/(1-EXP(-D44*60*AP44)) -> 0.010149836 | AS44: =2*SQRT( ((R44/2) * (1 / (1 - EXP(-D44 * 60 * AN44 * AQ44))))^2 + (AO44 * (-Q44 * 60 * D44 * AQ44 * EXP(-D44 * 60 * AN44 * AQ44) / (1 - EXP(-D44 * 60 * AN44 * AQ44))^2))^2 ) -> 0.0014508898 | AT44: =AT45+Q44 -> 0.012527671 | AU44: =AU45+R44 -> 0.0016251793 | AZ44: =IF((273+C44)>=600, 0.00074*EXP(-6613/(1.987*(273+C44)))*128000000000000000*EXP(1174/(1.987*(273+C44))), 0.000304*EXP(-5580/(1.987*(273+C44)))*199000000000000000*EXP(680/(1.987*(273+C44)))) -> 1.0506584e+11 | BA44: =AZ44 * 1.17*EXP(-57/(1.987*(273+C44))) -> 1.1416637e+11
B45: 45331.397 | C45: 115 | D45: =I45/60 -> 150 | E45: Permeation Step | F45: 0.591 | G45: 0 | H45: 0.19 | I45: 9000 | J45: 9128.569 | K45: =(B45-B44)*24*3600 -> 10560 | L45: =K45-I45 -> 1560 | N45: 0.0061974391 | O45: 0.026040722 | Q45: 0.0036626865 | R45: 0.00039634548 | S45: 0.0049477371 | T45: 0.00058503658 | AE45: =SUM(AV$5:$AV45) -> 5.9734495 | AF45: {=2*SQRT(SUM((AW$5:$AW45/2)^2))} -> 0.044741501 | AG45: =AG44+Q45 -> 5.9576229 | AH45: {=2*SQRT(SUM((R$5:$R45/2)^2))} -> 0.032562233 | AI45: =AI44+S45 -> 1.5020418 | AJ45: {=2*SQRT(SUM((T$5:$T45/2)^2))} -> 0.0057810047 | AL45: ='Fit Lambdas'!$U$2*(10000/(C45+273))+'Fit Lambdas'!$V$2 -> 25.991417 | AM45: ='Fit Lambdas'!$V$4 -> 0.067480704 | AN45: =EXP(AL45) -> 1.9405685e+11 | AO45: =AM45*AN45 -> 1.3095093e+10 | AP45: =AN45*(C45+273)*$C$145*$E$144 -> 7.1749708e-05 | AQ45: =(C45+273)*$C$145*$E$144 -> 3.6973551e-16 | AR45: =Q45/(1-EXP(-D45*60*AP45)) -> 0.0076990959 | AS45: =2*SQRT( ((R45/2) * (1 / (1 - EXP(-D45 * 60 * AN45 * AQ45))))^2 + (AO45 * (-Q45 * 60 * D45 * AQ45 * EXP(-D45 * 60 * AN45 * AQ45) / (1 - EXP(-D45 * 60 * AN45 * AQ45))^2))^2 ) -> 0.0011139533 | AT45: {=AR45:AS45} -> 0.0076990959 | AU45: 0.0011139533 | AZ45: =IF((273+C45)>=600, 0.00074*EXP(-6613/(1.987*(273+C45)))*128000000000000000*EXP(1174/(1.987*(273+C45))), 0.000304*EXP(-5580/(1.987*(273+C45)))*199000000000000000*EXP(680/(1.987*(273+C45)))) -> 1.0506584e+11 | BA45: =AZ45 * 1.17*EXP(-57/(1.987*(273+C45))) -> 1.1416637e+11
B46: 45331.541 | C46: 115 | D46: =I46/60 -> 150 | F46: -0.0106 | G46: 0 | H46: 0.426 | I46: 9000 | J46: 9129.454 | K46: =(B46-B45)*24*3600 -> 12420 | L46: =K46-I46 -> 3420 | N46: 0.0061880253 | O46: 0.026034758 | Q46: -6.5593068e-05 | R46: -7.0894825e-06 | S46: 0.011090807 | T46: 0.0012870093 | AE46: =SUM(AV$5:$AV46) -> 5.9734495 | AF46: {=2*SQRT(SUM((AW$5:$AW46/2)^2))} -> 0.044741501 | AG46: =AG45+Q46 -> 5.9575573 | AH46: {=2*SQRT(SUM((R$5:$R46/2)^2))} -> 0.032562234 | AI46: =AI45+S46 -> 1.5131326 | AJ46: {=2*SQRT(SUM((T$5:$T46/2)^2))} -> 0.0059225339 | AL46: ='Fit Lambdas'!$U$2*(10000/(C46+273))+'Fit Lambdas'!$V$2 -> 25.991417 | AM46: ='Fit Lambdas'!$V$4 -> 0.067480704 | AN46: =EXP(AL46) -> 1.9405685e+11 | AO46: =AM46*AN46 -> 1.3095093e+10 | AP46: =AN46*(C46+273)*$C$145*$E$144 -> 7.1749708e-05 | AQ46: =(C46+273)*$C$145*$E$144 -> 3.6973551e-16 | AR46: =Q46/(1-EXP(-D46*60*AP46)) -> -0.00013787894 | AS46: =2*SQRT( ((R46/2) * (1 / (1 - EXP(-D46 * 60 * AN46 * AQ46))))^2 + (AO46 * (-Q46 * 60 * D46 * AQ46 * EXP(-D46 * 60 * AN46 * AQ46) / (1 - EXP(-D46 * 60 * AN46 * AQ46))^2))^2 ) -> 1.9935899e-05 | AT46: =AT45*EXP(-AP45*D45*60) -> 0.0040364094 | AU46: =2*((((AU45/2)*EXP(-AP45*D45*60))^2+(AT45*EXP(-AP45*D45*60)*D45*60*AO45*AP45/AN45)^2)^0.5) -> 0.00068177576 | AZ46: =IF((273+C46)>=600, 0.00074*EXP(-6613/(1.987*(273+C46)))*128000000000000000*EXP(1174/(1.987*(273+C46))), 0.000304*EXP(-5580/(1.987*(273+C46)))*199000000000000000*EXP(680/(1.987*(273+C46)))) -> 1.0506584e+11 | BA46: =AZ46 * 1.17*EXP(-57/(1.987*(273+C46))) -> 1.1416637e+11
A47: Low signal; not plotted/analyzed | B47: 45332.327 | C47: 195 | D47: =I47/60 -> 1106 | E47: Experimental Step | F47: 10.9 | G47: 0 | H47: 1.29 | I47: 66360 | J47: 66479.635 | K47: =(B47-B46)*24*3600 -> 67920 | L47: =K47-I47 -> 1560 | N47: 0.0061509318 | O47: 0.026033058 | Q47: 0.067045156 | R47: 0.0014482507 | S47: 0.033582645 | T47: 0.00017718207 | V47: =(1000*S47/Q47)/$AE$140 -> 0.49603536 | X47: =S47-AVERAGE(S48:S50) -> 0.017787243 | Y47: =T47+AVERAGE(S48:S50) -> 0.015972584 | AA47: =(X47*1000)/Q47 -> 265.30243 | AB47: =2*((1000*Y47/(2*Q47))^2+((R47/2)*1000*X47/(Q47^2))^2)^0.5 -> 238.30512 | AC47: =AA47/$AE$140 -> 0.26272801 | AD47: =2*(($AF$140*AA47/(2*$AE$140^2))^2+(AB47/($AE$140*2))^2)^0.5 -> 0.23600897 | AE47: =SUM(AV$5:$AV47) -> 6.0690966 | AF47: {=2*SQRT(SUM((AW$5:$AW47/2)^2))} -> 0.044857901 | AG47: =AG46+Q47 -> 6.0246025 | AH47: {=2*SQRT(SUM((R$5:$R47/2)^2))} -> 0.032594424 | AI47: =AI46+S47 -> 1.5467152 | AJ47: {=2*SQRT(SUM((T$5:$T47/2)^2))} -> 0.0059251837 | AQ47: =(C47+273)*$C$145*$E$144 -> 4.4596964e-16 | AT47: =AT46*EXP(-AP46*D46*60) -> 0.0021161707 | AU47: =2*((((AU46/2)*EXP(-AP46*D46*60))^2+(AT46*EXP(-AP46*D46*60)*D46*60*AO46*AP46/AN46)^2)^0.5) -> 0.00040220993 | AV47: =Q47+AT48-AT47 -> 0.095647148 | AW47: =2*(((AU47/2)^2+(AU48/2)^2+(R47/2)^2)^(0.5)) -> 0.0032294417 | AX47: =100*(AV47-Q47)/Q47 -> 42.660788 | AZ47: =IF((273+C47)>=600, 0.00074*EXP(-6613/(1.987*(273+C47)))*128000000000000000*EXP(1174/(1.987*(273+C47))), 0.000304*EXP(-5580/(1.987*(273+C47)))*199000000000000000*EXP(680/(1.987*(273+C47)))) -> 3.1138789e+11 | BA47: =AZ47 * 1.17*EXP(-57/(1.987*(273+C47))) -> 3.4266294e+11 | BB47: =Q47*BD47 -> 0.0073345908 | BC47: =AQ47*BA47*I47 -> 10.140954 | BD47: =1/(BC47-1) -> 0.10939777 | BE47: =BG47*S47 -> 0.0040877758 | BF47: =AQ47*AZ47*I47 -> 9.2153832 | BG47: =1/(BF47-1) -> 0.12172287 | BH47: =Q47-BB43 -> 0.049883992 | BI47: =Q47+BB47 -> 0.074379747 | BJ47: =X47-BE43 -> 0.0080304597 | BK47: =X47+BE47 -> 0.021875019 | BL47: =BF47*1.29 -> 11.887844 | BM47: =Q47 / (BL47-1) -> 0.006157799 | BN47: =(1000*(S47+BE47)/(Q47+BM47))/$AE$140 -> 0.5096089 | BO47: =(1000*(S47-BE43)/(Q47-BM43))/$AE$140 -> 0.44642246 | BP47: =(1000*(S47+BE47-BE43)/(Q47+BM47-BM43))/$AE$140 -> 0.46843766 | BQ47: =MIN(BN47:BP47) -> 0.44642246 | BR47: =((1000*S47/Q47))/$AE$140 -> 0.49603536 | BS47: =MAX(BN47:BP47) -> 0.5096089
B48: 45332.867 | C48: 26 | D48: =K48/60 -> 777 | F48: 1.28 | G48: 0 | H48: 0.0452 | I48: =D48*60 -> 46620 | J48: 186.582 | K48: =(B48-B47)*24*3600 -> 46620 | L48: =K48-I48 -> 0 | N48: 0.0061885167 | O48: 0.026033058 | Q48: 0.0079213014 | R48: 0.0001718642 | S48: 0.0011766942 | T48: 6.4610475e-06 | AE48: =SUM(AV$5:$AV48) -> 6.0690966 | AF48: {=2*SQRT(SUM((AW$5:$AW48/2)^2))} -> 0.044857901 | AG48: =AG47+Q48 -> 6.0325238 | AH48: {=2*SQRT(SUM((R$5:$R48/2)^2))} -> 0.032594878 | AI48: =AI47+S48 -> 1.5478919 | AJ48: {=2*SQRT(SUM((T$5:$T48/2)^2))} -> 0.0059251872 | AL48: ='Fit Lambdas'!$U$2*(10000/(C48+273))+'Fit Lambdas'!$V$2 -> 22.056241 | AM48: ='Fit Lambdas'!$V$4 -> 0.067480704 | AN48: =EXP(AL48) -> 3.7923086e+09 | AO48: =AM48*AN48 -> 2.5590766e+08 | AP48: =AN48*(C48+273)*$C$145*$E$144 -> 1.0805237e-06 | AQ48: =(C48+273)*$C$145*$E$144 -> 2.8492505e-16 | AR48: =Q48/(1-EXP(-D48*60*AP48)) -> 0.16124365 | AS48: =2*SQRT( ((R48/2) * (1 / (1 - EXP(-D48 * 60 * AN48 * AQ48))))^2 + (AO48 * (-Q48 * 60 * D48 * AQ48 * EXP(-D48 * 60 * AN48 * AQ48) / (1 - EXP(-D48 * 60 * AN48 * AQ48))^2))^2 ) -> 0.021504633 | AT48: =AT49+Q48 -> 0.030718163 | AU48: =AU49+R48 -> 0.0028583371 | AZ48: =IF((273+C48)>=600, 0.00074*EXP(-6613/(1.987*(273+C48)))*128000000000000000*EXP(1174/(1.987*(273+C48))), 0.000304*EXP(-5580/(1.987*(273+C48)))*199000000000000000*EXP(680/(1.987*(273+C48)))) -> 1.5843246e+10 | BA48: =AZ48 * 1.17*EXP(-57/(1.987*(273+C48))) -> 1.6840819e+10
B49: 45332.993 | C49: 95 | D49: =I49/60 -> 150 | E49: Permeation Step | F49: 0.949 | G49: 0 | H49: 1.09 | I49: 9000 | J49: 9128.522 | K49: =(B49-B48)*24*3600 -> 10920 | L49: =K49-I49 -> 1920 | N49: 0.0062004888 | O49: 0.026033058 | Q49: 0.0058842639 | R49: 0.00012811693 | S49: 0.028376033 | T49: 0.00015697369 | AE49: =SUM(AV$5:$AV49) -> 6.0690966 | AF49: {=2*SQRT(SUM((AW$5:$AW49/2)^2))} -> 0.044857901 | AG49: =AG48+Q49 -> 6.038408 | AH49: {=2*SQRT(SUM((R$5:$R49/2)^2))} -> 0.032595129 | AI49: =AI48+S49 -> 1.576268 | AJ49: {=2*SQRT(SUM((T$5:$T49/2)^2))} -> 0.0059272661 | AL49: ='Fit Lambdas'!$U$2*(10000/(C49+273))+'Fit Lambdas'!$V$2 -> 25.272916 | AM49: ='Fit Lambdas'!$V$4 -> 0.067480704 | AN49: =EXP(AL49) -> 9.4599281e+10 | AO49: =AM49*AN49 -> 6.3836261e+09 | AP49: =AN49*(C49+273)*$C$145*$E$144 -> 3.317379e-05 | AQ49: =(C49+273)*$C$145*$E$144 -> 3.5067698e-16 | AR49: =Q49/(1-EXP(-D49*60*AP49)) -> 0.022796861 | AS49: =2*SQRT( ((R49/2) * (1 / (1 - EXP(-D49 * 60 * AN49 * AQ49))))^2 + (AO49 * (-Q49 * 60 * D49 * AQ49 * EXP(-D49 * 60 * AN49 * AQ49) / (1 - EXP(-D49 * 60 * AN49 * AQ49))^2))^2 ) -> 0.0026864729 | AT49: {=AR49:AS49} -> 0.022796861 | AU49: 0.0026864729 | AZ49: =IF((273+C49)>=600, 0.00074*EXP(-6613/(1.987*(273+C49)))*128000000000000000*EXP(1174/(1.987*(273+C49))), 0.000304*EXP(-5580/(1.987*(273+C49)))*199000000000000000*EXP(680/(1.987*(273+C49)))) -> 7.437845e+10 | BA49: =AZ49 * 1.17*EXP(-57/(1.987*(273+C49))) -> 8.0496818e+10
B50: 45333.14 | C50: 95 | D50: =I50/60 -> 150 | F50: -0.00874 | G50: 0 | H50: 0.685 | I50: 9000 | J50: 9125.996 | K50: =(B50-B49)*24*3600 -> 12720 | L50: =K50-I50 -> 3720 | N50: 0.0062115001 | O50: 0.026034274 | Q50: -5.4288511e-05 | R50: -1.1919127e-06 | S50: 0.017833478 | T50: 9.8885669e-05 | AE50: =SUM(AV$5:$AV50) -> 6.0690966 | AF50: {=2*SQRT(SUM((AW$5:$AW50/2)^2))} -> 0.044857901 | AG50: =AG49+Q50 -> 6.0383537 | AH50: {=2*SQRT(SUM((R$5:$R50/2)^2))} -> 0.032595129 | AI50: =AI49+S50 -> 1.5941014 | AJ50: {=2*SQRT(SUM((T$5:$T50/2)^2))} -> 0.0059280909 | AL50: ='Fit Lambdas'!$U$2*(10000/(C50+273))+'Fit Lambdas'!$V$2 -> 25.272916 | AM50: ='Fit Lambdas'!$V$4 -> 0.067480704 | AN50: =EXP(AL50) -> 9.4599281e+10 | AO50: =AM50*AN50 -> 6.3836261e+09 | AP50: =AN50*(C50+273)*$C$145*$E$144 -> 3.317379e-05 | AQ50: =(C50+273)*$C$145*$E$144 -> 3.5067698e-16 | AR50: =Q50/(1-EXP(-D50*60*AP50)) -> -0.00021032497 | AS50: =2*SQRT( ((R50/2) * (1 / (1 - EXP(-D50 * 60 * AN50 * AQ50))))^2 + (AO50 * (-Q50 * 60 * D50 * AQ50 * EXP(-D50 * 60 * AN50 * AQ50) / (1 - EXP(-D50 * 60 * AN50 * AQ50))^2))^2 ) -> 2.4792647e-05 | AT50: =AT49*EXP(-AP49*D49*60) -> 0.016912597 | AU50: =2*((((AU49/2)*EXP(-AP49*D49*60))^2+(AT49*EXP(-AP49*D49*60)*D49*60*AO49*AP49/AN49)^2)^0.5) -> 0.002106339 | AZ50: =IF((273+C50)>=600, 0.00074*EXP(-6613/(1.987*(273+C50)))*128000000000000000*EXP(1174/(1.987*(273+C50))), 0.000304*EXP(-5580/(1.987*(273+C50)))*199000000000000000*EXP(680/(1.987*(273+C50)))) -> 7.437845e+10 | BA50: =AZ50 * 1.17*EXP(-57/(1.987*(273+C50))) -> 8.0496818e+10
A51: Low signal; not plotted/analyzed | B51: 45333.672 | C51: 185 | D51: =I51/60 -> 740 | E51: Experimental Step | F51: 3.64 | G51: 0 | H51: 0.304 | I51: 44400 | J51: 44525.35 | K51: =(B51-B50)*24*3600 -> 45960 | L51: =K51-I51 -> 1560 | N51: 0.0062303665 | O51: 0.026118203 | Q51: 0.022678534 | R51: 0.00041845996 | S51: 0.0079399337 | T51: 4.1864933e-05 | V51: =(1000*S51/Q51)/$AE$140 -> 0.34671054 | X51: =S51-AVERAGE(S52:S54) -> 0.0019794859 | Y51: =T51+AVERAGE(S52:S54) -> 0.0060023127 | AA51: =(X51*1000)/Q51 -> 87.284562 | AB51: =2*((1000*Y51/(2*Q51))^2+((R51/2)*1000*X51/(Q51^2))^2)^0.5 -> 264.67424 | AC51: =AA51/$AE$140 -> 0.086437577 | AD51: =2*(($AF$140*AA51/(2*$AE$140^2))^2+(AB51/($AE$140*2))^2)^0.5 -> 0.26210751 | AE51: =SUM(AV$5:$AV51) -> 6.0882468 | AF51: {=2*SQRT(SUM((AW$5:$AW51/2)^2))} -> 0.044902315 | AG51: =AG50+Q51 -> 6.0610323 | AH51: {=2*SQRT(SUM((R$5:$R51/2)^2))} -> 0.032597815 | AI51: =AI50+S51 -> 1.6020414 | AJ51: {=2*SQRT(SUM((T$5:$T51/2)^2))} -> 0.0059282388 | AQ51: =(C51+273)*$C$145*$E$144 -> 4.3644037e-16 | AT51: =AT50*EXP(-AP50*D50*60) -> 0.012547164 | AU51: =2*((((AU50/2)*EXP(-AP50*D50*60))^2+(AT50*EXP(-AP50*D50*60)*D50*60*AO50*AP50/AN50)^2)^0.5) -> 0.0016424098 | AV51: =Q51+AT52-AT51 -> 0.019150164 | AW51: =2*(((AU51/2)^2+(AU52/2)^2+(R51/2)^2)^(0.5)) -> 0.0019966671 | AX51: =100*(AV51-Q51)/Q51 -> -15.558195 | AZ51: =IF((273+C51)>=600, 0.00074*EXP(-6613/(1.987*(273+C51)))*128000000000000000*EXP(1174/(1.987*(273+C51))), 0.000304*EXP(-5580/(1.987*(273+C51)))*199000000000000000*EXP(680/(1.987*(273+C51)))) -> 2.7754673e+11 | BA51: =AZ51 * 1.17*EXP(-57/(1.987*(273+C51))) -> 3.0501436e+11 | BB51: =Q51*BD51 -> 0.0046183251 | BC51: =AQ51*BA51*I51 -> 5.9105539 | BD51: =1/(BC51-1) -> 0.20364302 | BE51: =BG51*S51 -> 0.0018134793 | BF51: =AQ51*AZ51*I51 -> 5.3782874 | BG51: =1/(BF51-1) -> 0.22839981 | BH51: =Q51-BB47 -> 0.015343943 | BI51: =Q51+BB51 -> 0.027296859 | BJ51: =X51-BE47 -> -0.0021082899 | BK51: =X51+BE51 -> 0.0037929652 | BL51: =BF51*1.29 -> 6.9379907 | BM51: =Q51 / (BL51-1) -> 0.0038192269 | BN51: =(1000*(S51+BE51)/(Q51+BM51))/$AE$140 -> 0.36451263 | BO51: =(1000*(S51-BE47)/(Q51-BM47))/$AE$140 -> 0.23090847 | BP51: =(1000*(S51+BE51-BE47)/(Q51+BM51-BM47))/$AE$140 -> 0.27584415 | BQ51: =MIN(BN51:BP51) -> 0.23090847 | BR51: =((1000*S51/Q51))/$AE$140 -> 0.34671054 | BS51: =MAX(BN51:BP51) -> 0.36451263
B52: 45333.794 | C52: 95 | D52: =I52/60 -> 150 | E52: Permeation Step | F52: 0.373 | G52: 0 | H52: 0.0356 | I52: 9000 | J52: 9127.441 | K52: =(B52-B51)*24*3600 -> 10560 | L52: =K52-I52 -> 1560 | N52: 0.0062410359 | O52: 0.026119403 | Q52: 0.0023279064 | R52: 3.9191054e-05 | S52: 0.00092985075 | T52: 4.6911004e-06 | AE52: =SUM(AV$5:$AV52) -> 6.0882468 | AF52: {=2*SQRT(SUM((AW$5:$AW52/2)^2))} -> 0.044902315 | AG52: =AG51+Q52 -> 6.0633602 | AH52: {=2*SQRT(SUM((R$5:$R52/2)^2))} -> 0.032597839 | AI52: =AI51+S52 -> 1.6029712 | AJ52: {=2*SQRT(SUM((T$5:$T52/2)^2))} -> 0.0059282406 | AL52: ='Fit Lambdas'!$U$2*(10000/(C52+273))+'Fit Lambdas'!$V$2 -> 25.272916 | AM52: ='Fit Lambdas'!$V$4 -> 0.067480704 | AN52: =EXP(AL52) -> 9.4599281e+10 | AO52: =AM52*AN52 -> 6.3836261e+09 | AP52: =AN52*(C52+273)*$C$145*$E$144 -> 3.317379e-05 | AQ52: =(C52+273)*$C$145*$E$144 -> 3.5067698e-16 | AR52: =Q52/(1-EXP(-D52*60*AP52)) -> 0.0090187931 | AS52: =2*SQRT( ((R52/2) * (1 / (1 - EXP(-D52 * 60 * AN52 * AQ52))))^2 + (AO52 * (-Q52 * 60 * D52 * AQ52 * EXP(-D52 * 60 * AN52 * AQ52) / (1 - EXP(-D52 * 60 * AN52 * AQ52))^2))^2 ) -> 0.0010554908 | AT52: {=AR52:AS52} -> 0.0090187931 | AU52: 0.0010554908 | AZ52: =IF((273+C52)>=600, 0.00074*EXP(-6613/(1.987*(273+C52)))*128000000000000000*EXP(1174/(1.987*(273+C52))), 0.000304*EXP(-5580/(1.987*(273+C52)))*199000000000000000*EXP(680/(1.987*(273+C52)))) -> 7.437845e+10 | BA52: =AZ52 * 1.17*EXP(-57/(1.987*(273+C52))) -> 8.0496818e+10
B53: 45333.917 | C53: 95 | D53: =I53/60 -> 150 | F53: 0 | G53: 0 | H53: 0.264 | I53: 9000 | J53: 9128.253 | K53: =(B53-B52)*24*3600 -> 10560 | L53: =K53-I53 -> 1560 | N53: 0.0062583606 | O53: 0.026119403 | Q53: 0 | R53: 0 | S53: 0.0068955224 | T53: 3.3284448e-05 | AE53: =SUM(AV$5:$AV53) -> 6.0882468 | AF53: {=2*SQRT(SUM((AW$5:$AW53/2)^2))} -> 0.044902315 | AG53: =AG52+Q53 -> 6.0633602 | AH53: {=2*SQRT(SUM((R$5:$R53/2)^2))} -> 0.032597839 | AI53: =AI52+S53 -> 1.6098667 | AJ53: {=2*SQRT(SUM((T$5:$T53/2)^2))} -> 0.0059283341 | AL53: ='Fit Lambdas'!$U$2*(10000/(C53+273))+'Fit Lambdas'!$V$2 -> 25.272916 | AM53: ='Fit Lambdas'!$V$4 -> 0.067480704 | AN53: =EXP(AL53) -> 9.4599281e+10 | AO53: =AM53*AN53 -> 6.3836261e+09 | AP53: =AN53*(C53+273)*$C$145*$E$144 -> 3.317379e-05 | AQ53: =(C53+273)*$C$145*$E$144 -> 3.5067698e-16 | AR53: =Q53/(1-EXP(-D53*60*AP53)) -> 0 | AS53: =2*SQRT( ((R53/2) * (1 / (1 - EXP(-D53 * 60 * AN53 * AQ53))))^2 + (AO53 * (-Q53 * 60 * D53 * AQ53 * EXP(-D53 * 60 * AN53 * AQ53) / (1 - EXP(-D53 * 60 * AN53 * AQ53))^2))^2 ) -> 0 | AT53: =AT52*EXP(-AP52*D52*60) -> 0.0066908867 | AU53: =2*((((AU52/2)*EXP(-AP52*D52*60))^2+(AT52*EXP(-AP52*D52*60)*D52*60*AO52*AP52/AN52)^2)^0.5) -> 0.00082816407 | AZ53: =IF((273+C53)>=600, 0.00074*EXP(-6613/(1.987*(273+C53)))*128000000000000000*EXP(1174/(1.987*(273+C53))), 0.000304*EXP(-5580/(1.987*(273+C53)))*199000000000000000*EXP(680/(1.987*(273+C53)))) -> 7.437845e+10 | BA53: =AZ53 * 1.17*EXP(-57/(1.987*(273+C53))) -> 8.0496818e+10
B54: 45334.042 | C54: 95 | D54: =I54/60 -> 150 | F54: 0 | G54: 0 | H54: 0.385 | I54: 9000 | J54: 9130.362 | K54: =(B54-B53)*24*3600 -> 10800 | L54: =K54-I54 -> 1800 | N54: 0.0062631579 | O54: 0.026119403 | Q54: 0 | R54: 0 | S54: 0.01005597 | T54: 4.5970617e-05 | AE54: =SUM(AV$5:$AV54) -> 6.0882468 | AF54: {=2*SQRT(SUM((AW$5:$AW54/2)^2))} -> 0.044902315 | AG54: =AG53+Q54 -> 6.0633602 | AH54: {=2*SQRT(SUM((R$5:$R54/2)^2))} -> 0.032597839 | AI54: =AI53+S54 -> 1.6199227 | AJ54: {=2*SQRT(SUM((T$5:$T54/2)^2))} -> 0.0059285123 | AL54: ='Fit Lambdas'!$U$2*(10000/(C54+273))+'Fit Lambdas'!$V$2 -> 25.272916 | AM54: ='Fit Lambdas'!$V$4 -> 0.067480704 | AN54: =EXP(AL54) -> 9.4599281e+10 | AO54: =AM54*AN54 -> 6.3836261e+09 | AP54: =AN54*(C54+273)*$C$145*$E$144 -> 3.317379e-05 | AQ54: =(C54+273)*$C$145*$E$144 -> 3.5067698e-16 | AR54: =Q54/(1-EXP(-D54*60*AP54)) -> 0 | AS54: =2*SQRT( ((R54/2) * (1 / (1 - EXP(-D54 * 60 * AN54 * AQ54))))^2 + (AO54 * (-Q54 * 60 * D54 * AQ54 * EXP(-D54 * 60 * AN54 * AQ54) / (1 - EXP(-D54 * 60 * AN54 * AQ54))^2))^2 ) -> 0 | AT54: =AT53*EXP(-AP53*D53*60) -> 0.0049638532 | AU54: =2*((((AU53/2)*EXP(-AP53*D53*60))^2+(AT53*EXP(-AP53*D53*60)*D53*60*AO53*AP53/AN53)^2)^0.5) -> 0.00064613835 | AZ54: =IF((273+C54)>=600, 0.00074*EXP(-6613/(1.987*(273+C54)))*128000000000000000*EXP(1174/(1.987*(273+C54))), 0.000304*EXP(-5580/(1.987*(273+C54)))*199000000000000000*EXP(680/(1.987*(273+C54)))) -> 7.437845e+10 | BA54: =AZ54 * 1.17*EXP(-57/(1.987*(273+C54))) -> 8.0496818e+10
A55: Low signal; not plotted/analyzed | B55: 45334.704 | C55: 175 | D55: =I55/60 -> 920 | E55: Experimental Step | F55: 2.89 | G55: 0 | H55: 0.581 | I55: 55200 | J55: 55330.002 | K55: =(B55-B54)*24*3600 -> 57240 | L55: =K55-I55 -> 2040 | N55: 0.0062345715 | O55: 0.02614774 | Q55: 0.018017912 | R55: 0.00032107528 | S55: 0.015191837 | T55: 6.386013e-05 | V55: =(1000*S55/Q55)/$AE$140 -> 0.83497021 | X55: =S55-AVERAGE(S56:S58) -> 0.012228067 | Y55: =T55+AVERAGE(S56:S58) -> 0.0030276299 | AA55: =(X55*1000)/Q55 -> 678.66173 | AB55: =2*((1000*Y55/(2*Q55))^2+((R55/2)*1000*X55/(Q55^2))^2)^0.5 -> 168.46909 | AC55: =AA55/$AE$140 -> 0.67207619 | AD55: =2*(($AF$140*AA55/(2*$AE$140^2))^2+(AB55/($AE$140*2))^2)^0.5 -> 0.16698502 | AE55: =SUM(AV$5:$AV55) -> 6.1071115 | AF55: {=2*SQRT(SUM((AW$5:$AW55/2)^2))} -> 0.044908445 | AG55: =AG54+Q55 -> 6.0813781 | AH55: {=2*SQRT(SUM((R$5:$R55/2)^2))} -> 0.03259942 | AI55: =AI54+S55 -> 1.6351146 | AJ55: {=2*SQRT(SUM((T$5:$T55/2)^2))} -> 0.0059288562 | AQ55: =(C55+273)*$C$145*$E$144 -> 4.2691111e-16 | AT55: =AT54*EXP(-AP54*D54*60) -> 0.0036825969 | AU55: =2*((((AU54/2)*EXP(-AP54*D54*60))^2+(AT54*EXP(-AP54*D54*60)*D54*60*AO54*AP54/AN54)^2)^0.5) -> 0.00050180095 | AV55: =Q55+AT56-AT55 -> 0.018864768 | AW55: =2*(((AU55/2)^2+(AU56/2)^2+(R55/2)^2)^(0.5)) -> 0.00074198427 | AX55: =100*(AV55-Q55)/Q55 -> 4.7000831 | AZ55: =IF((273+C55)>=600, 0.00074*EXP(-6613/(1.987*(273+C55)))*128000000000000000*EXP(1174/(1.987*(273+C55))), 0.000304*EXP(-5580/(1.987*(273+C55)))*199000000000000000*EXP(680/(1.987*(273+C55)))) -> 2.4611603e+11 | BA55: =AZ55 * 1.17*EXP(-57/(1.987*(273+C55))) -> 2.7009522e+11 | BB55: =Q55*BD55 -> 0.0033584635 | BC55: =AQ55*BA55*I55 -> 6.364927 | BD55: =1/(BC55-1) -> 0.18639583 | BE55: =BG55*S55 -> 0.0031650678 | BF55: =AQ55*AZ55*I55 -> 5.7998456 | BG55: =1/(BF55-1) -> 0.20834004 | BH55: =Q55-BB51 -> 0.013399587 | BI55: =Q55+BB55 -> 0.021376375 | BJ55: =X55-BE51 -> 0.010414588 | BK55: =X55+BE55 -> 0.015393135 | BL55: =BF55*1.29 -> 7.4818008 | BM55: =Q55 / (BL55-1) -> 0.0027797694 | BN55: =(1000*(S55+BE55)/(Q55+BM55))/$AE$140 -> 0.87407699 | BO55: =(1000*(S55-BE51)/(Q55-BM51))/$AE$140 -> 0.93308204 | BP55: =(1000*(S55+BE55-BE51)/(Q55+BM55-BM51))/$AE$140 -> 0.96492251 | BQ55: =MIN(BN55:BP55) -> 0.87407699 | BR55: =((1000*S55/Q55))/$AE$140 -> 0.83497021 | BS55: =MAX(BN55:BP55) -> 0.96492251
B56: 45334.826 | C56: 115 | D56: =I56/60 -> 150 | E56: Permeation Step | F56: 0.347 | G56: 0 | H56: 0.0742 | I56: 9000 | J56: 9127.522 | K56: =(B56-B55)*24*3600 -> 10560 | L56: =K56-I56 -> 1560 | N56: 0.0062097822 | O56: 0.026120648 | Q56: 0.0021547944 | R56: 3.8061234e-05 | S56: 0.0019381521 | T56: 8.1504492e-06 | AE56: =SUM(AV$5:$AV56) -> 6.1071115 | AF56: {=2*SQRT(SUM((AW$5:$AW56/2)^2))} -> 0.044908445 | AG56: =AG55+Q56 -> 6.0835329 | AH56: {=2*SQRT(SUM((R$5:$R56/2)^2))} -> 0.032599442 | AI56: =AI55+S56 -> 1.6370527 | AJ56: {=2*SQRT(SUM((T$5:$T56/2)^2))} -> 0.0059288618 | AL56: ='Fit Lambdas'!$U$2*(10000/(C56+273))+'Fit Lambdas'!$V$2 -> 25.991417 | AM56: ='Fit Lambdas'!$V$4 -> 0.067480704 | AN56: =EXP(AL56) -> 1.9405685e+11 | AO56: =AM56*AN56 -> 1.3095093e+10 | AP56: =AN56*(C56+273)*$C$145*$E$144 -> 7.1749708e-05 | AQ56: =(C56+273)*$C$145*$E$144 -> 3.6973551e-16 | AR56: =Q56/(1-EXP(-D56*60*AP56)) -> 0.0045294537 | AS56: =2*SQRT( ((R56/2) * (1 / (1 - EXP(-D56 * 60 * AN56 * AQ56))))^2 + (AO56 * (-Q56 * 60 * D56 * AQ56 * EXP(-D56 * 60 * AN56 * AQ56) / (1 - EXP(-D56 * 60 * AN56 * AQ56))^2))^2 ) -> 0.00044232016 | AT56: {=AR56:AS56} -> 0.0045294537 | AU56: 0.00044232016 | AZ56: =IF((273+C56)>=600, 0.00074*EXP(-6613/(1.987*(273+C56)))*128000000000000000*EXP(1174/(1.987*(273+C56))), 0.000304*EXP(-5580/(1.987*(273+C56)))*199000000000000000*EXP(680/(1.987*(273+C56)))) -> 1.0506584e+11 | BA56: =AZ56 * 1.17*EXP(-57/(1.987*(273+C56))) -> 1.1416637e+11
B57: 45334.948 | C57: 115 | D57: =I57/60 -> 150 | F57: -0.00395 | G57: 0 | H57: 0.126 | I57: 9000 | J57: 9123.808 | K57: =(B57-B56)*24*3600 -> 10500 | L57: =K57-I57 -> 1500 | N57: 0.0062188139 | O57: 0.026127464 | Q57: -2.4564315e-05 | R57: -4.8146794e-07 | S57: 0.0032920604 | T57: 1.4470162e-05 | AE57: =SUM(AV$5:$AV57) -> 6.1071115 | AF57: {=2*SQRT(SUM((AW$5:$AW57/2)^2))} -> 0.044908445 | AG57: =AG56+Q57 -> 6.0835083 | AH57: {=2*SQRT(SUM((R$5:$R57/2)^2))} -> 0.032599442 | AI57: =AI56+S57 -> 1.6403448 | AJ57: {=2*SQRT(SUM((T$5:$T57/2)^2))} -> 0.0059288795 | AL57: ='Fit Lambdas'!$U$2*(10000/(C57+273))+'Fit Lambdas'!$V$2 -> 25.991417 | AM57: ='Fit Lambdas'!$V$4 -> 0.067480704 | AN57: =EXP(AL57) -> 1.9405685e+11 | AO57: =AM57*AN57 -> 1.3095093e+10 | AP57: =AN57*(C57+273)*$C$145*$E$144 -> 7.1749708e-05 | AQ57: =(C57+273)*$C$145*$E$144 -> 3.6973551e-16 | AR57: =Q57/(1-EXP(-D57*60*AP57)) -> -5.1635054e-05 | AS57: =2*SQRT( ((R57/2) * (1 / (1 - EXP(-D57 * 60 * AN57 * AQ57))))^2 + (AO57 * (-Q57 * 60 * D57 * AQ57 * EXP(-D57 * 60 * AN57 * AQ57) / (1 - EXP(-D57 * 60 * AN57 * AQ57))^2))^2 ) -> 5.0614245e-06 | AT57: =AT56*EXP(-AP56*D56*60) -> 0.0023746593 | AU57: =2*((((AU56/2)*EXP(-AP56*D56*60))^2+(AT56*EXP(-AP56*D56*60)*D56*60*AO56*AP56/AN56)^2)^0.5) -> 0.0003108141 | AZ57: =IF((273+C57)>=600, 0.00074*EXP(-6613/(1.987*(273+C57)))*128000000000000000*EXP(1174/(1.987*(273+C57))), 0.000304*EXP(-5580/(1.987*(273+C57)))*199000000000000000*EXP(680/(1.987*(273+C57)))) -> 1.0506584e+11 | BA57: =AZ57 * 1.17*EXP(-57/(1.987*(273+C57))) -> 1.1416637e+11
B58: 45335.071 | C58: 115 | D58: =I58/60 -> 150 | F58: 0.346 | G58: 0 | H58: 0.14 | I58: 9000 | J58: 9127.517 | K58: =(B58-B57)*24*3600 -> 10620 | L58: =K58-I58 -> 1620 | N58: 0.0062479708 | O58: 0.026150692 | Q58: 0.0021617979 | R58: 5.646444e-05 | S58: 0.0036610969 | T58: 1.8095661e-05 | AE58: =SUM(AV$5:$AV58) -> 6.1071115 | AF58: {=2*SQRT(SUM((AW$5:$AW58/2)^2))} -> 0.044908445 | AG58: =AG57+Q58 -> 6.0856701 | AH58: {=2*SQRT(SUM((R$5:$R58/2)^2))} -> 0.032599491 | AI58: =AI57+S58 -> 1.6440059 | AJ58: {=2*SQRT(SUM((T$5:$T58/2)^2))} -> 0.0059289071 | AL58: ='Fit Lambdas'!$U$2*(10000/(C58+273))+'Fit Lambdas'!$V$2 -> 25.991417 | AM58: ='Fit Lambdas'!$V$4 -> 0.067480704 | AN58: =EXP(AL58) -> 1.9405685e+11 | AO58: =AM58*AN58 -> 1.3095093e+10 | AP58: =AN58*(C58+273)*$C$145*$E$144 -> 7.1749708e-05 | AQ58: =(C58+273)*$C$145*$E$144 -> 3.6973551e-16 | AR58: =Q58/(1-EXP(-D58*60*AP58)) -> 0.0045441753 | AS58: =2*SQRT( ((R58/2) * (1 / (1 - EXP(-D58 * 60 * AN58 * AQ58))))^2 + (AO58 * (-Q58 * 60 * D58 * AQ58 * EXP(-D58 * 60 * AN58 * AQ58) / (1 - EXP(-D58 * 60 * AN58 * AQ58))^2))^2 ) -> 0.0004522894 | AT58: =AT57*EXP(-AP57*D57*60) -> 0.001244964 | AU58: =2*((((AU57/2)*EXP(-AP57*D57*60))^2+(AT57*EXP(-AP57*D57*60)*D57*60*AO57*AP57/AN57)^2)^0.5) -> 0.00019576807 | AZ58: =IF((273+C58)>=600, 0.00074*EXP(-6613/(1.987*(273+C58)))*128000000000000000*EXP(1174/(1.987*(273+C58))), 0.000304*EXP(-5580/(1.987*(273+C58)))*199000000000000000*EXP(680/(1.987*(273+C58)))) -> 1.0506584e+11 | BA58: =AZ58 * 1.17*EXP(-57/(1.987*(273+C58))) -> 1.1416637e+11
A59: Low signal; not plotted/analyzed | B59: 45335.587 | C59: 200 | D59: =I59/60 -> 260 | E59: Experimental Step | F59: 3.62 | G59: 0 | H59: 0.408 | I59: 15600 | J59: 186.163 | K59: =(B59-B58)*24*3600 -> 44580 | L59: =K59-I59 -> 28980 | N59: 0.0061944599 | O59: 0.0261333 | Q59: 0.022423945 | R59: 0.0010953192 | S59: 0.010662386 | T59: 5.7384764e-05 | V59: =(1000*S59/Q59)/$AE$140 -> 0.47087707 | X59: =S59-AVERAGE(S60) -> 0.010517018 | Y59: =T59+AVERAGE(S60) -> 0.00020275349 | AA59: =(X59*1000)/Q59 -> 469.00836 | AB59: =2*((1000*Y59/(2*Q59))^2+((R59/2)*1000*X59/(Q59^2))^2)^0.5 -> 24.628938 | AC59: =AA59/$AE$140 -> 0.46445723 | AD59: =2*(($AF$140*AA59/(2*$AE$140^2))^2+(AB59/($AE$140*2))^2)^0.5 -> 0.02487763 | AE59: =SUM(AV$5:$AV59) -> 6.1384226 | AF59: {=2*SQRT(SUM((AW$5:$AW59/2)^2))} -> 0.04493889 | AG59: =AG58+Q59 -> 6.1080941 | AH59: {=2*SQRT(SUM((R$5:$R59/2)^2))} -> 0.032617887 | AI59: =AI58+S59 -> 1.6546683 | AJ59: {=2*SQRT(SUM((T$5:$T59/2)^2))} -> 0.0059291848 | AQ59: =(C59+273)*$C$145*$E$144 -> 4.5073427e-16 | AT59: =AT58*EXP(-AP58*D58*60) -> 0.00065269797 | AU59: =2*((((AU58/2)*EXP(-AP58*D58*60))^2+(AT58*EXP(-AP58*D58*60)*D58*60*AO58*AP58/AN58)^2)^0.5) -> 0.00011734453 | AV59: =Q59+AT60-AT59 -> 0.031311095 | AW59: =2*(((AU59/2)^2+(AU60/2)^2+(R59/2)^2)^(0.5)) -> 0.0016538991 | AX59: =100*(AV59-Q59)/Q59 -> 39.632411 | AZ59: =IF((273+C59)>=600, 0.00074*EXP(-6613/(1.987*(273+C59)))*128000000000000000*EXP(1174/(1.987*(273+C59))), 0.000304*EXP(-5580/(1.987*(273+C59)))*199000000000000000*EXP(680/(1.987*(273+C59)))) -> 3.2922459e+11 | BA59: =AZ59 * 1.17*EXP(-57/(1.987*(273+C59))) -> 3.6252593e+11 | BB59: =(Q59*BD59)+((BB55-(BD59*Q59))*EXP(-BC59)) -> 0.01360677 | BC59: =AQ59*BA59*I59 -> 2.5490846 | BD59: =1/(BC59-1) -> 0.64554253 | BE59: =(S59*BG59)+((BE55-(BG59*S59))*EXP(-BF59)) -> 0.0076204226 | BF59: =AQ59*AZ59*I59 -> 2.3149278 | BG59: =1/(BF59-1) -> 0.76049805 | BH59: =Q59-BB55 -> 0.019065481 | BI59: =Q59+BB59 -> 0.036030714 | BJ59: =X59-BE55 -> 0.0073519497 | BK59: =X59+BE59 -> 0.01813744 | BL59: =BF59*1.29 -> 2.9862568 | BM59: =(Q59 / (BL59-1)) + ((BM55-(Q59 / (BL59-1)))*EXP(-BL59)) -> 0.01086001 | BN59: =(1000*(S59+BE59)/(Q59+BM59))/$AE$140 -> 0.54396774 | BO59: =(1000*(S59-BE55)/(Q59-BM55))/$AE$140 -> 0.37795257 | BP59: =(1000*(S59+BE59-BE55)/(Q59+BM59-BM55))/$AE$140 -> 0.49078652 | BQ59: =MIN(BN59:BP59) -> 0.37795257 | BR59: =((1000*S59/Q59))/$AE$140 -> 0.47087707 | BS59: =MAX(BN59:BP59) -> 0.54396774
B60: 45335.709 | C60: 89.99 | D60: =I60/60 -> 150 | E60: Permeation Step | F60: 0.335 | G60: 0 | H60: 0.00557 | I60: 9000 | J60: 9129.081 | K60: =(B60-B59)*24*3600 -> 10560 | L60: =K60-I60 -> 1560 | N60: 0.0061424121 | O60: 0.026098515 | Q60: 0.0020577081 | R60: 0.00010302418 | S60: 0.00014536873 | T60: 8.1348216e-07 | AE60: =SUM(AV$5:$AV60) -> 6.1384226 | AF60: {=2*SQRT(SUM((AW$5:$AW60/2)^2))} -> 0.04493889 | AG60: =AG59+Q60 -> 6.1101518 | AH60: {=2*SQRT(SUM((R$5:$R60/2)^2))} -> 0.03261805 | AI60: =AI59+S60 -> 1.6548136 | AJ60: {=2*SQRT(SUM((T$5:$T60/2)^2))} -> 0.0059291849 | AL60: ='Fit Lambdas'!$U$2*(10000/(C60+273))+'Fit Lambdas'!$V$2 -> 25.08053 | AM60: ='Fit Lambdas'!$V$4 -> 0.067480704 | AN60: =EXP(AL60) -> 7.8043345e+10 | AO60: =AM60*AN60 -> 5.2664199e+09 | AP60: =AN60*(C60+273)*$C$145*$E$144 -> 2.6995413e-05 | AQ60: =(C60+273)*$C$145*$E$144 -> 3.4590282e-16 | AR60: =Q60/(1-EXP(-D60*60*AP60)) -> 0.0095398478 | AS60: =2*SQRT( ((R60/2) * (1 / (1 - EXP(-D60 * 60 * AN60 * AQ60))))^2 + (AO60 * (-Q60 * 60 * D60 * AQ60 * EXP(-D60 * 60 * AN60 * AQ60) / (1 - EXP(-D60 * 60 * AN60 * AQ60))^2))^2 ) -> 0.0012336484 | AT60: {=AR60:AS60} -> 0.0095398478 | AU60: 0.0012336484 | AZ60: =IF((273+C60)>=600, 0.00074*EXP(-6613/(1.987*(273+C60)))*128000000000000000*EXP(1174/(1.987*(273+C60))), 0.000304*EXP(-5580/(1.987*(273+C60)))*199000000000000000*EXP(680/(1.987*(273+C60)))) -> 6.7807752e+10 | BA60: =AZ60 * 1.17*EXP(-57/(1.987*(273+C60))) -> 7.3306702e+10
A61: Low signal; not plotted/analyzed | B61: 45336.111 | C61: 209.99 | D61: =I61/60 -> 520 | E61: Experimental Step | F61: 13.6 | G61: 0 | H61: 8.28 | I61: 31200 | J61: 31325.997 | K61: =(B61-B60)*24*3600 -> 34740 | L61: =K61-I61 -> 3540 | N61: 0.0059711077 | O61: 0.02615775 | Q61: 0.081207065 | R61: 0.0034788919 | S61: 0.21658617 | T61: 0.0013357088 | V61: =(1000*S61/Q61)/$AE$140 -> 2.6412047 | X61: =S61-AVERAGE(S62:S64) -> 0.054421774 | Y61: =T61+AVERAGE(S62:S64) -> 0.16350011 | AA61: =(X61*1000)/Q61 -> 670.16059 | AB61: =2*((1000*Y61/(2*Q61))^2+((R61/2)*1000*X61/(Q61^2))^2)^0.5 -> 2013.5776 | AC61: =AA61/$AE$140 -> 0.66365754 | AD61: =2*(($AF$140*AA61/(2*$AE$140^2))^2+(AB61/($AE$140*2))^2)^0.5 -> 1.9940507 | AE61: =SUM(AV$5:$AV61) -> 6.2267936 | AF61: {=2*SQRT(SUM((AW$5:$AW61/2)^2))} -> 0.045104725 | AG61: =AG60+Q61 -> 6.1913588 | AH61: {=2*SQRT(SUM((R$5:$R61/2)^2))} -> 0.032803046 | AI61: =AI60+S61 -> 1.8713998 | AJ61: {=2*SQRT(SUM((T$5:$T61/2)^2))} -> 0.0060777752 | AQ61: =(C61+273)*$C$145*$E$144 -> 4.6025401e-16 | AT61: =AT60*EXP(-AP60*D60*60) -> 0.0074821398 | AU61: =2*((((AU60/2)*EXP(-AP60*D60*60))^2+(AT60*EXP(-AP60*D60*60)*D60*60*AO60*AP60/AN60)^2)^0.5) -> 0.00099817571 | AV61: =Q61+AT62-AT61 -> 0.088370959 | AW61: =2*(((AU61/2)^2+(AU62/2)^2+(R61/2)^2)^(0.5)) -> 0.003864245 | AX61: =100*(AV61-Q61)/Q61 -> 8.8217621 | AZ61: =IF((273+C61)>=600, 0.00074*EXP(-6613/(1.987*(273+C61)))*128000000000000000*EXP(1174/(1.987*(273+C61))), 0.000304*EXP(-5580/(1.987*(273+C61)))*199000000000000000*EXP(680/(1.987*(273+C61)))) -> 3.6671182e+11 | BA61: =AZ61 * 1.17*EXP(-57/(1.987*(273+C61))) -> 4.0431189e+11 | BB61: =Q61*BD61 -> 0.01689741 | BC61: =AQ61*BA61*I61 -> 5.8058884 | BD61: =1/(BC61-1) -> 0.20807807 | BE61: =BG61*S61 -> 0.050770861 | BF61: =AQ61*AZ61*I61 -> 5.2659543 | BG61: =1/(BF61-1) -> 0.23441414 | BH61: =Q61-BB59 -> 0.067600295 | BI61: =Q61+BB61 -> 0.098104474 | BJ61: =X61-BE59 -> 0.046801352 | BK61: =X61+BE61 -> 0.10519263 | BL61: =BF61*1.29 -> 6.7930811 | BM61: =Q61 / (BL61-1) -> 0.01401794 | BN61: =(1000*(S61+BE61)/(Q61+BM61))/$AE$140 -> 2.7803903 | BO61: =(1000*(S61-BE57)/(Q61-BM57))/$AE$140 -> 2.6412047 | BP61: =(1000*(S61+BE61-BE57)/(Q61+BM61-BM57))/$AE$140 -> 2.7803903 | BQ61: =MIN(BN61:BP61) -> 2.6412047 | BR61: =((1000*S61/Q61))/$AE$140 -> 2.6412047 | BS61: =MAX(BN61:BP61) -> 2.7803903
B62: 45336.278 | C62: 105.01 | D62: =I62/60 -> 150 | F62: 0.857 | G62: 0 | H62: 7.93 | I62: 9000 | J62: 9125.939 | K62: =(B62-B61)*24*3600 -> 14400 | L62: =K62-I62 -> 5400 | N62: 0.0059765599 | O62: 0.026187101 | Q62: 0.0051219118 | R62: 0.00022883429 | S62: 0.20766371 | T62: 0.0014429936 | AE62: =SUM(AV$5:$AV62) -> 6.2267936 | AF62: {=2*SQRT(SUM((AW$5:$AW62/2)^2))} -> 0.045104725 | AG62: =AG61+Q62 -> 6.1964807 | AH62: {=2*SQRT(SUM((R$5:$R62/2)^2))} -> 0.032803845 | AI62: =AI61+S62 -> 2.0790635 | AJ62: {=2*SQRT(SUM((T$5:$T62/2)^2))} -> 0.0062467257 | AL62: ='Fit Lambdas'!$U$2*(10000/(C62+273))+'Fit Lambdas'!$V$2 -> 25.642029 | AM62: ='Fit Lambdas'!$V$4 -> 0.067480704 | AN62: =EXP(AL62) -> 1.3683331e+11 | AO62: =AM62*AN62 -> 9.2336082e+09 | AP62: =AN62*(C62+273)*$C$145*$E$144 -> 4.9289518e-05 | AQ62: =(C62+273)*$C$145*$E$144 -> 3.6021578e-16 | AR62: =Q62/(1-EXP(-D62*60*AP62)) -> 0.014295772 | AS62: =2*SQRT( ((R62/2) * (1 / (1 - EXP(-D62 * 60 * AN62 * AQ62))))^2 + (AO62 * (-Q62 * 60 * D62 * AQ62 * EXP(-D62 * 60 * AN62 * AQ62) / (1 - EXP(-D62 * 60 * AN62 * AQ62))^2))^2 ) -> 0.0016607052 | AT62: =AT63+Q62 -> 0.014646034 | AU62: =AU63+R62 -> 0.001354011 | AZ62: =IF((273+C62)>=600, 0.00074*EXP(-6613/(1.987*(273+C62)))*128000000000000000*EXP(1174/(1.987*(273+C62))), 0.000304*EXP(-5580/(1.987*(273+C62)))*199000000000000000*EXP(680/(1.987*(273+C62)))) -> 8.8820579e+10 | BA62: =AZ62 * 1.17*EXP(-57/(1.987*(273+C62))) -> 9.632559e+10
B63: 45336.416 | C63: 105 | D63: =I63/60 -> 150 | E63: Permeation Step | F63: 0.569 | G63: 0 | H63: 7.08 | I63: 9000 | J63: 9127.269 | K63: =(B63-B62)*24*3600 -> 11940 | L63: =K63-I63 -> 2940 | N63: 0.0059952065 | O63: 0.026205505 | Q63: 0.0034112725 | R63: 0.00016905769 | S63: 0.18553498 | T63: 0.0014701071 | AE63: =SUM(AV$5:$AV63) -> 6.2267936 | AF63: {=2*SQRT(SUM((AW$5:$AW63/2)^2))} -> 0.045104725 | AG63: =AG62+Q63 -> 6.199892 | AH63: {=2*SQRT(SUM((R$5:$R63/2)^2))} -> 0.03280428 | AI63: =AI62+S63 -> 2.2645985 | AJ63: {=2*SQRT(SUM((T$5:$T63/2)^2))} -> 0.0064173824 | AL63: ='Fit Lambdas'!$U$2*(10000/(C63+273))+'Fit Lambdas'!$V$2 -> 25.64167 | AM63: ='Fit Lambdas'!$V$4 -> 0.067480704 | AN63: =EXP(AL63) -> 1.367842e+11 | AO63: =AM63*AN63 -> 9.2302941e+09 | AP63: =AN63*(C63+273)*$C$145*$E$144 -> 4.9270523e-05 | AQ63: =(C63+273)*$C$145*$E$144 -> 3.6020625e-16 | AR63: =Q63/(1-EXP(-D63*60*AP63)) -> 0.009524122 | AS63: =2*SQRT( ((R63/2) * (1 / (1 - EXP(-D63 * 60 * AN63 * AQ63))))^2 + (AO63 * (-Q63 * 60 * D63 * AQ63 * EXP(-D63 * 60 * AN63 * AQ63) / (1 - EXP(-D63 * 60 * AN63 * AQ63))^2))^2 ) -> 0.0011251767 | AT63: {=AR63:AS63} -> 0.009524122 | AU63: 0.0011251767 | AZ63: =IF((273+C63)>=600, 0.00074*EXP(-6613/(1.987*(273+C63)))*128000000000000000*EXP(1174/(1.987*(273+C63))), 0.000304*EXP(-5580/(1.987*(273+C63)))*199000000000000000*EXP(680/(1.987*(273+C63)))) -> 8.8805251e+10 | BA63: =AZ63 * 1.17*EXP(-57/(1.987*(273+C63))) -> 9.6308773e+10
B64: 45336.608 | C64: 105.01 | D64: =I64/60 -> 150 | F64: 0.52 | G64: 0 | H64: 3.56 | I64: 9000 | J64: 9126.263 | K64: =(B64-B63)*24*3600 -> 16560 | L64: =K64-I64 -> 7560 | N64: 0.0060301071 | O64: 0.026206323 | Q64: 0.0031356557 | R64: 0.00017997654 | S64: 0.093294509 | T64: 0.00072349375 | AE64: =SUM(AV$5:$AV64) -> 6.2267936 | AF64: {=2*SQRT(SUM((AW$5:$AW64/2)^2))} -> 0.045104725 | AG64: =AG63+Q64 -> 6.2030277 | AH64: {=2*SQRT(SUM((R$5:$R64/2)^2))} -> 0.032804774 | AI64: =AI63+S64 -> 2.357893 | AJ64: {=2*SQRT(SUM((T$5:$T64/2)^2))} -> 0.0064580368 | AL64: ='Fit Lambdas'!$U$2*(10000/(C64+273))+'Fit Lambdas'!$V$2 -> 25.642029 | AM64: ='Fit Lambdas'!$V$4 -> 0.067480704 | AN64: =EXP(AL64) -> 1.3683331e+11 | AO64: =AM64*AN64 -> 9.2336082e+09 | AP64: =AN64*(C64+273)*$C$145*$E$144 -> 4.9289518e-05 | AQ64: =(C64+273)*$C$145*$E$144 -> 3.6021578e-16 | AR64: =Q64/(1-EXP(-D64*60*AP64)) -> 0.0087519312 | AS64: =2*SQRT( ((R64/2) * (1 / (1 - EXP(-D64 * 60 * AN64 * AQ64))))^2 + (AO64 * (-Q64 * 60 * D64 * AQ64 * EXP(-D64 * 60 * AN64 * AQ64) / (1 - EXP(-D64 * 60 * AN64 * AQ64))^2))^2 ) -> 0.0010644743 | AT64: =AT63-Q63 -> 0.0061128495 | AU64: =AU63+R63 -> 0.0012942344 | AZ64: =IF((273+C64)>=600, 0.00074*EXP(-6613/(1.987*(273+C64)))*128000000000000000*EXP(1174/(1.987*(273+C64))), 0.000304*EXP(-5580/(1.987*(273+C64)))*199000000000000000*EXP(680/(1.987*(273+C64)))) -> 8.8820579e+10 | BA64: =AZ64 * 1.17*EXP(-57/(1.987*(273+C64))) -> 9.632559e+10
B65: 45337.437 | C65: 219.98 | D65: =I65/60 -> 1167 | E65: Experimental Step | F65: 91 | G65: 0 | H65: 12.1 | I65: 70020 | J65: 70177.054 | K65: =(B65-B64)*24*3600 -> 71640 | L65: =K65-I65 -> 1620 | N65: 0.0063364848 | O65: 0.026337793 | Q65: 0.57662012 | R65: 0.024225092 | S65: 0.31868729 | T65: 0.0021313082 | V65: =(1000*S65/Q65)/$AE$140 -> 0.54731847 | X65: =S65-AVERAGE(S66:S68) -> 0.22743994 | Y65: =T65+AVERAGE(S66:S68) -> 0.093378658 | AA65: =(X65*1000)/Q65 -> 394.43636 | AB65: =2*((1000*Y65/(2*Q65))^2+((R65/2)*1000*X65/(Q65^2))^2)^0.5 -> 162.78702 | AC65: =AA65/$AE$140 -> 0.39060886 | AD65: =2*(($AF$140*AA65/(2*$AE$140^2))^2+(AB65/($AE$140*2))^2)^0.5 -> 0.16126008 | AE65: =SUM(AV$5:$AV65) -> 6.8282936 | AF65: {=2*SQRT(SUM((AW$5:$AW65/2)^2))} -> 0.051325226 | AG65: =AG64+Q65 -> 6.7796478 | AH65: {=2*SQRT(SUM((R$5:$R65/2)^2))} -> 0.040779999 | AI65: =AI64+S65 -> 2.6765803 | AJ65: {=2*SQRT(SUM((T$5:$T65/2)^2))} -> 0.0068006407 | AQ65: =(C65+273)*$C$145*$E$144 -> 4.6977375e-16 | AT65: =AT64-Q64 -> 0.0029771939 | AU65: =AU64+R64 -> 0.001474211 | AV65: =Q65+AT66-AT65 -> 0.60149998 | AW65: =2*(((AU65/2)^2+(AU66/2)^2+(R65/2)^2)^(0.5)) -> 0.024491683 | AX65: =100*(AV65-Q65)/Q65 -> 4.3147752 | AZ65: =IF((273+C65)>=600, 0.00074*EXP(-6613/(1.987*(273+C65)))*128000000000000000*EXP(1174/(1.987*(273+C65))), 0.000304*EXP(-5580/(1.987*(273+C65)))*199000000000000000*EXP(680/(1.987*(273+C65)))) -> 4.0668624e+11 | BA65: =AZ65 * 1.17*EXP(-57/(1.987*(273+C65))) -> 4.48925e+11 | BB65: =Q65*BD65 -> 0.041885015 | BC65: =AQ65*BA65*I65 -> 14.76674 | BD65: =1/(BC65-1) -> 0.072638837 | BE65: =BG65*S65 -> 0.025747603 | BF65: =AQ65*AZ65*I65 -> 13.377357 | BG65: =1/(BF65-1) -> 0.08079269 | BH65: =Q65-BB61 -> 0.55972271 | BI65: =Q65+BB65 -> 0.61850513 | BJ65: =X65-BE61 -> 0.17666908 | BK65: =X65+BE65 -> 0.25318754 | BL65: =BF65*1.29 -> 17.256791 | BM65: =Q65 / (BL65-1) -> 0.035469492 | BN65: =(1000*(S65+BE65)/(Q65+BM65))/$AE$140 -> 0.55725925 | BO65: =(1000*(S65-BE61)/(Q65-BM61))/$AE$140 -> 0.47158837 | BP65: =(1000*(S65+BE65-BE61)/(Q65+BM65-BM61))/$AE$140 -> 0.48625343 | BQ65: =MIN(BN65:BP65) -> 0.47158837 | BR65: =((1000*S65/Q65))/$AE$140 -> 0.54731847 | BS65: =MAX(BN65:BP65) -> 0.55725925
B66: 45337.565 | C66: 99.99 | D66: =I66/60 -> 150 | E66: Informed Bracket | F66: 1.34 | G66: 0 | H66: 3.47 | I66: 9000 | J66: 9122.695 | K66: =(B66-B65)*24*3600 -> 11100 | L66: =K66-I66 -> 2100 | N66: 0.0063522237 | O66: 0.026337793 | Q66: 0.0085119798 | R66: 0.00032140583 | S66: 0.09139214 | T66: 0.00056900306 | AE66: =SUM(AV$5:$AV66) -> 6.8282936 | AF66: {=2*SQRT(SUM((AW$5:$AW66/2)^2))} -> 0.051325226 | AG66: =AG65+Q66 -> 6.7881598 | AH66: {=2*SQRT(SUM((R$5:$R66/2)^2))} -> 0.040781265 | AI66: =AI65+S66 -> 2.7679724 | AJ66: {=2*SQRT(SUM((T$5:$T66/2)^2))} -> 0.0068244032 | AL66: ='Fit Lambdas'!$U$2*(10000/(C66+273))+'Fit Lambdas'!$V$2 -> 25.459396 | AM66: ='Fit Lambdas'!$V$4 -> 0.067480704 | AN66: =EXP(AL66) -> 1.139922e+11 | AO66: =AM66*AN66 -> 7.692274e+09 | AP66: =AN66*(C66+273)*$C$145*$E$144 -> 4.0516486e-05 | AQ66: =(C66+273)*$C$145*$E$144 -> 3.5543209e-16 | AR66: =Q66/(1-EXP(-D66*60*AN66*AQ66)) -> 0.027857055 | AS66: =2*SQRT( ((R66/2) * (1 / (1 - EXP(-D66 * 60 * AN66 * AQ66))))^2 + (AO66 * (-Q66 * 60 * D66 * AQ66 * EXP(-D66 * 60 * AN66 * AQ66) / (1 - EXP(-D66 * 60 * AN66 * AQ66))^2))^2 ) -> 0.0032884869 | AT66: {=AR66:AS66} -> 0.027857055 | AU66: 0.0032884869 | AZ66: =IF((273+C66)>=600, 0.00074*EXP(-6613/(1.987*(273+C66)))*128000000000000000*EXP(1174/(1.987*(273+C66))), 0.000304*EXP(-5580/(1.987*(273+C66)))*199000000000000000*EXP(680/(1.987*(273+C66)))) -> 8.1354566e+10 | BA66: =AZ66 * 1.17*EXP(-57/(1.987*(273+C66))) -> 8.8138659e+10
B67: 45337.704 | C67: 99.99 | D67: =I67/60 -> 150 | F67: 0.981 | G67: 0 | H67: 1.95 | I67: 9000 | J67: 9127.059 | K67: =(B67-B66)*24*3600 -> 12000 | L67: =K67-I67 -> 3000 | N67: 0.0062844484 | O67: 0.026300508 | Q67: 0.0061650438 | R67: 0.00023374272 | S67: 0.051285991 | T67: 0.00032286204 | AE67: =SUM(AV$5:$AV67) -> 6.8282936 | AF67: {=2*SQRT(SUM((AW$5:$AW67/2)^2))} -> 0.051325226 | AG67: =AG66+Q67 -> 6.7943248 | AH67: {=2*SQRT(SUM((R$5:$R67/2)^2))} -> 0.040781935 | AI67: =AI66+S67 -> 2.8192584 | AJ67: {=2*SQRT(SUM((T$5:$T67/2)^2))} -> 0.0068320362 | AL67: ='Fit Lambdas'!$U$2*(10000/(C67+273))+'Fit Lambdas'!$V$2 -> 25.459396 | AM67: ='Fit Lambdas'!$V$4 -> 0.067480704 | AN67: =EXP(AL67) -> 1.139922e+11 | AO67: =AM67*AN67 -> 7.692274e+09 | AP67: =AN67*(C67+273)*$C$145*$E$144 -> 4.0516486e-05 | AQ67: =(C67+273)*$C$145*$E$144 -> 3.5543209e-16 | AR67: =Q67/(1-EXP(-D67*60*AP67)) -> 0.020176266 | AS67: =2*SQRT( ((R67/2) * (1 / (1 - EXP(-D67 * 60 * AN67 * AQ67))))^2 + (AO67 * (-Q67 * 60 * D67 * AQ67 * EXP(-D67 * 60 * AN67 * AQ67) / (1 - EXP(-D67 * 60 * AN67 * AQ67))^2))^2 ) -> 0.0023827823 | AT67: =AT66-Q66 -> 0.019345076 | AU67: =AU66+R66 -> 0.0036098927 | AZ67: =IF((273+C67)>=600, 0.00074*EXP(-6613/(1.987*(273+C67)))*128000000000000000*EXP(1174/(1.987*(273+C67))), 0.000304*EXP(-5580/(1.987*(273+C67)))*199000000000000000*EXP(680/(1.987*(273+C67)))) -> 8.1354566e+10 | BA67: =AZ67 * 1.17*EXP(-57/(1.987*(273+C67))) -> 8.8138659e+10
B68: 45337.847 | C68: 100 | D68: =I68/60 -> 150 | F68: 0.696 | G68: 0 | H68: 5 | I68: 9000 | J68: 9124.627 | K68: =(B68-B67)*24*3600 -> 12360 | L68: =K68-I68 -> 3360 | N68: 0.0061247739 | O68: 0.026212784 | Q68: 0.0042628426 | R68: 0.00016510362 | S68: 0.13106392 | T68: 0.00084744101 | AE68: =SUM(AV$5:$AV68) -> 6.8282936 | AF68: {=2*SQRT(SUM((AW$5:$AW68/2)^2))} -> 0.051325226 | AG68: =AG67+Q68 -> 6.7985877 | AH68: {=2*SQRT(SUM((R$5:$R68/2)^2))} -> 0.040782269 | AI68: =AI67+S68 -> 2.9503223 | AJ68: {=2*SQRT(SUM((T$5:$T68/2)^2))} -> 0.0068843936 | AL68: ='Fit Lambdas'!$U$2*(10000/(C68+273))+'Fit Lambdas'!$V$2 -> 25.459765 | AM68: ='Fit Lambdas'!$V$4 -> 0.067480704 | AN68: =EXP(AL68) -> 1.1403424e+11 | AO68: =AM68*AN68 -> 7.6951106e+09 | AP68: =AN68*(C68+273)*$C$145*$E$144 -> 4.0532513e-05 | AQ68: =(C68+273)*$C$145*$E$144 -> 3.5544161e-16 | AR68: =Q68/(1-EXP(-D68*60*AP68)) -> 0.013946383 | AS68: =2*SQRT( ((R68/2) * (1 / (1 - EXP(-D68 * 60 * AN68 * AQ68))))^2 + (AO68 * (-Q68 * 60 * D68 * AQ68 * EXP(-D68 * 60 * AN68 * AQ68) / (1 - EXP(-D68 * 60 * AN68 * AQ68))^2))^2 ) -> 0.0016506228 | AT68: =AT67-Q67 -> 0.013180032 | AU68: =AU67+R67 -> 0.0038436354 | AZ68: =IF((273+C68)>=600, 0.00074*EXP(-6613/(1.987*(273+C68)))*128000000000000000*EXP(1174/(1.987*(273+C68))), 0.000304*EXP(-5580/(1.987*(273+C68)))*199000000000000000*EXP(680/(1.987*(273+C68)))) -> 8.1368988e+10 | BA68: =AZ68 * 1.17*EXP(-57/(1.987*(273+C68))) -> 8.8154465e+10
B69: 45338.122 | C69: 229.99 | D69: =I69/60 -> 370 | E69: Experimental Step | F69: 56.9 | G69: 0 | H69: 8.04 | I69: 22200 | J69: 22325.184 | K69: =(B69-B68)*24*3600 -> 23760 | L69: =K69-I69 -> 1560 | N69: 0.0062862292 | O69: 0.026284337 | Q69: 0.35768644 | R69: 0.013341105 | S69: 0.21132607 | T69: 0.0013189974 | V69: =(1000*S69/Q69)/$AE$140 -> 0.58508067 | X69: =S69-AVERAGE(S70:S72) -> 0.19373776 | Y69: =T69+AVERAGE(S70:S72) -> 0.018907309 | AA69: =(X69*1000)/Q69 -> 541.64133 | AB69: =2*((1000*Y69/(2*Q69))^2+((R69/2)*1000*X69/(Q69^2))^2)^0.5 -> 56.588994 | AC69: =AA69/$AE$140 -> 0.53638539 | AD69: =2*(($AF$140*AA69/(2*$AE$140^2))^2+(AB69/($AE$140*2))^2)^0.5 -> 0.056325058 | AE69: =SUM(AV$5:$AV69) -> 7.2192945 | AF69: {=2*SQRT(SUM((AW$5:$AW69/2)^2))} -> 0.053429157 | AG69: =AG68+Q69 -> 7.1562741 | AH69: {=2*SQRT(SUM((R$5:$R69/2)^2))} -> 0.042908957 | AI69: =AI68+S69 -> 3.1616484 | AJ69: {=2*SQRT(SUM((T$5:$T69/2)^2))} -> 0.0070096098 | AQ69: =(C69+273)*$C$145*$E$144 -> 4.7931254e-16 | AT69: =AT68-Q68 -> 0.0089171893 | AU69: =AU68+R68 -> 0.004008739 | AV69: =Q69+AT70-AT69 -> 0.39100087 | AW69: =2*(((AU69/2)^2+(AU70/2)^2+(R69/2)^2)^(0.5)) -> 0.01484574 | AX69: =100*(AV69-Q69)/Q69 -> 9.3138648 | AZ69: =IF((273+C69)>=600, 0.00074*EXP(-6613/(1.987*(273+C69)))*128000000000000000*EXP(1174/(1.987*(273+C69))), 0.000304*EXP(-5580/(1.987*(273+C69)))*199000000000000000*EXP(680/(1.987*(273+C69)))) -> 4.4925584e+11 | BA69: =AZ69 * 1.17*EXP(-57/(1.987*(273+C69))) -> 4.9649053e+11 | BB69: =Q69*BD69 -> 0.083512558 | BC69: =AQ69*BA69*I69 -> 5.2830258 | BD69: =1/(BC69-1) -> 0.2334798 | BE69: =BG69*S69 -> 0.055900247 | BF69: =AQ69*AZ69*I69 -> 4.7804139 | BG69: =1/(BF69-1) -> 0.2645213 | BH69: =Q69-BB65 -> 0.31580143 | BI69: =Q69+BB69 -> 0.441199 | BJ69: =X69-BE65 -> 0.16799016 | BK69: =X69+BE69 -> 0.24963801 | BL69: =BF69*1.29 -> 6.1667339 | BM69: =Q69 / (BL69-1) -> 0.069228733 | BN69: =(1000*(S69+BE69)/(Q69+BM69))/$AE$140 -> 0.61987309 | BO69: =(1000*(S69-BE65)/(Q69-BM65))/$AE$140 -> 0.57035381 | BP69: =(1000*(S69+BE69-BE65)/(Q69+BM69-BM65))/$AE$140 -> 0.61090333 | BQ69: =MIN(BN69:BP69) -> 0.57035381 | BR69: =((1000*S69/Q69))/$AE$140 -> 0.58508067 | BS69: =MAX(BN69:BP69) -> 0.61987309
B70: 45338.244 | C70: 95 | D70: =I70/60 -> 150 | E70: Permeation Step; Lambda Fit | F70: 1.73 | G70: 0 | H70: 0.421 | I70: 9000 | J70: 9127.611 | K70: =(B70-B69)*24*3600 -> 10560 | L70: =K70-I70 -> 1560 | N70: 0.0063009892 | O70: 0.026308943 | Q70: 0.010900711 | R70: 0.00040140724 | S70: 0.011076065 | T70: 6.8963795e-05 | AE70: =SUM(AV$5:$AV70) -> 7.2192945 | AF70: {=2*SQRT(SUM((AW$5:$AW70/2)^2))} -> 0.053429157 | AG70: =AG69+Q70 -> 7.1671748 | AH70: {=2*SQRT(SUM((R$5:$R70/2)^2))} -> 0.042910834 | AI70: =AI69+S70 -> 3.1727245 | AJ70: {=2*SQRT(SUM((T$5:$T70/2)^2))} -> 0.007009949 | AL70: ='Fit Lambdas'!$U$2*(10000/(C70+273))+'Fit Lambdas'!$V$2 -> 25.272916 | AM70: ='Fit Lambdas'!$V$4 -> 0.067480704 | AN70: =EXP(AL70) -> 9.4599281e+10 | AO70: =AM70*AN70 -> 6.3836261e+09 | AP70: =AN70*(C70+273)*$C$145*$E$144 -> 3.317379e-05 | AQ70: =(C70+273)*$C$145*$E$144 -> 3.5067698e-16 | AR70: =Q70/(1-EXP(-D70*60*AP70)) -> 0.042231621 | AS70: =2*SQRT( ((R70/2) * (1 / (1 - EXP(-D70 * 60 * AN70 * AQ70))))^2 + (AO70 * (-Q70 * 60 * D70 * AQ70 * EXP(-D70 * 60 * AN70 * AQ70) / (1 - EXP(-D70 * 60 * AN70 * AQ70))^2))^2 ) -> 0.0051323414 | AT70: {=AR70:AS70} -> 0.042231621 | AU70: 0.0051323414 | AZ70: =IF((273+C70)>=600, 0.00074*EXP(-6613/(1.987*(273+C70)))*128000000000000000*EXP(1174/(1.987*(273+C70))), 0.000304*EXP(-5580/(1.987*(273+C70)))*199000000000000000*EXP(680/(1.987*(273+C70)))) -> 7.437845e+10 | BA70: =AZ70 * 1.17*EXP(-57/(1.987*(273+C70))) -> 8.0496818e+10
B71: 45338.367 | C71: 95 | D71: =I71/60 -> 150 | E71: Lambda Fit | F71: 1.28 | G71: 0 | H71: 0.123 | I71: 9000 | J71: 9124.443 | K71: =(B71-B70)*24*3600 -> 10560 | L71: =K71-I71 -> 1560 | N71: 0.0063057618 | O71: 0.02632911 | Q71: 0.0080713752 | R71: 0.00029027337 | S71: 0.0032384805 | T71: 2.0155954e-05 | AE71: =SUM(AV$5:$AV71) -> 7.2192945 | AF71: {=2*SQRT(SUM((AW$5:$AW71/2)^2))} -> 0.053429157 | AG71: =AG70+Q71 -> 7.1752462 | AH71: {=2*SQRT(SUM((R$5:$R71/2)^2))} -> 0.042911816 | AI71: =AI70+S71 -> 3.1759629 | AJ71: {=2*SQRT(SUM((T$5:$T71/2)^2))} -> 0.007009978 | AL71: ='Fit Lambdas'!$U$2*(10000/(C71+273))+'Fit Lambdas'!$V$2 -> 25.272916 | AM71: ='Fit Lambdas'!$V$4 -> 0.067480704 | AN71: =EXP(AL71) -> 9.4599281e+10 | AO71: =AM71*AN71 -> 6.3836261e+09 | AP71: =AN71*(C71+273)*$C$145*$E$144 -> 3.317379e-05 | AQ71: =(C71+273)*$C$145*$E$144 -> 3.5067698e-16 | AR71: =Q71/(1-EXP(-D71*60*AP71)) -> 0.031270185 | AS71: =2*SQRT( ((R71/2) * (1 / (1 - EXP(-D71 * 60 * AN71 * AQ71))))^2 + (AO71 * (-Q71 * 60 * D71 * AQ71 * EXP(-D71 * 60 * AN71 * AQ71) / (1 - EXP(-D71 * 60 * AN71 * AQ71))^2))^2 ) -> 0.0037921476 | AT71: =AT70*EXP(-AP70*D70*60) -> 0.03133091 | AU71: =2*((((AU70/2)*EXP(-AP70*D70*60))^2+(AT70*EXP(-AP70*D70*60)*D70*60*AO70*AP70/AN70)^2)^0.5) -> 0.0040114345 | AZ71: =IF((273+C71)>=600, 0.00074*EXP(-6613/(1.987*(273+C71)))*128000000000000000*EXP(1174/(1.987*(273+C71))), 0.000304*EXP(-5580/(1.987*(273+C71)))*199000000000000000*EXP(680/(1.987*(273+C71)))) -> 7.437845e+10 | BA71: =AZ71 * 1.17*EXP(-57/(1.987*(273+C71))) -> 8.0496818e+10
B72: 45338.489 | C72: 95 | D72: =I72/60 -> 150 | E72: Lambda Fit | F72: 0.987 | G72: 0 | H72: 1.46 | I72: 9000 | J72: 9127.087 | K72: =(B72-B71)*24*3600 -> 10560 | L72: =K72-I72 -> 1560 | N72: 0.0063054985 | O72: 0.026335883 | Q72: 0.006223527 | R72: 0.00020798208 | S72: 0.03845039 | T72: 0.00023738532 | AE72: =SUM(AV$5:$AV72) -> 7.2192945 | AF72: {=2*SQRT(SUM((AW$5:$AW72/2)^2))} -> 0.053429157 | AG72: =AG71+Q72 -> 7.1814697 | AH72: {=2*SQRT(SUM((R$5:$R72/2)^2))} -> 0.04291232 | AI72: =AI71+S72 -> 3.2144133 | AJ72: {=2*SQRT(SUM((T$5:$T72/2)^2))} -> 0.0070139962 | AL72: ='Fit Lambdas'!$U$2*(10000/(C72+273))+'Fit Lambdas'!$V$2 -> 25.272916 | AM72: ='Fit Lambdas'!$V$4 -> 0.067480704 | AN72: =EXP(AL72) -> 9.4599281e+10 | AO72: =AM72*AN72 -> 6.3836261e+09 | AP72: =AN72*(C72+273)*$C$145*$E$144 -> 3.317379e-05 | AQ72: =(C72+273)*$C$145*$E$144 -> 3.5067698e-16 | AR72: =Q72/(1-EXP(-D72*60*AP72)) -> 0.024111237 | AS72: =2*SQRT( ((R72/2) * (1 / (1 - EXP(-D72 * 60 * AN72 * AQ72))))^2 + (AO72 * (-Q72 * 60 * D72 * AQ72 * EXP(-D72 * 60 * AN72 * AQ72) / (1 - EXP(-D72 * 60 * AN72 * AQ72))^2))^2 ) -> 0.0029063751 | AT72: =AT71*EXP(-AP71*D71*60) -> 0.02324386 | AU72: =2*((((AU71/2)*EXP(-AP71*D71*60))^2+(AT71*EXP(-AP71*D71*60)*D71*60*AO71*AP71/AN71)^2)^0.5) -> 0.0031199172 | AZ72: =IF((273+C72)>=600, 0.00074*EXP(-6613/(1.987*(273+C72)))*128000000000000000*EXP(1174/(1.987*(273+C72))), 0.000304*EXP(-5580/(1.987*(273+C72)))*199000000000000000*EXP(680/(1.987*(273+C72)))) -> 7.437845e+10 | BA72: =AZ72 * 1.17*EXP(-57/(1.987*(273+C72))) -> 8.0496818e+10
B73: 45338.733 | C73: 240 | D73: =I73/60 -> 320 | E73: Experimental Step | F73: 108 | G73: 0 | H73: 16.3 | I73: 19200 | J73: 19329.816 | K73: =(B73-B72)*24*3600 -> 21120 | L73: =K73-I73 -> 1920 | N73: 0.0062655765 | O73: 0.026296226 | Q73: 0.67668226 | R73: 0.011866112 | S73: 0.42862848 | T73: 0.0022059327 | V73: =(1000*S73/Q73)/$AE$140 -> 0.62727991 | X73: =S73-AVERAGE(S74:S76) -> 0.36395677 | Y73: =T73+AVERAGE(S74:S76) -> 0.066877636 | AA73: =(X73*1000)/Q73 -> 537.85476 | AB73: =2*((1000*Y73/(2*Q73))^2+((R73/2)*1000*X73/(Q73^2))^2)^0.5 -> 99.280687 | AC73: =AA73/$AE$140 -> 0.53263557 | AD73: =2*(($AF$140*AA73/(2*$AE$140^2))^2+(AB73/($AE$140*2))^2)^0.5 -> 0.098477862 | AE73: =SUM(AV$5:$AV73) -> 7.9613363 | AF73: {=2*SQRT(SUM((AW$5:$AW73/2)^2))} -> 0.055679341 | AG73: =AG72+Q73 -> 7.858152 | AH73: {=2*SQRT(SUM((R$5:$R73/2)^2))} -> 0.044522712 | AI73: =AI72+S73 -> 3.6430418 | AJ73: {=2*SQRT(SUM((T$5:$T73/2)^2))} -> 0.0073527058 | AQ73: =(C73+273)*$C$145*$E$144 -> 4.8885134e-16 | AT73: =AT72*EXP(-AP72*D72*60) -> 0.017244218 | AU73: =2*((((AU72/2)*EXP(-AP72*D72*60))^2+(AT72*EXP(-AP72*D72*60)*D72*60*AO72*AP72/AN72)^2)^0.5) -> 0.0024166604 | AV73: =Q73+AT74-AT73 -> 0.74204187 | AW73: =2*(((AU73/2)^2+(AU74/2)^2+(R73/2)^2)^(0.5)) -> 0.015668893 | AX73: =100*(AV73-Q73)/Q73 -> 9.6588329 | AZ73: =IF((273+C73)>=600, 0.00074*EXP(-6613/(1.987*(273+C73)))*128000000000000000*EXP(1174/(1.987*(273+C73))), 0.000304*EXP(-5580/(1.987*(273+C73)))*199000000000000000*EXP(680/(1.987*(273+C73)))) -> 4.9435708e+11 | BA73: =AZ73 * 1.17*EXP(-57/(1.987*(273+C73))) -> 5.4694202e+11 | BB73: =Q73*BD73 -> 0.16370415 | BC73: =AQ73*BA73*I73 -> 5.1335681 | BD73: =1/(BC73-1) -> 0.24192174 | BE73: =BG73*S73 -> 0.1177548 | BF73: =AQ73*AZ73*I73 -> 4.6400087 | BG73: =1/(BF73-1) -> 0.27472462 | BH73: =Q73-BB69 -> 0.5931697 | BI73: =Q73+BB73 -> 0.84038642 | BJ73: =X73-BE69 -> 0.30805653 | BK73: =X73+BE73 -> 0.48171157 | BL73: =BF73*1.29 -> 5.9856112 | BM73: =Q73 / (BL73-1) -> 0.13572704 | BN73: =(1000*(S73+BE73)/(Q73+BM73))/$AE$140 -> 0.66602059 | BO73: =(1000*(S73-BE69)/(Q73-BM69))/$AE$140 -> 0.60763723 | BP73: =(1000*(S73+BE73-BE69)/(Q73+BM73-BM69))/$AE$140 -> 0.65357402 | BQ73: =MIN(BN73:BP73) -> 0.60763723 | BR73: =((1000*S73/Q73))/$AE$140 -> 0.62727991 | BS73: =MAX(BN73:BP73) -> 0.66602059
B74: 45338.856 | C74: 90 | D74: =I74/60 -> 150 | E74: Informed Bracket | F74: 2.84 | G74: 0 | H74: 3.55 | I74: 9000 | J74: 9130.185 | K74: =(B74-B73)*24*3600 -> 10560 | L74: =K74-I74 -> 1560 | N74: 0.0062760163 | O74: 0.026302996 | Q74: 0.017823886 | R74: 0.00029587725 | S74: 0.093375636 | T74: 0.00047463834 | AE74: =SUM(AV$5:$AV74) -> 7.9613363 | AF74: {=2*SQRT(SUM((AW$5:$AW74/2)^2))} -> 0.055679341 | AG74: =AG73+Q74 -> 7.8759759 | AH74: {=2*SQRT(SUM((R$5:$R74/2)^2))} -> 0.044523695 | AI74: =AI73+S74 -> 3.7364175 | AJ74: {=2*SQRT(SUM((T$5:$T74/2)^2))} -> 0.0073680095 | AL74: ='Fit Lambdas'!$U$2*(10000/(C74+273))+'Fit Lambdas'!$V$2 -> 25.08092 | AM74: ='Fit Lambdas'!$V$4 -> 0.067480704 | AN74: =EXP(AL74) -> 7.8073733e+10 | AO74: =AM74*AN74 -> 5.2684704e+09 | AP74: =AN74*(C74+273)*$C$145*$E$144 -> 2.7006668e-05 | AQ74: =(C74+273)*$C$145*$E$144 -> 3.4591235e-16 | AR74: =Q74/(1-EXP(-D74*60*AP74)) -> 0.082603827 | AS74: =2*SQRT( ((R74/2) * (1 / (1 - EXP(-D74 * 60 * AN74 * AQ74))))^2 + (AO74 * (-Q74 * 60 * D74 * AQ74 * EXP(-D74 * 60 * AN74 * AQ74) / (1 - EXP(-D74 * 60 * AN74 * AQ74))^2))^2 ) -> 0.0099433067 | AT74: {=AR74:AS74} -> 0.082603827 | AU74: 0.0099433067 | AZ74: =IF((273+C74)>=600, 0.00074*EXP(-6613/(1.987*(273+C74)))*128000000000000000*EXP(1174/(1.987*(273+C74))), 0.000304*EXP(-5580/(1.987*(273+C74)))*199000000000000000*EXP(680/(1.987*(273+C74)))) -> 6.7820444e+10 | BA74: =AZ74 * 1.17*EXP(-57/(1.987*(273+C74))) -> 7.3320582e+10
B75: 45338.999 | C75: 89.99 | D75: =I75/60 -> 150 | F75: 2.05 | G75: 0 | H75: 3.19 | I75: 9000 | J75: 9124.847 | K75: =(B75-B74)*24*3600 -> 12420 | L75: =K75-I75 -> 3420 | N75: 0.0063050176 | O75: 0.026330816 | Q75: 0.012925286 | R75: 0.0002141959 | S75: 0.083995303 | T75: 0.00042678859 | AE75: =SUM(AV$5:$AV75) -> 7.9613363 | AF75: {=2*SQRT(SUM((AW$5:$AW75/2)^2))} -> 0.055679341 | AG75: =AG74+Q75 -> 7.8889011 | AH75: {=2*SQRT(SUM((R$5:$R75/2)^2))} -> 0.04452421 | AI75: =AI74+S75 -> 3.8204128 | AJ75: {=2*SQRT(SUM((T$5:$T75/2)^2))} -> 0.0073803599 | AL75: ='Fit Lambdas'!$U$2*(10000/(C75+273))+'Fit Lambdas'!$V$2 -> 25.08053 | AM75: ='Fit Lambdas'!$V$4 -> 0.067480704 | AN75: =EXP(AL75) -> 7.8043345e+10 | AO75: =AM75*AN75 -> 5.2664199e+09 | AP75: =AN75*(C75+273)*$C$145*$E$144 -> 2.6995413e-05 | AQ75: =(C75+273)*$C$145*$E$144 -> 3.4590282e-16 | AR75: =Q75/(1-EXP(-D75*60*AP75)) -> 0.059923594 | AS75: =2*SQRT( ((R75/2) * (1 / (1 - EXP(-D75 * 60 * AN75 * AQ75))))^2 + (AO75 * (-Q75 * 60 * D75 * AQ75 * EXP(-D75 * 60 * AN75 * AQ75) / (1 - EXP(-D75 * 60 * AN75 * AQ75))^2))^2 ) -> 0.0072133492 | AT75: =AT74*EXP(-AP74*D74*60) -> 0.064779941 | AU75: =2*((((AU74/2)*EXP(-AP74*D74*60))^2+(AT74*EXP(-AP74*D74*60)*D74*60*AO74*AP74/AN74)^2)^0.5) -> 0.0080821508 | AZ75: =IF((273+C75)>=600, 0.00074*EXP(-6613/(1.987*(273+C75)))*128000000000000000*EXP(1174/(1.987*(273+C75))), 0.000304*EXP(-5580/(1.987*(273+C75)))*199000000000000000*EXP(680/(1.987*(273+C75)))) -> 6.7807752e+10 | BA75: =AZ75 * 1.17*EXP(-57/(1.987*(273+C75))) -> 7.3306702e+10
B76: 45340.128 | C76: 90 | D76: =I76/60 -> 150 | F76: 4.8 | G76: 0 | H76: 0.63 | I76: 9000 | J76: 9127.547 | K76: =(B76-B75)*24*3600 -> 97560 | L76: =K76-I76 -> 88560 | N76: 0.0063580465 | O76: 0.02641932 | Q76: 0.030518623 | R76: 0.00057239426 | S76: 0.016644172 | T76: 6.9452076e-05 | AE76: =SUM(AV$5:$AV76) -> 7.9613363 | AF76: {=2*SQRT(SUM((AW$5:$AW76/2)^2))} -> 0.055679341 | AG76: =AG75+Q76 -> 7.9194198 | AH76: {=2*SQRT(SUM((R$5:$R76/2)^2))} -> 0.044527889 | AI76: =AI75+S76 -> 3.8370569 | AJ76: {=2*SQRT(SUM((T$5:$T76/2)^2))} -> 0.0073806867 | AL76: ='Fit Lambdas'!$U$2*(10000/(C76+273))+'Fit Lambdas'!$V$2 -> 25.08092 | AM76: ='Fit Lambdas'!$V$4 -> 0.067480704 | AN76: =EXP(AL76) -> 7.8073733e+10 | AO76: =AM76*AN76 -> 5.2684704e+09 | AP76: =AN76*(C76+273)*$C$145*$E$144 -> 2.7006668e-05 | AQ76: =(C76+273)*$C$145*$E$144 -> 3.4591235e-16 | AR76: =Q76/(1-EXP(-D76*60*AP76)) -> 0.14143689 | AS76: =2*SQRT( ((R76/2) * (1 / (1 - EXP(-D76 * 60 * AN76 * AQ76))))^2 + (AO76 * (-Q76 * 60 * D76 * AQ76 * EXP(-D76 * 60 * AN76 * AQ76) / (1 - EXP(-D76 * 60 * AN76 * AQ76))^2))^2 ) -> 0.017069959 | AT76: =AT75-Q75 -> 0.051854655 | AU76: =AU75+R75 -> 0.0082963467 | AZ76: =IF((273+C76)>=600, 0.00074*EXP(-6613/(1.987*(273+C76)))*128000000000000000*EXP(1174/(1.987*(273+C76))), 0.000304*EXP(-5580/(1.987*(273+C76)))*199000000000000000*EXP(680/(1.987*(273+C76)))) -> 6.7820444e+10 | BA76: =AZ76 * 1.17*EXP(-57/(1.987*(273+C76))) -> 7.3320582e+10
B77: 45340.324 | C77: 245 | D77: =I77/60 -> 250 | E77: Experimental Step | F77: 87.3 | G77: 0 | H77: 15.1 | I77: 15000 | J77: 15125.411 | K77: =(B77-B76)*24*3600 -> 16920 | L77: =K77-I77 -> 1920 | N77: 0.0063563534 | O77: 0.026411914 | Q77: 0.55490965 | R77: 0.010071717 | S77: 0.3988199 | T77: 0.0016832684 | V77: =(1000*S77/Q77)/$AE$140 -> 0.71173724 | X77: =S77-AVERAGE(S78:S80) -> 0.38332029 | Y77: =T77+AVERAGE(S78:S80) -> 0.017182879 | AA77: =(X77*1000)/Q77 -> 690.77964 | AB77: =2*((1000*Y77/(2*Q77))^2+((R77/2)*1000*X77/(Q77^2))^2)^0.5 -> 33.407164 | AC77: =AA77/$AE$140 -> 0.68407651 | AD77: =2*(($AF$140*AA77/(2*$AE$140^2))^2+(AB77/($AE$140*2))^2)^0.5 -> 0.033861569 | AE77: =SUM(AV$5:$AV77) -> 8.5465358 | AF77: {=2*SQRT(SUM((AW$5:$AW77/2)^2))} -> 0.057551519 | AG77: =AG76+Q77 -> 8.4743294 | AH77: {=2*SQRT(SUM((R$5:$R77/2)^2))} -> 0.045652737 | AI77: =AI76+S77 -> 4.2358768 | AJ77: {=2*SQRT(SUM((T$5:$T77/2)^2))} -> 0.0075702 | AQ77: =(C77+273)*$C$145*$E$144 -> 4.9361597e-16 | AT77: =AT76-Q76 -> 0.021336031 | AU77: =AU76+R76 -> 0.008868741 | AV77: =Q77+AT78-AT77 -> 0.58519944 | AW77: =2*(((AU77/2)^2+(AU78/2)^2+(R77/2)^2)^(0.5)) -> 0.014559819 | AX77: =100*(AV77-Q77)/Q77 -> 5.4585092 | AZ77: =IF((273+C77)>=600, 0.00074*EXP(-6613/(1.987*(273+C77)))*128000000000000000*EXP(1174/(1.987*(273+C77))), 0.000304*EXP(-5580/(1.987*(273+C77)))*199000000000000000*EXP(680/(1.987*(273+C77)))) -> 5.1783591e+11 | BA77: =AZ77 * 1.17*EXP(-57/(1.987*(273+C77))) -> 5.7322763e+11 | BB77: =(Q77*BD77)+((BB73-(BD77*Q77))*EXP(-BC77)) -> 0.17093539 | BC77: =AQ77*BA77*I77 -> 4.2443147 | BD77: =1/(BC77-1) -> 0.30823151 | BE77: =(S77*BG77)+((BE73-(BG77*S77))*EXP(-BF77)) -> 0.14022142 | BF77: =AQ77*AZ77*I77 -> 3.8341811 | BG77: =1/(BF77-1) -> 0.3528356 | BH77: =Q77-BB73 -> 0.3912055 | BI77: =Q77+BB77 -> 0.72584504 | BJ77: =X77-BE73 -> 0.26556549 | BK77: =X77+BE77 -> 0.52354171 | BL77: =BF77*1.29 -> 4.9460936 | BM77: =(Q77 / (BL77-1)) + ((BM73-(Q77 / (BL77-1)))*EXP(-BL77)) -> 0.14058771 | BN77: =(1000*(S77+BE77)/(Q77+BM77))/$AE$140 -> 0.76752356 | BO77: =(1000*(S77-BE73)/(Q77-BM73))/$AE$140 -> 0.66400113 | BP77: =(1000*(S77+BE77-BE73)/(Q77+BM77-BM73))/$AE$140 -> 0.74530296 | BQ77: =MIN(BN77:BP77) -> 0.66400113 | BR77: =((1000*S77/Q77))/$AE$140 -> 0.71173724 | BS77: =MAX(BN77:BP77) -> 0.76752356
B78: 45340.426 | C78: 110.01 | D78: =I78/60 -> 120 | E78: Informed Bracket | F78: 2.84 | G78: 0 | H78: 0.474 | I78: 7200 | J78: 7328.183 | K78: =(B78-B77)*24*3600 -> 8760 | L78: =K78-I78 -> 1560 | N78: 0.0063444163 | O78: 0.02638854 | Q78: 0.018018142 | R78: 0.00030673177 | S78: 0.012508168 | T78: 5.2815822e-05 | AE78: =SUM(AV$5:$AV78) -> 8.5465358 | AF78: {=2*SQRT(SUM((AW$5:$AW78/2)^2))} -> 0.057551519 | AG78: =AG77+Q78 -> 8.4923476 | AH78: {=2*SQRT(SUM((R$5:$R78/2)^2))} -> 0.045653767 | AI78: =AI77+S78 -> 4.248385 | AJ78: {=2*SQRT(SUM((T$5:$T78/2)^2))} -> 0.0075703843 | AL78: ='Fit Lambdas'!$U$2*(10000/(C78+273))+'Fit Lambdas'!$V$2 -> 25.819176 | AM78: ='Fit Lambdas'!$V$4 -> 0.067480704 | AN78: =EXP(AL78) -> 1.633525e+11 | AO78: =AM78*AN78 -> 1.1023142e+10 | AP78: =AN78*(C78+273)*$C$145*$E$144 -> 5.9620462e-05 | AQ78: =(C78+273)*$C$145*$E$144 -> 3.6498041e-16 | AR78: =Q78/(1-EXP(-D78*60*AP78)) -> 0.051625826 | AS78: =2*SQRT( ((R78/2) * (1 / (1 - EXP(-D78 * 60 * AN78 * AQ78))))^2 + (AO78 * (-Q78 * 60 * D78 * AQ78 * EXP(-D78 * 60 * AN78 * AQ78) / (1 - EXP(-D78 * 60 * AN78 * AQ78))^2))^2 ) -> 0.0056475018 | AT78: {=AR78:AS78} -> 0.051625826 | AU78: 0.0056475018 | AZ78: =IF((273+C78)>=600, 0.00074*EXP(-6613/(1.987*(273+C78)))*128000000000000000*EXP(1174/(1.987*(273+C78))), 0.000304*EXP(-5580/(1.987*(273+C78)))*199000000000000000*EXP(680/(1.987*(273+C78)))) -> 9.6716317e+10 | BA78: =AZ78 * 1.17*EXP(-57/(1.987*(273+C78))) -> 1.0499245e+11
B79: 45340.537 | C79: 110 | D79: =I79/60 -> 120 | F79: 1.9 | G79: 0 | H79: 1.09 | I79: 7200 | J79: 7329.714 | K79: =(B79-B78)*24*3600 -> 9660 | L79: =K79-I79 -> 2460 | N79: 0.0063413998 | O79: 0.026384035 | Q79: 0.01204866 | R79: 0.00019587156 | S79: 0.028758598 | T79: 0.0001209663 | AE79: =SUM(AV$5:$AV79) -> 8.5465358 | AF79: {=2*SQRT(SUM((AW$5:$AW79/2)^2))} -> 0.057551519 | AG79: =AG78+Q79 -> 8.5043962 | AH79: {=2*SQRT(SUM((R$5:$R79/2)^2))} -> 0.045654188 | AI79: =AI78+S79 -> 4.2771436 | AJ79: {=2*SQRT(SUM((T$5:$T79/2)^2))} -> 0.0075713507 | AL79: ='Fit Lambdas'!$U$2*(10000/(C79+273))+'Fit Lambdas'!$V$2 -> 25.818827 | AM79: ='Fit Lambdas'!$V$4 -> 0.067480704 | AN79: =EXP(AL79) -> 1.6329539e+11 | AO79: =AM79*AN79 -> 1.1019288e+10 | AP79: =AN79*(C79+273)*$C$145*$E$144 -> 5.9598062e-05 | AQ79: =(C79+273)*$C$145*$E$144 -> 3.6497088e-16 | AR79: =Q79/(1-EXP(-D79*60*AP79)) -> 0.034532372 | AS79: =2*SQRT( ((R79/2) * (1 / (1 - EXP(-D79 * 60 * AN79 * AQ79))))^2 + (AO79 * (-Q79 * 60 * D79 * AQ79 * EXP(-D79 * 60 * AN79 * AQ79) / (1 - EXP(-D79 * 60 * AN79 * AQ79))^2))^2 ) -> 0.0037738872 | AT79: =AT78*EXP(-AP78*D78*60) -> 0.033607684 | AU79: =2*((((AU78/2)*EXP(-AP78*D78*60))^2+(AT78*EXP(-AP78*D78*60)*D78*60*AO78*AP78/AN78)^2)^0.5) -> 0.0041601953 | AZ79: =IF((273+C79)>=600, 0.00074*EXP(-6613/(1.987*(273+C79)))*128000000000000000*EXP(1174/(1.987*(273+C79))), 0.000304*EXP(-5580/(1.987*(273+C79)))*199000000000000000*EXP(680/(1.987*(273+C79)))) -> 9.6700059e+10 | BA79: =AZ79 * 1.17*EXP(-57/(1.987*(273+C79))) -> 1.049746e+11
B80: 45340.754 | C80: 109.98 | D80: =I80/60 -> 120 | F80: 1.69 | G80: 0 | H80: 0.198 | I80: 7200 | J80: 7329.033 | K80: =(B80-B79)*24*3600 -> 18720 | L80: =K80-I80 -> 11520 | N80: 0.0063508938 | O80: 0.026424577 | Q80: 0.010733011 | R80: 0.00016442488 | S80: 0.0052320663 | T80: 2.0555024e-05 | AE80: =SUM(AV$5:$AV80) -> 8.5465358 | AF80: {=2*SQRT(SUM((AW$5:$AW80/2)^2))} -> 0.057551519 | AG80: =AG79+Q80 -> 8.5151292 | AH80: {=2*SQRT(SUM((R$5:$R80/2)^2))} -> 0.045654484 | AI80: =AI79+S80 -> 4.2823757 | AJ80: {=2*SQRT(SUM((T$5:$T80/2)^2))} -> 0.0075713786 | AL80: ='Fit Lambdas'!$U$2*(10000/(C80+273))+'Fit Lambdas'!$V$2 -> 25.818127 | AM80: ='Fit Lambdas'!$V$4 -> 0.067480704 | AN80: =EXP(AL80) -> 1.6318122e+11 | AO80: =AM80*AN80 -> 1.1011583e+10 | AP80: =AN80*(C80+273)*$C$145*$E$144 -> 5.9553283e-05 | AQ80: =(C80+273)*$C$145*$E$144 -> 3.6495182e-16 | AR80: =Q80/(1-EXP(-D80*60*AP80)) -> 0.030780144 | AS80: =2*SQRT( ((R80/2) * (1 / (1 - EXP(-D80 * 60 * AN80 * AQ80))))^2 + (AO80 * (-Q80 * 60 * D80 * AQ80 * EXP(-D80 * 60 * AN80 * AQ80) / (1 - EXP(-D80 * 60 * AN80 * AQ80))^2))^2 ) -> 0.003360222 | AT80: =AT79-Q79 -> 0.021559024 | AU80: =AU79+R79 -> 0.0043560668 | AZ80: =IF((273+C80)>=600, 0.00074*EXP(-6613/(1.987*(273+C80)))*128000000000000000*EXP(1174/(1.987*(273+C80))), 0.000304*EXP(-5580/(1.987*(273+C80)))*199000000000000000*EXP(680/(1.987*(273+C80)))) -> 9.666755e+10 | BA80: =AZ80 * 1.17*EXP(-57/(1.987*(273+C80))) -> 1.049389e+11
B81: 45341.135 | C81: 249.99 | D81: =I81/60 -> 210 | E81: Experimental Step | F81: 109 | G81: 0 | H81: 16.8 | I81: 12600 | J81: 12726.729 | K81: =(B81-B80)*24*3600 -> 32880 | L81: =K81-I81 -> 20280 | N81: 0.0063618579 | O81: 0.026426174 | Q81: 0.69344251 | R81: 0.0105984 | S81: 0.44395973 | T81: 0.002068521 | V81: =(1000*S81/Q81)/$AE$140 -> 0.63401315 | X81: =S81-AVERAGE(S82:S84) -> 0.42865867 | Y81: =T81+AVERAGE(S82:S84) -> 0.017369584 | AA81: =(X81*1000)/Q81 -> 618.16035 | AB81: =2*((1000*Y81/(2*Q81))^2+((R81/2)*1000*X81/(Q81^2))^2)^0.5 -> 26.770888 | AC81: =AA81/$AE$140 -> 0.6121619 | AD81: =2*(($AF$140*AA81/(2*$AE$140^2))^2+(AB81/($AE$140*2))^2)^0.5 -> 0.027286954 | AE81: =SUM(AV$5:$AV81) -> 9.301 | AF81: {=2*SQRT(SUM((AW$5:$AW81/2)^2))} -> 0.059257174 | AG81: =AG80+Q81 -> 9.2085717 | AH81: {=2*SQRT(SUM((R$5:$R81/2)^2))} -> 0.046868518 | AI81: =AI80+S81 -> 4.7263354 | AJ81: {=2*SQRT(SUM((T$5:$T81/2)^2))} -> 0.0078488568 | AQ81: =(C81+273)*$C$145*$E$144 -> 4.9837107e-16 | AT81: =AT80-Q80 -> 0.010826014 | AU81: =AU80+R80 -> 0.0045204917 | AV81: =Q81+AT82-AT81 -> 0.75446423 | AW81: =2*(((AU81/2)^2+(AU82/2)^2+(R81/2)^2)^(0.5)) -> 0.014115075 | AX81: =100*(AV81-Q81)/Q81 -> 8.7998236 | AZ81: =IF((273+C81)>=600, 0.00074*EXP(-6613/(1.987*(273+C81)))*128000000000000000*EXP(1174/(1.987*(273+C81))), 0.000304*EXP(-5580/(1.987*(273+C81)))*199000000000000000*EXP(680/(1.987*(273+C81)))) -> 5.4189995e+11 | BA81: =AZ81 * 1.17*EXP(-57/(1.987*(273+C81))) -> 6.0018279e+11 | BB81: =(Q81*BD81)+((BB77-(BD81*Q81))*EXP(-BC81)) -> 0.24861074 | BC81: =AQ81*BA81*I81 -> 3.7688331 | BD81: =1/(BC81-1) -> 0.36116297 | BE81: =(S81*BG81)+((BE77-(BG81*S81))*EXP(-BF81)) -> 0.1832817 | BF81: =AQ81*AZ81*I81 -> 3.4028475 | BG81: =1/(BF81-1) -> 0.4161729 | BH81: =Q81-BB77 -> 0.52250712 | BI81: =Q81+BB81 -> 0.94205325 | BJ81: =X81-BE77 -> 0.28843725 | BK81: =X81+BE81 -> 0.61194037 | BL81: =BF81*1.29 -> 4.3896732 | BM81: =(Q81 / (BL81-1)) + ((BM77-(Q81 / (BL81-1)))*EXP(-BL81)) -> 0.20378128 | BN81: =(1000*(S81+BE81)/(Q81+BM81))/$AE$140 -> 0.69230761 | BO81: =(1000*(S81-BE77)/(Q81-BM77))/$AE$140 -> 0.54406857 | BP81: =(1000*(S81+BE81-BE77)/(Q81+BM81-BM77))/$AE$140 -> 0.63741886 | BQ81: =MIN(BN81:BP81) -> 0.54406857 | BR81: =((1000*S81/Q81))/$AE$140 -> 0.63401315 | BS81: =MAX(BN81:BP81) -> 0.69230761
B82: 45341.236 | C82: 104.99 | D82: =I82/60 -> 120 | E82: Permeation Step; Lambda Fit | F82: 3.38 | G82: 0 | H82: 0.809 | I82: 7200 | J82: 7329.526 | K82: =(B82-B81)*24*3600 -> 8760 | L82: =K82-I82 -> 1560 | N82: 0.0063462757 | O82: 0.026426174 | Q82: 0.021450412 | R82: 0.00032806047 | S82: 0.021378775 | T82: 9.1954325e-05 | AE82: =SUM(AV$5:$AV82) -> 9.301 | AF82: {=2*SQRT(SUM((AW$5:$AW82/2)^2))} -> 0.059257174 | AG82: =AG81+Q82 -> 9.2300222 | AH82: {=2*SQRT(SUM((R$5:$R82/2)^2))} -> 0.046869666 | AI82: =AI81+S82 -> 4.7477142 | AJ82: {=2*SQRT(SUM((T$5:$T82/2)^2))} -> 0.0078493954 | AL82: ='Fit Lambdas'!$U$2*(10000/(C82+273))+'Fit Lambdas'!$V$2 -> 25.641311 | AM82: ='Fit Lambdas'!$V$4 -> 0.067480704 | AN82: =EXP(AL82) -> 1.367351e+11 | AO82: =AM82*AN82 -> 9.2269809e+09 | AP82: =AN82*(C82+273)*$C$145*$E$144 -> 4.9251535e-05 | AQ82: =(C82+273)*$C$145*$E$144 -> 3.6019672e-16 | AR82: =Q82/(1-EXP(-D82*60*AP82)) -> 0.071847731 | AS82: =2*SQRT( ((R82/2) * (1 / (1 - EXP(-D82 * 60 * AN82 * AQ82))))^2 + (AO82 * (-Q82 * 60 * D82 * AQ82 * EXP(-D82 * 60 * AN82 * AQ82) / (1 - EXP(-D82 * 60 * AN82 * AQ82))^2))^2 ) -> 0.0081531835 | AT82: {=AR82:AS82} -> 0.071847731 | AU82: 0.0081531835 | AZ82: =IF((273+C82)>=600, 0.00074*EXP(-6613/(1.987*(273+C82)))*128000000000000000*EXP(1174/(1.987*(273+C82))), 0.000304*EXP(-5580/(1.987*(273+C82)))*199000000000000000*EXP(680/(1.987*(273+C82)))) -> 8.8789925e+10 | BA82: =AZ82 * 1.17*EXP(-57/(1.987*(273+C82))) -> 9.6291959e+10
B83: 45341.338 | C83: 104.99 | D83: =I83/60 -> 120 | E83: Lambda Fit | F83: 2.27 | G83: 0 | H83: 0.475 | I83: 7200 | J83: 7328.208 | K83: =(B83-B82)*24*3600 -> 8760 | L83: =K83-I83 -> 1560 | N83: 0.0063311703 | O83: 0.026426174 | Q83: 0.014371757 | R83: 0.00021994236 | S83: 0.012552433 | T83: 4.9633524e-05 | AE83: =SUM(AV$5:$AV83) -> 9.301 | AF83: {=2*SQRT(SUM((AW$5:$AW83/2)^2))} -> 0.059257174 | AG83: =AG82+Q83 -> 9.2443939 | AH83: {=2*SQRT(SUM((R$5:$R83/2)^2))} -> 0.046870182 | AI83: =AI82+S83 -> 4.7602666 | AJ83: {=2*SQRT(SUM((T$5:$T83/2)^2))} -> 0.0078495523 | AL83: ='Fit Lambdas'!$U$2*(10000/(C83+273))+'Fit Lambdas'!$V$2 -> 25.641311 | AM83: ='Fit Lambdas'!$V$4 -> 0.067480704 | AN83: =EXP(AL83) -> 1.367351e+11 | AO83: =AM83*AN83 -> 9.2269809e+09 | AP83: =AN83*(C83+273)*$C$145*$E$144 -> 4.9251535e-05 | AQ83: =(C83+273)*$C$145*$E$144 -> 3.6019672e-16 | AR83: =Q83/(1-EXP(-D83*60*AP83)) -> 0.048137915 | AS83: =2*SQRT( ((R83/2) * (1 / (1 - EXP(-D83 * 60 * AN83 * AQ83))))^2 + (AO83 * (-Q83 * 60 * D83 * AQ83 * EXP(-D83 * 60 * AN83 * AQ83) / (1 - EXP(-D83 * 60 * AN83 * AQ83))^2))^2 ) -> 0.0054626898 | AT83: =AT82*EXP(-AP82*D82*60) -> 0.050397319 | AU83: =2*((((AU82/2)*EXP(-AP82*D82*60))^2+(AT82*EXP(-AP82*D82*60)*D82*60*AO82*AP82/AN82)^2)^0.5) -> 0.0062068282 | AZ83: =IF((273+C83)>=600, 0.00074*EXP(-6613/(1.987*(273+C83)))*128000000000000000*EXP(1174/(1.987*(273+C83))), 0.000304*EXP(-5580/(1.987*(273+C83)))*199000000000000000*EXP(680/(1.987*(273+C83)))) -> 8.8789925e+10 | BA83: =AZ83 * 1.17*EXP(-57/(1.987*(273+C83))) -> 9.6291959e+10
B84: 45341.439 | C84: 104.99 | D84: =I84/60 -> 120 | E84: Lambda Fit | F84: 1.64 | G84: 0 | H84: 0.453 | I84: 7200 | J84: 7329.22 | K84: =(B84-B83)*24*3600 -> 8760 | L84: =K84-I84 -> 1560 | N84: 0.0063297872 | O84: 0.026428217 | Q84: 0.010380851 | R84: 0.00015919708 | S84: 0.011971982 | T84: 4.7123015e-05 | AE84: =SUM(AV$5:$AV84) -> 9.301 | AF84: {=2*SQRT(SUM((AW$5:$AW84/2)^2))} -> 0.059257174 | AG84: =AG83+Q84 -> 9.2547748 | AH84: {=2*SQRT(SUM((R$5:$R84/2)^2))} -> 0.046870452 | AI84: =AI83+S84 -> 4.7722386 | AJ84: {=2*SQRT(SUM((T$5:$T84/2)^2))} -> 0.0078496938 | AL84: ='Fit Lambdas'!$U$2*(10000/(C84+273))+'Fit Lambdas'!$V$2 -> 25.641311 | AM84: ='Fit Lambdas'!$V$4 -> 0.067480704 | AN84: =EXP(AL84) -> 1.367351e+11 | AO84: =AM84*AN84 -> 9.2269809e+09 | AP84: =AN84*(C84+273)*$C$145*$E$144 -> 4.9251535e-05 | AQ84: =(C84+273)*$C$145*$E$144 -> 3.6019672e-16 | AR84: =Q84/(1-EXP(-D84*60*AP84)) -> 0.034770456 | AS84: =2*SQRT( ((R84/2) * (1 / (1 - EXP(-D84 * 60 * AN84 * AQ84))))^2 + (AO84 * (-Q84 * 60 * D84 * AQ84 * EXP(-D84 * 60 * AN84 * AQ84) / (1 - EXP(-D84 * 60 * AN84 * AQ84))^2))^2 ) -> 0.0039459003 | AT84: =AT83*EXP(-AP83*D83*60) -> 0.035351009 | AU84: =2*((((AU83/2)*EXP(-AP83*D83*60))^2+(AT83*EXP(-AP83*D83*60)*D83*60*AO83*AP83/AN83)^2)^0.5) -> 0.0046709285 | AZ84: =IF((273+C84)>=600, 0.00074*EXP(-6613/(1.987*(273+C84)))*128000000000000000*EXP(1174/(1.987*(273+C84))), 0.000304*EXP(-5580/(1.987*(273+C84)))*199000000000000000*EXP(680/(1.987*(273+C84)))) -> 8.8789925e+10 | BA84: =AZ84 * 1.17*EXP(-57/(1.987*(273+C84))) -> 9.6291959e+10
B85: 45341.644 | C85: 244.91 | D85: =I85/60 -> 270 | E85: Experimental Step | F85: 73.6 | G85: 0 | H85: 11.8 | I85: 16200 | J85: 16326.304 | K85: =(B85-B84)*24*3600 -> 17760 | L85: =K85-I85 -> 1560 | N85: 0.0063297872 | O85: 0.026469286 | Q85: 0.46587234 | R85: 0.0074343534 | S85: 0.31233757 | T85: 0.0013158669 | V85: =(1000*S85/Q85)/$AE$140 -> 0.66393024 | X85: =S85-AVERAGE(S86:S88) -> 0.30371418 | Y85: =T85+AVERAGE(S86:S88) -> 0.0099392584 | AA85: =(X85*1000)/Q85 -> 651.92576 | AB85: =2*((1000*Y85/(2*Q85))^2+((R85/2)*1000*X85/(Q85^2))^2)^0.5 -> 23.736065 | AC85: =AA85/$AE$140 -> 0.64559966 | AD85: =2*(($AF$140*AA85/(2*$AE$140^2))^2+(AB85/($AE$140*2))^2)^0.5 -> 0.024473309 | AE85: =SUM(AV$5:$AV85) -> 9.7918579 | AF85: {=2*SQRT(SUM((AW$5:$AW85/2)^2))} -> 0.060107442 | AG85: =AG84+Q85 -> 9.7206471 | AH85: {=2*SQRT(SUM((R$5:$R85/2)^2))} -> 0.04745639 | AI85: =AI84+S85 -> 5.0845761 | AJ85: {=2*SQRT(SUM((T$5:$T85/2)^2))} -> 0.007959221 | AQ85: =(C85+273)*$C$145*$E$144 -> 4.9353021e-16 | AT85: =AT84*EXP(-AP84*D84*60) -> 0.024796832 | AU85: =2*((((AU84/2)*EXP(-AP84*D84*60))^2+(AT84*EXP(-AP84*D84*60)*D84*60*AO84*AP84/AN84)^2)^0.5) -> 0.0034847093 | AV85: =Q85+AT86-AT85 -> 0.4908579 | AW85: =2*(((AU85/2)^2+(AU86/2)^2+(R85/2)^2)^(0.5)) -> 0.01007432 | AX85: =100*(AV85-Q85)/Q85 -> 5.3631778 | AZ85: =IF((273+C85)>=600, 0.00074*EXP(-6613/(1.987*(273+C85)))*128000000000000000*EXP(1174/(1.987*(273+C85))), 0.000304*EXP(-5580/(1.987*(273+C85)))*199000000000000000*EXP(680/(1.987*(273+C85)))) -> 5.1740769e+11 | BA85: =AZ85 * 1.17*EXP(-57/(1.987*(273+C85))) -> 5.7274809e+11 | BB85: =Q85*BD85 -> 0.13015996 | BC85: =AQ85*BA85*I85 -> 4.5792294 | BD85: =1/(BC85-1) -> 0.27938975 | BE85: =BG85*S85 -> 0.099572914 | BF85: =AQ85*AZ85*I85 -> 4.1367724 | BG85: =1/(BF85-1) -> 0.31879903 | BH85: =Q85-BB81 -> 0.2172616 | BI85: =Q85+BB85 -> 0.5960323 | BJ85: =X85-BE81 -> 0.12043248 | BK85: =X85+BE85 -> 0.40328709 | BL85: =BF85*1.29 -> 5.3364364 | BM85: =Q85 / (BL85-1) -> 0.10743207 | BN85: =(1000*(S85+BE85)/(Q85+BM85))/$AE$140 -> 0.71151279 | BO85: =(1000*(S85-BE81)/(Q85-BM81))/$AE$140 -> 0.48763032 | BP85: =(1000*(S85+BE85-BE81)/(Q85+BM85-BM81))/$AE$140 -> 0.61270924 | BQ85: =MIN(BN85:BP85) -> 0.48763032 | BR85: =((1000*S85/Q85))/$AE$140 -> 0.66393024 | BS85: =MAX(BN85:BP85) -> 0.71151279
B86: 45341.746 | C86: 100 | D86: =I86/60 -> 120 | E86: Permeation Step; Lambda Fit | F86: 1.99 | G86: 0 | H86: 0.544 | I86: 7200 | J86: 7328.533 | K86: =(B86-B85)*24*3600 -> 8760 | L86: =K86-I86 -> 1560 | N86: 0.0063318092 | O86: 0.026462601 | Q86: 0.0126003 | R86: 0.00019637404 | S86: 0.014395655 | T86: 6.0788321e-05 | AE86: =SUM(AV$5:$AV86) -> 9.7918579 | AF86: {=2*SQRT(SUM((AW$5:$AW86/2)^2))} -> 0.060107442 | AG86: =AG85+Q86 -> 9.7332474 | AH86: {=2*SQRT(SUM((R$5:$R86/2)^2))} -> 0.047456796 | AI86: =AI85+S86 -> 5.0989718 | AJ86: {=2*SQRT(SUM((T$5:$T86/2)^2))} -> 0.0079594531 | AL86: ='Fit Lambdas'!$U$2*(10000/(C86+273))+'Fit Lambdas'!$V$2 -> 25.459765 | AM86: ='Fit Lambdas'!$V$4 -> 0.067480704 | AN86: =EXP(AL86) -> 1.1403424e+11 | AO86: =AM86*AN86 -> 7.6951106e+09 | AP86: =AN86*(C86+273)*$C$145*$E$144 -> 4.0532513e-05 | AQ86: =(C86+273)*$C$145*$E$144 -> 3.5544161e-16 | AR86: =Q86/(1-EXP(-D86*60*AP86)) -> 0.049782393 | AS86: =2*SQRT( ((R86/2) * (1 / (1 - EXP(-D86 * 60 * AN86 * AQ86))))^2 + (AO86 * (-Q86 * 60 * D86 * AQ86 * EXP(-D86 * 60 * AN86 * AQ86) / (1 - EXP(-D86 * 60 * AN86 * AQ86))^2))^2 ) -> 0.0058377318 | AT86: {=AR86:AS86} -> 0.049782393 | AU86: 0.0058377318 | AZ86: =IF((273+C86)>=600, 0.00074*EXP(-6613/(1.987*(273+C86)))*128000000000000000*EXP(1174/(1.987*(273+C86))), 0.000304*EXP(-5580/(1.987*(273+C86)))*199000000000000000*EXP(680/(1.987*(273+C86)))) -> 8.1368988e+10 | BA86: =AZ86 * 1.17*EXP(-57/(1.987*(273+C86))) -> 8.8154465e+10
B87: 45341.847 | C87: 100 | D87: =I87/60 -> 120 | E87: Lambda Fit | F87: 1.48 | G87: 0 | H87: 0.249 | I87: 7200 | J87: 7328.068 | K87: =(B87-B86)*24*3600 -> 8760 | L87: =K87-I87 -> 1560 | N87: 0.0063356834 | O87: 0.026447296 | Q87: 0.0093768114 | R87: 0.0001390858 | S87: 0.0065853768 | T87: 2.7818522e-05 | AE87: =SUM(AV$5:$AV87) -> 9.7918579 | AF87: {=2*SQRT(SUM((AW$5:$AW87/2)^2))} -> 0.060107442 | AG87: =AG86+Q87 -> 9.7426242 | AH87: {=2*SQRT(SUM((R$5:$R87/2)^2))} -> 0.047457 | AI87: =AI86+S87 -> 5.1055572 | AJ87: {=2*SQRT(SUM((T$5:$T87/2)^2))} -> 0.0079595017 | AL87: ='Fit Lambdas'!$U$2*(10000/(C87+273))+'Fit Lambdas'!$V$2 -> 25.459765 | AM87: ='Fit Lambdas'!$V$4 -> 0.067480704 | AN87: =EXP(AL87) -> 1.1403424e+11 | AO87: =AM87*AN87 -> 7.6951106e+09 | AP87: =AN87*(C87+273)*$C$145*$E$144 -> 4.0532513e-05 | AQ87: =(C87+273)*$C$145*$E$144 -> 3.5544161e-16 | AR87: =Q87/(1-EXP(-D87*60*AP87)) -> 0.037046745 | AS87: =2*SQRT( ((R87/2) * (1 / (1 - EXP(-D87 * 60 * AN87 * AQ87))))^2 + (AO87 * (-Q87 * 60 * D87 * AQ87 * EXP(-D87 * 60 * AN87 * AQ87) / (1 - EXP(-D87 * 60 * AN87 * AQ87))^2))^2 ) -> 0.0043406719 | AT87: =AT86*EXP(-AP86*D86*60) -> 0.037182093 | AU87: =2*((((AU86/2)*EXP(-AP86*D86*60))^2+(AT86*EXP(-AP86*D86*60)*D86*60*AO86*AP86/AN86)^2)^0.5) -> 0.0045995259 | AZ87: =IF((273+C87)>=600, 0.00074*EXP(-6613/(1.987*(273+C87)))*128000000000000000*EXP(1174/(1.987*(273+C87))), 0.000304*EXP(-5580/(1.987*(273+C87)))*199000000000000000*EXP(680/(1.987*(273+C87)))) -> 8.1368988e+10 | BA87: =AZ87 * 1.17*EXP(-57/(1.987*(273+C87))) -> 8.8154465e+10
B88: 45341.949 | C88: 100 | D88: =I88/60 -> 120 | E88: Lambda Fit | F88: 1.16 | G88: 0 | H88: 0.185 | I88: 7200 | J88: 7326.649 | K88: =(B88-B87)*24*3600 -> 8760 | L88: =K88-I88 -> 1560 | N88: 0.006340619 | O88: 0.026427799 | Q88: 0.007355118 | R88: 0.00010206244 | S88: 0.0048891428 | T88: 2.0657445e-05 | AE88: =SUM(AV$5:$AV88) -> 9.7918579 | AF88: {=2*SQRT(SUM((AW$5:$AW88/2)^2))} -> 0.060107442 | AG88: =AG87+Q88 -> 9.7499793 | AH88: {=2*SQRT(SUM((R$5:$R88/2)^2))} -> 0.04745711 | AI88: =AI87+S88 -> 5.1104463 | AJ88: {=2*SQRT(SUM((T$5:$T88/2)^2))} -> 0.0079595285 | AL88: ='Fit Lambdas'!$U$2*(10000/(C88+273))+'Fit Lambdas'!$V$2 -> 25.459765 | AM88: ='Fit Lambdas'!$V$4 -> 0.067480704 | AN88: =EXP(AL88) -> 1.1403424e+11 | AO88: =AM88*AN88 -> 7.6951106e+09 | AP88: =AN88*(C88+273)*$C$145*$E$144 -> 4.0532513e-05 | AQ88: =(C88+273)*$C$145*$E$144 -> 3.5544161e-16 | AR88: =Q88/(1-EXP(-D88*60*AP88)) -> 0.029059258 | AS88: =2*SQRT( ((R88/2) * (1 / (1 - EXP(-D88 * 60 * AN88 * AQ88))))^2 + (AO88 * (-Q88 * 60 * D88 * AQ88 * EXP(-D88 * 60 * AN88 * AQ88) / (1 - EXP(-D88 * 60 * AN88 * AQ88))^2))^2 ) -> 0.0034013913 | AT88: =AT87*EXP(-AP87*D87*60) -> 0.027771024 | AU88: =2*((((AU87/2)*EXP(-AP87*D87*60))^2+(AT87*EXP(-AP87*D87*60)*D87*60*AO87*AP87/AN87)^2)^0.5) -> 0.0036052785 | AZ88: =IF((273+C88)>=600, 0.00074*EXP(-6613/(1.987*(273+C88)))*128000000000000000*EXP(1174/(1.987*(273+C88))), 0.000304*EXP(-5580/(1.987*(273+C88)))*199000000000000000*EXP(680/(1.987*(273+C88)))) -> 8.1368988e+10 | BA88: =AZ88 * 1.17*EXP(-57/(1.987*(273+C88))) -> 8.8154465e+10
B89: 45342.189 | C89: 239.99 | D89: =I89/60 -> 320 | E89: Experimental Step | F89: 45.2 | G89: 0 | H89: 7.28 | I89: 19200 | J89: 19325.779 | K89: =(B89-B88)*24*3600 -> 20760 | L89: =K89-I89 -> 1560 | N89: 0.006321405 | O89: 0.026465006 | Q89: 0.28572751 | R89: 0.0043168095 | S89: 0.19266525 | T89: 0.00076255924 | V89: =(1000*S89/Q89)/$AE$140 -> 0.66775397 | X89: =S89-AVERAGE(S90:S92) -> 0.18712142 | Y89: =T89+AVERAGE(S90:S92) -> 0.0063063828 | AA89: =(X89*1000)/Q89 -> 654.89467 | AB89: =2*((1000*Y89/(2*Q89))^2+((R89/2)*1000*X89/(Q89^2))^2)^0.5 -> 24.18758 | AC89: =AA89/$AE$140 -> 0.64853976 | AD89: =2*(($AF$140*AA89/(2*$AE$140^2))^2+(AB89/($AE$140*2))^2)^0.5 -> 0.024911583 | AE89: =SUM(AV$5:$AV89) -> 10.090746 | AF89: {=2*SQRT(SUM((AW$5:$AW89/2)^2))} -> 0.060465989 | AG89: =AG88+Q89 -> 10.035707 | AH89: {=2*SQRT(SUM((R$5:$R89/2)^2))} -> 0.047653039 | AI89: =AI88+S89 -> 5.3031116 | AJ89: {=2*SQRT(SUM((T$5:$T89/2)^2))} -> 0.0079959734 | AQ89: =(C89+273)*$C$145*$E$144 -> 4.8884181e-16 | AT89: =AT88*EXP(-AP88*D88*60) -> 0.020741968 | AU89: =2*((((AU88/2)*EXP(-AP88*D88*60))^2+(AT88*EXP(-AP88*D88*60)*D88*60*AO88*AP88/AN88)^2)^0.5) -> 0.0028139543 | AV89: =Q89+AT90-AT89 -> 0.29888799 | AW89: =2*(((AU89/2)^2+(AU90/2)^2+(R89/2)^2)^(0.5)) -> 0.0065750502 | AX89: =100*(AV89-Q89)/Q89 -> 4.605955 | AZ89: =IF((273+C89)>=600, 0.00074*EXP(-6613/(1.987*(273+C89)))*128000000000000000*EXP(1174/(1.987*(273+C89))), 0.000304*EXP(-5580/(1.987*(273+C89)))*199000000000000000*EXP(680/(1.987*(273+C89)))) -> 4.9431075e+11 | BA89: =AZ89 * 1.17*EXP(-57/(1.987*(273+C89))) -> 5.4689017e+11 | BB89: =Q89*BD89 -> 0.069133509 | BC89: =AQ89*BA89*I89 -> 5.1329814 | BD89: =1/(BC89-1) -> 0.24195609 | BE89: =BG89*S89 -> 0.052937525 | BF89: =AQ89*AZ89*I89 -> 4.6394834 | BG89: =1/(BF89-1) -> 0.27476427 | BH89: =Q89-BB85 -> 0.15556755 | BI89: =Q89+BB89 -> 0.35486102 | BJ89: =X89-BE85 -> 0.087548509 | BK89: =X89+BE89 -> 0.24005895 | BL89: =BF89*1.29 -> 5.9849336 | BM89: =Q89 / (BL89-1) -> 0.057318217 | BN89: =(1000*(S89+BE89)/(Q89+BM89))/$AE$140 -> 0.70900027 | BO89: =(1000*(S89-BE85)/(Q89-BM85))/$AE$140 -> 0.51705748 | BP89: =(1000*(S89+BE89-BE85)/(Q89+BM89-BM85))/$AE$140 -> 0.61377098 | BQ89: =MIN(BN89:BP89) -> 0.51705748 | BR89: =((1000*S89/Q89))/$AE$140 -> 0.66775397 | BS89: =MAX(BN89:BP89) -> 0.70900027
B90: 45342.29 | C90: 95 | D90: =I90/60 -> 120 | E90: Permeation Step; Lambda Fit | F90: 1.14 | G90: 0 | H90: 0.368 | I90: 7200 | J90: 7324.382 | K90: =(B90-B89)*24*3600 -> 8760 | L90: =K90-I90 -> 1560 | N90: 0.0063185841 | O90: 0.026470588 | Q90: 0.0072031858 | R90: 0.00011018934 | S90: 0.0097411765 | T90: 3.8185993e-05 | AE90: =SUM(AV$5:$AV90) -> 10.090746 | AF90: {=2*SQRT(SUM((AW$5:$AW90/2)^2))} -> 0.060465989 | AG90: =AG89+Q90 -> 10.04291 | AH90: {=2*SQRT(SUM((R$5:$R90/2)^2))} -> 0.047653166 | AI90: =AI89+S90 -> 5.3128527 | AJ90: {=2*SQRT(SUM((T$5:$T90/2)^2))} -> 0.0079960646 | AL90: ='Fit Lambdas'!$U$2*(10000/(C90+273))+'Fit Lambdas'!$V$2 -> 25.272916 | AM90: ='Fit Lambdas'!$V$4 -> 0.067480704 | AN90: =EXP(AL90) -> 9.4599281e+10 | AO90: =AM90*AN90 -> 6.3836261e+09 | AP90: =AN90*(C90+273)*$C$145*$E$144 -> 3.317379e-05 | AQ90: =(C90+273)*$C$145*$E$144 -> 3.5067698e-16 | AR90: =Q90/(1-EXP(-D90*60*AP90)) -> 0.033902448 | AS90: =2*SQRT( ((R90/2) * (1 / (1 - EXP(-D90 * 60 * AN90 * AQ90))))^2 + (AO90 * (-Q90 * 60 * D90 * AQ90 * EXP(-D90 * 60 * AN90 * AQ90) / (1 - EXP(-D90 * 60 * AN90 * AQ90))^2))^2 ) -> 0.0040838832 | AT90: {=AR90:AS90} -> 0.033902448 | AU90: 0.0040838832 | AZ90: =IF((273+C90)>=600, 0.00074*EXP(-6613/(1.987*(273+C90)))*128000000000000000*EXP(1174/(1.987*(273+C90))), 0.000304*EXP(-5580/(1.987*(273+C90)))*199000000000000000*EXP(680/(1.987*(273+C90)))) -> 7.437845e+10 | BA90: =AZ90 * 1.17*EXP(-57/(1.987*(273+C90))) -> 8.0496818e+10
B91: 45342.392 | C91: 95 | D91: =I91/60 -> 120 | E91: Lambda Fit | F91: 0.991 | G91: 0 | H91: 0.176 | I91: 7200 | J91: 7324.593 | K91: =(B91-B90)*24*3600 -> 8760 | L91: =K91-I91 -> 1560 | N91: 0.0063185841 | O91: 0.026470588 | Q91: 0.0062617168 | R91: 9.5787397e-05 | S91: 0.0046588235 | T91: 1.8262866e-05 | AE91: =SUM(AV$5:$AV91) -> 10.090746 | AF91: {=2*SQRT(SUM((AW$5:$AW91/2)^2))} -> 0.060465989 | AG91: =AG90+Q91 -> 10.049172 | AH91: {=2*SQRT(SUM((R$5:$R91/2)^2))} -> 0.047653262 | AI91: =AI90+S91 -> 5.3175116 | AJ91: {=2*SQRT(SUM((T$5:$T91/2)^2))} -> 0.0079960854 | AL91: ='Fit Lambdas'!$U$2*(10000/(C91+273))+'Fit Lambdas'!$V$2 -> 25.272916 | AM91: ='Fit Lambdas'!$V$4 -> 0.067480704 | AN91: =EXP(AL91) -> 9.4599281e+10 | AO91: =AM91*AN91 -> 6.3836261e+09 | AP91: =AN91*(C91+273)*$C$145*$E$144 -> 3.317379e-05 | AQ91: =(C91+273)*$C$145*$E$144 -> 3.5067698e-16 | AR91: =Q91/(1-EXP(-D91*60*AP91)) -> 0.029471339 | AS91: =2*SQRT( ((R91/2) * (1 / (1 - EXP(-D91 * 60 * AN91 * AQ91))))^2 + (AO91 * (-Q91 * 60 * D91 * AQ91 * EXP(-D91 * 60 * AN91 * AQ91) / (1 - EXP(-D91 * 60 * AN91 * AQ91))^2))^2 ) -> 0.0035501125 | AT91: =AT90*EXP(-AP90*D90*60) -> 0.026699263 | AU91: =2*((((AU90/2)*EXP(-AP90*D90*60))^2+(AT90*EXP(-AP90*D90*60)*D90*60*AO90*AP90/AN90)^2)^0.5) -> 0.0033293576 | AZ91: =IF((273+C91)>=600, 0.00074*EXP(-6613/(1.987*(273+C91)))*128000000000000000*EXP(1174/(1.987*(273+C91))), 0.000304*EXP(-5580/(1.987*(273+C91)))*199000000000000000*EXP(680/(1.987*(273+C91)))) -> 7.437845e+10 | BA91: =AZ91 * 1.17*EXP(-57/(1.987*(273+C91))) -> 8.0496818e+10
B92: 45342.493 | C92: 95 | D92: =I92/60 -> 120 | E92: Lambda Fit | F92: 0.706 | G92: 0 | H92: 0.0843 | I92: 7200 | J92: 7329.596 | K92: =(B92-B91)*24*3600 -> 8760 | L92: =K92-I92 -> 1560 | N92: 0.0063185841 | O92: 0.026470588 | Q92: 0.0044609204 | R92: 6.8240063e-05 | S92: 0.0022314706 | T92: 8.7474978e-06 | AE92: =SUM(AV$5:$AV92) -> 10.090746 | AF92: {=2*SQRT(SUM((AW$5:$AW92/2)^2))} -> 0.060465989 | AG92: =AG91+Q92 -> 10.053633 | AH92: {=2*SQRT(SUM((R$5:$R92/2)^2))} -> 0.047653311 | AI92: =AI91+S92 -> 5.319743 | AJ92: {=2*SQRT(SUM((T$5:$T92/2)^2))} -> 0.0079960902 | AL92: ='Fit Lambdas'!$U$2*(10000/(C92+273))+'Fit Lambdas'!$V$2 -> 25.272916 | AM92: ='Fit Lambdas'!$V$4 -> 0.067480704 | AN92: =EXP(AL92) -> 9.4599281e+10 | AO92: =AM92*AN92 -> 6.3836261e+09 | AP92: =AN92*(C92+273)*$C$145*$E$144 -> 3.317379e-05 | AQ92: =(C92+273)*$C$145*$E$144 -> 3.5067698e-16 | AR92: =Q92/(1-EXP(-D92*60*AP92)) -> 0.020995727 | AS92: =2*SQRT( ((R92/2) * (1 / (1 - EXP(-D92 * 60 * AN92 * AQ92))))^2 + (AO92 * (-Q92 * 60 * D92 * AQ92 * EXP(-D92 * 60 * AN92 * AQ92) / (1 - EXP(-D92 * 60 * AN92 * AQ92))^2))^2 ) -> 0.0025291417 | AT92: =AT91*EXP(-AP91*D91*60) -> 0.021026523 | AU92: =2*((((AU91/2)*EXP(-AP91*D91*60))^2+(AT91*EXP(-AP91*D91*60)*D91*60*AO91*AP91/AN91)^2)^0.5) -> 0.0027081683 | AZ92: =IF((273+C92)>=600, 0.00074*EXP(-6613/(1.987*(273+C92)))*128000000000000000*EXP(1174/(1.987*(273+C92))), 0.000304*EXP(-5580/(1.987*(273+C92)))*199000000000000000*EXP(680/(1.987*(273+C92)))) -> 7.437845e+10 | BA92: =AZ92 * 1.17*EXP(-57/(1.987*(273+C92))) -> 8.0496818e+10
B93: 45342.786 | C93: 235 | D93: =I93/60 -> 370 | E93: Experimental Step | F93: 34.7 | G93: 0 | H93: 5.73 | I93: 22200 | J93: 22330.107 | K93: =(B93-B92)*24*3600 -> 25320 | L93: =K93-I93 -> 3120 | N93: 0.006338194 | O93: 0.026470588 | Q93: 0.21993533 | R93: 0.0034226912 | S93: 0.15167647 | T93: 0.00059458081 | V93: =(1000*S93/Q93)/$AE$140 -> 0.68294913 | X93: =S93-AVERAGE(S94:S96) -> 0.14735294 | Y93: =T93+AVERAGE(S94:S96) -> 0.0049181102 | AA93: =(X93*1000)/Q93 -> 669.98303 | AB93: =2*((1000*Y93/(2*Q93))^2+((R93/2)*1000*X93/(Q93^2))^2)^0.5 -> 24.672919 | AC93: =AA93/$AE$140 -> 0.6634817 | AD93: =2*(($AF$140*AA93/(2*$AE$140^2))^2+(AB93/($AE$140*2))^2)^0.5 -> 0.025417049 | AE93: =SUM(AV$5:$AV93) -> 10.321459 | AF93: {=2*SQRT(SUM((AW$5:$AW93/2)^2))} -> 0.060691785 | AG93: =AG92+Q93 -> 10.273568 | AH93: {=2*SQRT(SUM((R$5:$R93/2)^2))} -> 0.04777607 | AI93: =AI92+S93 -> 5.4714195 | AJ93: {=2*SQRT(SUM((T$5:$T93/2)^2))} -> 0.0080181659 | AQ93: =(C93+273)*$C$145*$E$144 -> 4.840867e-16 | AT93: =AT92*EXP(-AP92*D92*60) -> 0.01655906 | AU93: =2*((((AU92/2)*EXP(-AP92*D92*60))^2+(AT92*EXP(-AP92*D92*60)*D92*60*AO92*AP92/AN92)^2)^0.5) -> 0.0021985539 | AV93: =Q93+AT94-AT93 -> 0.23071286 | AW93: =2*(((AU93/2)^2+(AU94/2)^2+(R93/2)^2)^(0.5)) -> 0.0052303781 | AX93: =100*(AV93-Q93)/Q93 -> 4.9003178 | AZ93: =IF((273+C93)>=600, 0.00074*EXP(-6613/(1.987*(273+C93)))*128000000000000000*EXP(1174/(1.987*(273+C93))), 0.000304*EXP(-5580/(1.987*(273+C93)))*199000000000000000*EXP(680/(1.987*(273+C93)))) -> 4.7151191e+11 | BA93: =AZ93 * 1.17*EXP(-57/(1.987*(273+C93))) -> 5.2137977e+11 | BB93: =Q93*BD93 -> 0.047779571 | BC93: =AQ93*BA93*I93 -> 5.6031249 | BD93: =1/(BC93-1) -> 0.21724373 | BE93: =BG93*S93 -> 0.037292522 | BF93: =AQ93*AZ93*I93 -> 5.0672087 | BG93: =1/(BF93-1) -> 0.24586887 | BH93: =Q93-BB89 -> 0.15080182 | BI93: =Q93+BB93 -> 0.2677149 | BJ93: =X93-BE89 -> 0.094415416 | BK93: =X93+BE93 -> 0.18464546 | BL93: =BF93*1.29 -> 6.5366993 | BM93: =Q93 / (BL93-1) -> 0.039723186 | BN93: =(1000*(S93+BE93)/(Q93+BM93))/$AE$140 -> 0.72069767 | BO93: =(1000*(S93-BE89)/(Q93-BM89))/$AE$140 -> 0.6012947 | BP93: =(1000*(S93+BE93-BE89)/(Q93+BM93-BM89))/$AE$140 -> 0.6657668 | BQ93: =MIN(BN93:BP93) -> 0.6012947 | BR93: =((1000*S93/Q93))/$AE$140 -> 0.68294913 | BS93: =MAX(BN93:BP93) -> 0.72069767
B94: 45342.908 | C94: 90 | D94: =I94/60 -> 150 | E94: Permeation Step; Lambda Fit | F94: 0.929 | G94: 0 | H94: 0.153 | I94: 9000 | J94: 9125.866 | K94: =(B94-B93)*24*3600 -> 10560 | L94: =K94-I94 -> 1560 | N94: 0.0063493733 | O94: 0.026470588 | Q94: 0.0058985678 | R94: 9.3129349e-05 | S94: 0.00405 | T94: 1.5876242e-05 | AE94: =SUM(AV$5:$AV94) -> 10.321459 | AF94: {=2*SQRT(SUM((AW$5:$AW94/2)^2))} -> 0.060691785 | AG94: =AG93+Q94 -> 10.279467 | AH94: {=2*SQRT(SUM((R$5:$R94/2)^2))} -> 0.047776161 | AI94: =AI93+S94 -> 5.4754695 | AJ94: {=2*SQRT(SUM((T$5:$T94/2)^2))} -> 0.0080181817 | AL94: ='Fit Lambdas'!$U$2*(10000/(C94+273))+'Fit Lambdas'!$V$2 -> 25.08092 | AM94: ='Fit Lambdas'!$V$4 -> 0.067480704 | AN94: =EXP(AL94) -> 7.8073733e+10 | AO94: =AM94*AN94 -> 5.2684704e+09 | AP94: =AN94*(C94+273)*$C$145*$E$144 -> 2.7006668e-05 | AQ94: =(C94+273)*$C$145*$E$144 -> 3.4591235e-16 | AR94: =Q94/(1-EXP(-D94*60*AP94)) -> 0.02733659 | AS94: =2*SQRT( ((R94/2) * (1 / (1 - EXP(-D94 * 60 * AN94 * AQ94))))^2 + (AO94 * (-Q94 * 60 * D94 * AQ94 * EXP(-D94 * 60 * AN94 * AQ94) / (1 - EXP(-D94 * 60 * AN94 * AQ94))^2))^2 ) -> 0.0032876133 | AT94: {=AR94:AS94} -> 0.02733659 | AU94: 0.0032876133 | AZ94: =IF((273+C94)>=600, 0.00074*EXP(-6613/(1.987*(273+C94)))*128000000000000000*EXP(1174/(1.987*(273+C94))), 0.000304*EXP(-5580/(1.987*(273+C94)))*199000000000000000*EXP(680/(1.987*(273+C94)))) -> 6.7820444e+10 | BA94: =AZ94 * 1.17*EXP(-57/(1.987*(273+C94))) -> 7.3320582e+10
B95: 45343.031 | C95: 89.9 | D95: =I95/60 -> 150 | E95: Lambda Fit | F95: 0.758 | G95: 0 | H95: 0.171 | I95: 9000 | J95: 9124.663 | K95: =(B95-B94)*24*3600 -> 10560 | L95: =K95-I95 -> 1560 | N95: 0.0063480314 | O95: 0.026470588 | Q95: 0.0048118078 | R95: 7.737588e-05 | S95: 0.0045264706 | T95: 1.7744035e-05 | AE95: =SUM(AV$5:$AV95) -> 10.321459 | AF95: {=2*SQRT(SUM((AW$5:$AW95/2)^2))} -> 0.060691785 | AG95: =AG94+Q95 -> 10.284278 | AH95: {=2*SQRT(SUM((R$5:$R95/2)^2))} -> 0.047776224 | AI95: =AI94+S95 -> 5.479996 | AJ95: {=2*SQRT(SUM((T$5:$T95/2)^2))} -> 0.0080182013 | AL95: ='Fit Lambdas'!$U$2*(10000/(C95+273))+'Fit Lambdas'!$V$2 -> 25.077026 | AM95: ='Fit Lambdas'!$V$4 -> 0.067480704 | AN95: =EXP(AL95) -> 7.7770313e+10 | AO95: =AM95*AN95 -> 5.2479955e+09 | AP95: =AN95*(C95+273)*$C$145*$E$144 -> 2.6894301e-05 | AQ95: =(C95+273)*$C$145*$E$144 -> 3.4581706e-16 | AR95: =Q95/(1-EXP(-D95*60*AP95)) -> 0.022382369 | AS95: =2*SQRT( ((R95/2) * (1 / (1 - EXP(-D95 * 60 * AN95 * AQ95))))^2 + (AO95 * (-Q95 * 60 * D95 * AQ95 * EXP(-D95 * 60 * AN95 * AQ95) / (1 - EXP(-D95 * 60 * AN95 * AQ95))^2))^2 ) -> 0.0026940551 | AT95: =AT94*EXP(-AP94*D94*60) -> 0.021438022 | AU95: =2*((((AU94/2)*EXP(-AP94*D94*60))^2+(AT94*EXP(-AP94*D94*60)*D94*60*AO94*AP94/AN94)^2)^0.5) -> 0.0026724163 | AZ95: =IF((273+C95)>=600, 0.00074*EXP(-6613/(1.987*(273+C95)))*128000000000000000*EXP(1174/(1.987*(273+C95))), 0.000304*EXP(-5580/(1.987*(273+C95)))*199000000000000000*EXP(680/(1.987*(273+C95)))) -> 6.7693603e+10 | BA95: =AZ95 * 1.17*EXP(-57/(1.987*(273+C95))) -> 7.3181861e+10
B96: 45343.153 | C96: 90 | D96: =I96/60 -> 150 | E96: Lambda Fit | F96: 0.574 | G96: 0 | H96: 0.166 | I96: 9000 | J96: 9128.674 | K96: =(B96-B95)*24*3600 -> 10560 | L96: =K96-I96 -> 1560 | N96: 0.0063333021 | O96: 0.026470588 | Q96: 0.0036353154 | R96: 5.9447831e-05 | S96: 0.0043941176 | T96: 1.7225203e-05 | AE96: =SUM(AV$5:$AV96) -> 10.321459 | AF96: {=2*SQRT(SUM((AW$5:$AW96/2)^2))} -> 0.060691785 | AG96: =AG95+Q96 -> 10.287914 | AH96: {=2*SQRT(SUM((R$5:$R96/2)^2))} -> 0.047776261 | AI96: =AI95+S96 -> 5.4843901 | AJ96: {=2*SQRT(SUM((T$5:$T96/2)^2))} -> 0.0080182198 | AL96: ='Fit Lambdas'!$U$2*(10000/(C96+273))+'Fit Lambdas'!$V$2 -> 25.08092 | AM96: ='Fit Lambdas'!$V$4 -> 0.067480704 | AN96: =EXP(AL96) -> 7.8073733e+10 | AO96: =AM96*AN96 -> 5.2684704e+09 | AP96: =AN96*(C96+273)*$C$145*$E$144 -> 2.7006668e-05 | AQ96: =(C96+273)*$C$145*$E$144 -> 3.4591235e-16 | AR96: =Q96/(1-EXP(-D96*60*AP96)) -> 0.016847671 | AS96: =2*SQRT( ((R96/2) * (1 / (1 - EXP(-D96 * 60 * AN96 * AQ96))))^2 + (AO96 * (-Q96 * 60 * D96 * AQ96 * EXP(-D96 * 60 * AN96 * AQ96) / (1 - EXP(-D96 * 60 * AN96 * AQ96))^2))^2 ) -> 0.002027442 | AT96: =AT95*EXP(-AP95*D95*60) -> 0.016829232 | AU96: =2*((((AU95/2)*EXP(-AP95*D95*60))^2+(AT95*EXP(-AP95*D95*60)*D95*60*AO95*AP95/AN95)^2)^0.5) -> 0.0021687331 | AZ96: =IF((273+C96)>=600, 0.00074*EXP(-6613/(1.987*(273+C96)))*128000000000000000*EXP(1174/(1.987*(273+C96))), 0.000304*EXP(-5580/(1.987*(273+C96)))*199000000000000000*EXP(680/(1.987*(273+C96)))) -> 6.7820444e+10 | BA96: =AZ96 * 1.17*EXP(-57/(1.987*(273+C96))) -> 7.3320582e+10
B97: 45343.463 | C97: 230 | D97: =I97/60 -> 420 | E97: Experimental Step | F97: 22.2 | G97: 0 | H97: 3.75 | I97: 25200 | J97: 25328.05 | K97: =(B97-B96)*24*3600 -> 26760 | L97: =K97-I97 -> 1560 | N97: 0.0063074205 | O97: 0.026434529 | Q97: 0.14002473 | R97: 0.0025534282 | S97: 0.099129484 | T97: 0.00039693517 | V97: =(1000*S97/Q97)/$AE$140 -> 0.70107299 | X97: =S97-AVERAGE(S98:S100) -> 0.094532397 | Y97: =T97+AVERAGE(S98:S100) -> 0.0049940228 | AA97: =(X97*1000)/Q97 -> 675.11213 | AB97: =2*((1000*Y97/(2*Q97))^2+((R97/2)*1000*X97/(Q97^2))^2)^0.5 -> 37.730288 | AC97: =AA97/$AE$140 -> 0.66856103 | AD97: =2*(($AF$140*AA97/(2*$AE$140^2))^2+(AB97/($AE$140*2))^2)^0.5 -> 0.038024529 | AE97: =SUM(AV$5:$AV97) -> 10.473787 | AF97: {=2*SQRT(SUM((AW$5:$AW97/2)^2))} -> 0.060823507 | AG97: =AG96+Q97 -> 10.427938 | AH97: {=2*SQRT(SUM((R$5:$R97/2)^2))} -> 0.047844447 | AI97: =AI96+S97 -> 5.5835196 | AJ97: {=2*SQRT(SUM((T$5:$T97/2)^2))} -> 0.0080280388 | AQ97: =(C97+273)*$C$145*$E$144 -> 4.7932207e-16 | AT97: =AT96*EXP(-AP96*D96*60) -> 0.013197895 | AU97: =2*((((AU96/2)*EXP(-AP96*D96*60))^2+(AT96*EXP(-AP96*D96*60)*D96*60*AO96*AP96/AN96)^2)^0.5) -> 0.0017550122 | AV97: =Q97+AT98-AT97 -> 0.15232777 | AW97: =2*(((AU97/2)^2+(AU98/2)^2+(R97/2)^2)^(0.5)) -> 0.0040007781 | AX97: =100*(AV97-Q97)/Q97 -> 8.7863289 | AZ97: =IF((273+C97)>=600, 0.00074*EXP(-6613/(1.987*(273+C97)))*128000000000000000*EXP(1174/(1.987*(273+C97))), 0.000304*EXP(-5580/(1.987*(273+C97)))*199000000000000000*EXP(680/(1.987*(273+C97)))) -> 4.4929963e+11 | BA97: =AZ97 * 1.17*EXP(-57/(1.987*(273+C97))) -> 4.9653949e+11 | BB97: =Q97*BD97 -> 0.028018066 | BC97: =AQ97*BA97*I97 -> 5.9976588 | BD97: =1/(BC97-1) -> 0.20009369 | BE97: =BG97*S97 -> 0.022391757 | BF97: =AQ97*AZ97*I97 -> 5.4270526 | BG97: =1/(BF97-1) -> 0.22588392 | BH97: =Q97-BB93 -> 0.092245164 | BI97: =Q97+BB97 -> 0.1680428 | BJ97: =X97-BE93 -> 0.057239875 | BK97: =X97+BE97 -> 0.11692415 | BL97: =BF97*1.29 -> 7.0008979 | BM97: =Q97 / (BL97-1) -> 0.023333964 | BN97: =(1000*(S97+BE97)/(Q97+BM97))/$AE$140 -> 0.73667355 | BO97: =(1000*(S97-BE93)/(Q97-BM93))/$AE$140 -> 0.6105281 | BP97: =(1000*(S97+BE97-BE93)/(Q97+BM97-BM93))/$AE$140 -> 0.67465557 | BQ97: =MIN(BN97:BP97) -> 0.6105281 | BR97: =((1000*S97/Q97))/$AE$140 -> 0.70107299 | BS97: =MAX(BN97:BP97) -> 0.73667355
B98: 45343.631 | C98: 85 | D98: =I98/60 -> 180 | F98: 0.846 | G98: 0 | H98: 0.154 | I98: 10800 | J98: 10926.12 | K98: =(B98-B97)*24*3600 -> 14580 | L98: =K98-I98 -> 3780 | N98: 0.0063074205 | O98: 0.026465618 | Q98: 0.0053360777 | R98: 9.3714692e-05 | S98: 0.0040757051 | T98: 1.8190984e-05 | AE98: =SUM(AV$5:$AV98) -> 10.473787 | AF98: {=2*SQRT(SUM((AW$5:$AW98/2)^2))} -> 0.060823507 | AG98: =AG97+Q98 -> 10.433274 | AH98: {=2*SQRT(SUM((R$5:$R98/2)^2))} -> 0.047844538 | AI98: =AI97+S98 -> 5.5875953 | AJ98: {=2*SQRT(SUM((T$5:$T98/2)^2))} -> 0.0080280594 | AL98: ='Fit Lambdas'!$U$2*(10000/(C98+273))+'Fit Lambdas'!$V$2 -> 24.88356 | AM98: ='Fit Lambdas'!$V$4 -> 0.067480704 | AN98: =EXP(AL98) -> 6.4090391e+10 | AO98: =AM98*AN98 -> 4.3248647e+09 | AP98: =AN98*(C98+273)*$C$145*$E$144 -> 2.186429e-05 | AQ98: =(C98+273)*$C$145*$E$144 -> 3.4114772e-16 | AR98: =Q98/(1-EXP(-D98*60*AP98)) -> 0.02537058 | AS98: =2*SQRT( ((R98/2) * (1 / (1 - EXP(-D98 * 60 * AN98 * AQ98))))^2 + (AO98 * (-Q98 * 60 * D98 * AQ98 * EXP(-D98 * 60 * AN98 * AQ98) / (1 - EXP(-D98 * 60 * AN98 * AQ98))^2))^2 ) -> 0.0030682025 | AT98: =AT99+Q98 -> 0.025500929 | AU98: =AU99+R98 -> 0.0025310396 | AZ98: =IF((273+C98)>=600, 0.00074*EXP(-6613/(1.987*(273+C98)))*128000000000000000*EXP(1174/(1.987*(273+C98))), 0.000304*EXP(-5580/(1.987*(273+C98)))*199000000000000000*EXP(680/(1.987*(273+C98)))) -> 6.1681425e+10 | BA98: =AZ98 * 1.17*EXP(-57/(1.987*(273+C98))) -> 6.6610139e+10
B99: 45343.776 | C99: 84.98 | D99: =I99/60 -> 180 | E99: Informed Bracket | F99: 0.673 | G99: 0 | H99: 0.191 | I99: 10800 | J99: 10926.254 | K99: =(B99-B98)*24*3600 -> 12480 | L99: =K99-I99 -> 1680 | N99: 0.0062971199 | O99: 0.026470588 | Q99: 0.0042379617 | R99: 7.2119872e-05 | S99: 0.0050558824 | T99: 2.7348176e-05 | AE99: =SUM(AV$5:$AV99) -> 10.473787 | AF99: {=2*SQRT(SUM((AW$5:$AW99/2)^2))} -> 0.060823507 | AG99: =AG98+Q99 -> 10.437512 | AH99: {=2*SQRT(SUM((R$5:$R99/2)^2))} -> 0.047844593 | AI99: =AI98+S99 -> 5.5926512 | AJ99: {=2*SQRT(SUM((T$5:$T99/2)^2))} -> 0.0080281059 | AL99: ='Fit Lambdas'!$U$2*(10000/(C99+273))+'Fit Lambdas'!$V$2 -> 24.88276 | AM99: ='Fit Lambdas'!$V$4 -> 0.067480704 | AN99: =EXP(AL99) -> 6.4039106e+10 | AO99: =AM99*AN99 -> 4.321404e+09 | AP99: =AN99*(C99+273)*$C$145*$E$144 -> 2.1845574e-05 | AQ99: =(C99+273)*$C$145*$E$144 -> 3.4112866e-16 | AR99: =Q99/(1-EXP(-D99*60*AP99)) -> 0.020164851 | AS99: =2*SQRT( ((R99/2) * (1 / (1 - EXP(-D99 * 60 * AN99 * AQ99))))^2 + (AO99 * (-Q99 * 60 * D99 * AQ99 * EXP(-D99 * 60 * AN99 * AQ99) / (1 - EXP(-D99 * 60 * AN99 * AQ99))^2))^2 ) -> 0.0024373249 | AT99: {=AR99:AS99} -> 0.020164851 | AU99: 0.0024373249 | AZ99: =IF((273+C99)>=600, 0.00074*EXP(-6613/(1.987*(273+C99)))*128000000000000000*EXP(1174/(1.987*(273+C99))), 0.000304*EXP(-5580/(1.987*(273+C99)))*199000000000000000*EXP(680/(1.987*(273+C99)))) -> 6.1657692e+10 | BA99: =AZ99 * 1.17*EXP(-57/(1.987*(273+C99))) -> 6.6584211e+10
B100: 45343.918 | C100: 85 | D100: =I100/60 -> 180 | F100: 0.625 | G100: 0 | H100: 0.176 | I100: 10800 | J100: 10920.386 | K100: =(B100-B99)*24*3600 -> 12300 | L100: =K100-I100 -> 1500 | N100: 0.0062936847 | O100: 0.026475428 | Q100: 0.0039335529 | R100: 6.6271278e-05 | S100: 0.0046596753 | T100: 2.7367391e-05 | AE100: =SUM(AV$5:$AV100) -> 10.473787 | AF100: {=2*SQRT(SUM((AW$5:$AW100/2)^2))} -> 0.060823507 | AG100: =AG99+Q100 -> 10.441446 | AH100: {=2*SQRT(SUM((R$5:$R100/2)^2))} -> 0.047844639 | AI100: =AI99+S100 -> 5.5973108 | AJ100: {=2*SQRT(SUM((T$5:$T100/2)^2))} -> 0.0080281526 | AL100: ='Fit Lambdas'!$U$2*(10000/(C100+273))+'Fit Lambdas'!$V$2 -> 24.88356 | AM100: ='Fit Lambdas'!$V$4 -> 0.067480704 | AN100: =EXP(AL100) -> 6.4090391e+10 | AO100: =AM100*AN100 -> 4.3248647e+09 | AP100: =AN100*(C100+273)*$C$145*$E$144 -> 2.186429e-05 | AQ100: =(C100+273)*$C$145*$E$144 -> 3.4114772e-16 | AR100: =Q100/(1-EXP(-D100*60*AP100)) -> 0.018702224 | AS100: =2*SQRT( ((R100/2) * (1 / (1 - EXP(-D100 * 60 * AN100 * AQ100))))^2 + (AO100 * (-Q100 * 60 * D100 * AQ100 * EXP(-D100 * 60 * AN100 * AQ100) / (1 - EXP(-D100 * 60 * AN100 * AQ100))^2))^2 ) -> 0.0022598592 | AT100: =AT99*EXP(-AP99*D99*60) -> 0.015926889 | AU100: =2*((((AU99/2)*EXP(-AP99*D99*60))^2+(AT99*EXP(-AP99*D99*60)*D99*60*AO99*AP99/AN99)^2)^0.5) -> 0.0019907622 | AZ100: =IF((273+C100)>=600, 0.00074*EXP(-6613/(1.987*(273+C100)))*128000000000000000*EXP(1174/(1.987*(273+C100))), 0.000304*EXP(-5580/(1.987*(273+C100)))*199000000000000000*EXP(680/(1.987*(273+C100)))) -> 6.1681425e+10 | BA100: =AZ100 * 1.17*EXP(-57/(1.987*(273+C100))) -> 6.6610139e+10
...

Sheet diffusivitiesHTWin0601bM
A1: 3He | G1: Cum 3He | H1: Fi | I1: FiUB | K1: D<10% | L1: D<90% | M1: D>90% | N1: D/a^2 | O1: 10000/TK | P1: ln(d/a^2) | Q1: Log(D/a2) | R1: Regression Reference ln(D/a2) | S1: Delta Regression | U1: Derivatives for Error Propagation (signs don't matter, terms are squared) | AH1: Linear Regression
K2: EQ1 | L2: EQ2 | M2: EQ3 | U2: dEQ1/dF | V2: dEQ2/dF | W2: dEQ3/dF | AH2: {=LINEST(P27:P37,O27:O37,TRUE,TRUE)} -> -1.8744688 | AI2: 15.914615
A3: Step | B3: Temp © | C3: Minutes | D3: 3He Measured (pccSTP) | E3: ntUB 3He (pccSTP) | F3: Seconds | H3: 0 | I3: 0 | U3: 0 | V3: 0 | W3: 0 | AH3: 0.026218098 | AI3: 0.51086762
A4: 1 | B4: 170 | C4: 300 | D4: {=DistilledBoundingMethod!D2:D35} -> 0.96295642 | F4: =60*C4 -> 18000 | G4: {=DistilledBoundingMethod!E2:E35} -> 1.0799346 | H4: =(G4)/$G$38 -> 0.0073901425 | I4: =((E4+G4)/$G$38) -> 0.0073901425 | K4: =((H4^2-H3^2)*PI())/(36*F4) -> 2.6477714e-10 | L4: =(1/(PI()*PI()*F4))*(-(H4-H3)*PI()*PI()/3-2*PI()*(SQRT(1-PI()/3*H4)-SQRT(1-PI()/3*H3))) -> 2.6580667e-10 | M4: =(1/(PI()^2*F4))*LN((1-H3)/(1-H4)) -> 4.1753249e-08 | N4: =(I4<0.05)*K4+((I4>=0.05)*(I4<0.9))*L4+(I4>=0.9)*M4 -> 2.6477714e-10 | O4: =10000/(273+B4) -> 22.573363 | P4: =LN(N4) -> -22.052133 | Q4: =LOG10(N4) -> -9.5771195 | R4: =$AI$2+$AH$2*O4 -> -26.398449 | S4: =P4-R4 -> 4.3463165 | U4: =(I4 * PI()) / (18 * F4) -> 7.1656844e-08 | V4: =(1 / (PI()^2 * F4)) * (PI()^2 / 3 - PI()^2 / (3 * SQRT(1 - (PI() / 3) * I4))) -> -7.2075455e-08 | W4: =(-1) / (PI()^2 * F4 * (1 - I4)) -> -5.6708631e-06 | AH4: 0.99824238 | AI4: 0.0295678
A5: 2 | B5: 180 | C5: 463 | D5: 0.54418415 | F5: =60*C5 -> 27780 | G5: 1.6820294 | H5: =(G5)/$G$38 -> 0.01151036 | I5: =((E5+G5)/$G$38) -> 0.01151036 | K5: =((H5^2-H4^2)*PI())/(36*F5) -> 2.446294e-10 | L5: =(1/(PI()*PI()*F5))*(-(H5-H4)*PI()*PI()/3-2*PI()*(SQRT(1-PI()/3*H5)-SQRT(1-PI()/3*H4))) -> 2.4648968e-10 | M5: =(1/(PI()^2*F5))*LN((1-H4)/(1-H5)) -> 1.5170941e-08 | N5: =(I5<0.05)*K5+((I5>=0.05)*(I5<0.9))*L5+(I5>=0.9)*M5 -> 2.446294e-10 | O5: =10000/(273+B5) -> 22.075055 | P5: =LN(N5) -> -22.131277 | Q5: =LOG10(N5) -> -9.6114913 | R5: =$AI$2+$AH$2*O5 -> -25.464386 | S5: =P5-R5 -> 3.3331092 | U5: =(I5 * PI()) / (18 * F5) -> 7.2315941e-08 | V5: =(1 / (PI()^2 * F5)) * (PI()^2 / 3 - PI()^2 / (3 * SQRT(1 - (PI() / 3) * I5))) -> -7.2976329e-08 | W5: =(-1) / (PI()^2 * F5 * (1 - I5)) -> -3.6897411e-06 | AH5: 5111.5667 | AI5: 9
A6: 3 | B6: 190 | C6: 550 | D6: 0.52920164 | E6: {=DistilledBoundingMethod!F4:F35} -> 0.14264191 | F6: =60*C6 -> 33000 | G6: 2.2456606 | H6: =(G6)/$G$38 -> 0.015367367 | I6: =((E6+G6)/$G$38) -> 0.016343485 | K6: =((H6^2-H5^2)*PI())/(36*F6) -> 2.7414249e-10 | L6: =(1/(PI()*PI()*F6))*(-(H6-H5)*PI()*PI()/3-2*PI()*(SQRT(1-PI()/3*H6)-SQRT(1-PI()/3*H5))) -> 2.7709096e-10 | M6: =(1/(PI()^2*F6))*LN((1-H5)/(1-H6)) -> 1.2003648e-08 | N6: =(I6<0.05)*K6+((I6>=0.05)*(I6<0.9))*L6+(I6>=0.9)*M6 -> 2.7414249e-10 | O6: =10000/(273+B6) -> 21.598272 | P6: =LN(N6) -> -22.017373 | Q6: =LOG10(N6) -> -9.5620236 | R6: =$AI$2+$AH$2*O6 -> -24.570671 | S6: =P6-R6 -> 2.5532979 | U6: =(I6 * PI()) / (18 * F6) -> 8.6438675e-08 | V6: =(1 / (PI()^2 * F6)) * (PI()^2 / 3 - PI()^2 / (3 * SQRT(1 - (PI() / 3) * I6))) -> -8.756428e-08 | W6: =(-1) / (PI()^2 * F6 * (1 - I6)) -> -3.1213527e-06 | AH6: 4.4688117 | AI6: 0.0078682931
A7: 4 | B7: 200 | C7: 500 | D7: 0.51895322 | E7: 0.1329938 | F7: =60*C7 -> 30000 | G7: 2.802824 | H7: =(G7)/$G$38 -> 0.019180113 | I7: =((E7+G7)/$G$38) -> 0.020090208 | K7: =((H7^2-H6^2)*PI())/(36*F7) -> 3.831602e-10 | L7: =(1/(PI()*PI()*F7))*(-(H7-H6)*PI()*PI()/3-2*PI()*(SQRT(1-PI()/3*H7)-SQRT(1-PI()/3*H6))) -> 3.8846015e-10 | M7: =(1/(PI()^2*F7))*LN((1-H6)/(1-H7)) -> 1.3103427e-08 | N7: =(I7<0.05)*K7+((I7>=0.05)*(I7<0.9))*L7+(I7>=0.9)*M7 -> 3.831602e-10 | O7: =10000/(273+B7) -> 21.141649 | P7: =LN(N7) -> -21.682568 | Q7: =LOG10(N7) -> -9.4166196 | R7: =$AI$2+$AH$2*O7 -> -23.714745 | S7: =P7-R7 -> 2.0321773 | U7: =(I7 * PI()) / (18 * F7) -> 1.1688009e-07 | V7: =(1 / (PI()^2 * F7)) * (PI()^2 / 3 - PI()^2 / (3 * SQRT(1 - (PI() / 3) * I7))) -> -1.1875726e-07 | W7: =(-1) / (PI()^2 * F7 * (1 - I7)) -> -3.446616e-06
A8: 5 | B8: 210 | C8: 475 | D8: 0.57702821 | E8: 0.13406376 | F8: =60*C8 -> 28500 | G8: 3.4217968 | H8: =(G8)/$G$38 -> 0.02341583 | I8: =((E8+G8)/$G$38) -> 0.024333247 | K8: =((H8^2-H7^2)*PI())/(36*F8) -> 5.5245593e-10 | L8: =(1/(PI()*PI()*F8))*(-(H8-H7)*PI()*PI()/3-2*PI()*(SQRT(1-PI()/3*H8)-SQRT(1-PI()/3*H7))) -> 5.6190448e-10 | M8: =(1/(PI()^2*F8))*LN((1-H7)/(1-H8)) -> 1.5386239e-08 | N8: =(I8<0.05)*K8+((I8>=0.05)*(I8<0.9))*L8+(I8>=0.9)*M8 -> 5.5245593e-10 | O8: =10000/(273+B8) -> 20.703934 | P8: =LN(N8) -> -21.316647 | Q8: =LOG10(N8) -> -9.2577024 | R8: =$AI$2+$AH$2*O8 -> -22.894262 | S8: =P8-R8 -> 1.5776142 | U8: =(I8 * PI()) / (18 * F8) -> 1.4901588e-07 | V8: =(1 / (PI()^2 * F8)) * (PI()^2 / 3 - PI()^2 / (3 * SQRT(1 - (PI() / 3) * I8))) -> -1.5192562e-07 | W8: =(-1) / (PI()^2 * F8 * (1 - I8)) -> -3.6437946e-06
A9: 6 | B9: 220 | C9: 450 | D9: 0.63333256 | E9: 0.13488029 | F9: =60*C9 -> 27000 | G9: 4.0986663 | H9: =(G9)/$G$38 -> 0.028047742 | I9: =((E9+G9)/$G$38) -> 0.028970746 | K9: =((H9^2-H8^2)*PI())/(36*F9) -> 7.7044887e-10 | L9: =(1/(PI()*PI()*F9))*(-(H9-H8)*PI()*PI()/3-2*PI()*(SQRT(1-PI()/3*H9)-SQRT(1-PI()/3*H8))) -> 7.8642251e-10 | M9: =(1/(PI()^2*F9))*LN((1-H8)/(1-H9)) -> 1.7840995e-08 | N9: =(I9<0.05)*K9+((I9>=0.05)*(I9<0.9))*L9+(I9>=0.9)*M9 -> 7.7044887e-10 | O9: =10000/(273+B9) -> 20.283976 | P9: =LN(N9) -> -20.984048 | Q9: =LOG10(N9) -> -9.1132562 | R9: =$AI$2+$AH$2*O9 -> -22.107063 | S9: =P9-R9 -> 1.1230155 | U9: =(I9 * PI()) / (18 * F9) -> 1.8727219e-07 | V9: =(1 / (PI()^2 * F9)) * (PI()^2 / 3 - PI()^2 / (3 * SQRT(1 - (PI() / 3) * I9))) -> -1.9164397e-07 | W9: =(-1) / (PI()^2 * F9 * (1 - I9)) -> -3.8645967e-06
A10: 7 | B10: 230 | C10: 425 | D10: 0.78987805 | E10: 0.15582339 | F10: =60*C10 -> 25500 | G10: 4.9329187 | H10: =(G10)/$G$38 -> 0.033756646 | I10: =((E10+G10)/$G$38) -> 0.034822967 | K10: =((H10^2-H9^2)*PI())/(36*F10) -> 1.2074782e-09 | L10: =(1/(PI()*PI()*F10))*(-(H10-H9)*PI()*PI()/3-2*PI()*(SQRT(1-PI()/3*H10)-SQRT(1-PI()/3*H9))) -> 1.2376882e-09 | M10: =(1/(PI()^2*F10))*LN((1-H9)/(1-H10)) -> 2.3407041e-08 | N10: =(I10<0.05)*K10+((I10>=0.05)*(I10<0.9))*L10+(I10>=0.9)*M10 -> 1.2074782e-09 | O10: =10000/(273+B10) -> 19.880716 | P10: =LN(N10) -> -20.534732 | Q10: =LOG10(N10) -> -8.9181207 | R10: =$AI$2+$AH$2*O10 -> -21.351165 | S10: =P10-R10 -> 0.81643332 | U10: =(I10 * PI()) / (18 * F10) -> 2.3834331e-07 | V10: =(1 / (PI()^2 * F10)) * (PI()^2 / 3 - PI()^2 / (3 * SQRT(1 - (PI() / 3) * I10))) -> -2.450666e-07 | W10: =(-1) / (PI()^2 * F10 * (1 - I10)) -> -4.1167367e-06
A11: 8 | B11: 225 | C11: 908 | D11: 0.75127118 | E11: 0.06699477 | F11: =60*C11 -> 54480 | G11: 5.7114007 | H11: =(G11)/$G$38 -> 0.039083907 | I11: =((E11+G11)/$G$38) -> 0.039542361 | K11: =((H11^2-H10^2)*PI())/(36*F11) -> 6.2156625e-10 | L11: =(1/(PI()*PI()*F11))*(-(H11-H10)*PI()*PI()/3-2*PI()*(SQRT(1-PI()/3*H11)-SQRT(1-PI()/3*H10))) -> 6.3996534e-10 | M11: =(1/(PI()^2*F11))*LN((1-H10)/(1-H11)) -> 1.0282069e-08 | N11: =(I11<0.05)*K11+((I11>=0.05)*(I11<0.9))*L11+(I11>=0.9)*M11 -> 6.2156625e-10 | O11: =10000/(273+B11) -> 20.080321 | P11: =LN(N11) -> -21.198779 | Q11: =LOG10(N11) -> -9.2065126 | R11: =$AI$2+$AH$2*O11 -> -21.72532 | S11: =P11-R11 -> 0.52654091 | U11: =(I11 * PI()) / (18 * F11) -> 1.2667849e-07 | V11: =(1 / (PI()^2 * F11)) * (PI()^2 / 3 - PI()^2 / (3 * SQRT(1 - (PI() / 3) * I11))) -> -1.3075354e-07 | W11: =(-1) / (PI()^2 * F11 * (1 - I11)) -> -1.9363548e-06
A12: 9 | B12: 215 | C12: 450 | D12: 0.14151282 | E12: 0.032510015 | F12: =60*C12 -> 27000 | G12: 5.8728625 | H12: =(G12)/$G$38 -> 0.040188812 | I12: =((E12+G12)/$G$38) -> 0.040411283 | K12: =((H12^2-H11^2)*PI())/(36*F12) -> 2.8309523e-10 | L12: =(1/(PI()*PI()*F12))*(-(H12-H11)*PI()*PI()/3-2*PI()*(SQRT(1-PI()/3*H12)-SQRT(1-PI()/3*H11))) -> 2.9222504e-10 | M12: =(1/(PI()^2*F12))*LN((1-H11)/(1-H12)) -> 4.3174371e-09 | N12: =(I12<0.05)*K12+((I12>=0.05)*(I12<0.9))*L12+(I12>=0.9)*M12 -> 2.8309523e-10 | O12: =10000/(273+B12) -> 20.491803 | P12: =LN(N12) -> -21.985238 | Q12: =LOG10(N12) -> -9.5480675 | R12: =$AI$2+$AH$2*O12 -> -22.49663 | S12: =P12-R12 -> 0.51139189 | U12: =(I12 * PI()) / (18 * F12) -> 2.612259e-07 | V12: =(1 / (PI()^2 * F12)) * (PI()^2 / 3 - PI()^2 / (3 * SQRT(1 - (PI() / 3) * I12))) -> -2.6982058e-07 | W12: =(-1) / (PI()^2 * F12 * (1 - I12)) -> -3.9106717e-06
A13: 10 | B13: 205 | C13: 520 | D13: 0.076269133 | E13: 0.017161165 | F13: =60*C13 -> 31200 | G13: 5.9575573 | H13: =(G13)/$G$38 -> 0.040768391 | I13: =((E13+G13)/$G$38) -> 0.040885827 | K13: =((H13^2-H12^2)*PI())/(36*F13) -> 1.3123823e-10 | L13: =(1/(PI()*PI()*F13))*(-(H13-H12)*PI()*PI()/3-2*PI()*(SQRT(1-PI()/3*H13)-SQRT(1-PI()/3*H12))) -> 1.3556368e-10 | M13: =(1/(PI()^2*F13))*LN((1-H12)/(1-H13)) -> 1.9615668e-09 | N13: =(I13<0.05)*K13+((I13>=0.05)*(I13<0.9))*L13+(I13>=0.9)*M13 -> 1.3123823e-10 | O13: =10000/(273+B13) -> 20.920502 | P13: =LN(N13) -> -22.754007 | Q13: =LOG10(N13) -> -9.8819396 | R13: =$AI$2+$AH$2*O13 -> -23.300212 | S13: =P13-R13 -> 0.54620533 | U13: =(I13 * PI()) / (18 * F13) -> 2.2871548e-07 | V13: =(1 / (PI()^2 * F13)) * (PI()^2 / 3 - PI()^2 / (3 * SQRT(1 - (PI() / 3) * I13))) -> -2.3633217e-07 | W13: =(-1) / (PI()^2 * F13 * (1 - I13)) -> -3.3859095e-06
A14: 11 | B14: 195 | C14: 1106 | D14: 0.067045156 | E14: 0.0073345908 | F14: =60*C14 -> 66360 | G14: 6.0383537 | H14: =(G14)/$G$38 -> 0.041321292 | I14: =((E14+G14)/$G$38) -> 0.041371483 | K14: =((H14^2-H13^2)*PI())/(36*F14) -> 5.9686635e-11 | L14: =(1/(PI()*PI()*F14))*(-(H14-H13)*PI()*PI()/3-2*PI()*(SQRT(1-PI()/3*H14)-SQRT(1-PI()/3*H13))) -> 6.1682373e-11 | M14: =(1/(PI()^2*F14))*LN((1-H13)/(1-H14)) -> 8.8032517e-10 | N14: =(I14<0.05)*K14+((I14>=0.05)*(I14<0.9))*L14+(I14>=0.9)*M14 -> 5.9686635e-11 | O14: =10000/(273+B14) -> 21.367521 | P14: =LN(N14) -> -23.541913 | Q14: =LOG10(N14) -> -10.224123 | R14: =$AI$2+$AH$2*O14 -> -24.138136 | S14: =P14-R14 -> 0.59622289 | U14: =(I14 * PI()) / (18 * F14) -> 1.0881082e-07 | V14: =(1 / (PI()^2 * F14)) * (PI()^2 / 3 - PI()^2 / (3 * SQRT(1 - (PI() / 3) * I14))) -> -1.124791e-07 | W14: =(-1) / (PI()^2 * F14 * (1 - I14)) -> -1.592735e-06
