Workbook

Sheet Raw Data and Corrections
A1: Raw Data | O1: Abundances, 4He Blank Corrections, Measured 4He/3He | AG1: Permeation Lag Corrected 4He, 3He: Cumulative and Ratios | AZ1: Naïve Permeation Lag Corrections | CA1: Permeation Lag as Uncertainty
A2: HeRefNo | B2: Name | C2: Time (Pump out) | D2: Temperature (C) | E2: Nominal (Heated) Time (Minutes) | F2: Type | G2: 3He cps | H2: 4He Overspray cps | I2: 4He fA | J2: Nominal (Heated) Time (seconds) | K2: Watlow Time (seconds) | L2: Total Time (seconds) | M2: Cooling Time (seconds) | O2: Sensitivity 3He (pccSTP/cps) | P2: Sensitivity 4He (nccSTP/cps) | R2: 3He measured (pccSTP) | S2: 2σ | T2: 4He measured (nccSTP) | U2: 2σ | W2: R/Rbulk no 4He Blank Correction | Y2: 4He Blank Corrected (nccSTP) | Z2: 2σ | AB2: Blank Corrected 4He/3He | AC2: 2σ | AD2: Blank Corrected R/Rbulk | AE2: 2σ | AG2: 3He pccSTP Bracketing Corrected | AH2: 2σ | AI2: 4He nccSTP Bracketing Corrected | AJ2: 2σ | AL2: R 4He/3He | AM2: 2σ | AN2: R/Rbulk | AO2: 2σ | AQ2: 3He Cumulative Naïve Corrected | AR2: 2σ | AS2: 4He Cumulative Naïve Corrected | AT2: 2σ | AU2: 3He Cumulative Measured | AW2: 4He Cumulative Measured | AZ2: 3He ln(K) Apparent Permeability (atoms/(atm*cm*s)) | BA2: 1σ | BB2: 3He K Apparent Permeability (atoms/(atm*cm*s)) | BC2: 1σ | BD2: λ = (KGRT) | BF2: K 4He Swets | BG2: K 3He Jones and Swets | BH2: GRT | BJ2: 3He n0 calc (pccSTP) (m/(1-e^-λt)) | BK2: 2σ | BL2: 3He n0 calc long cool | BM2: 2σ | BN2: 3He n0 (pccSTP) | BO2: 2σ | BP2: 3He Corrected (pccSTP) | BQ2: 2σ | BR2: 3He Correction % | BT2: 4He n0 by ratio (nccSTP) | BU2: 2σ | BV2: 4He n0 (nccSTP)) | BW2: 2σ | BX2: 4He Corrected (nccSTP) | BY2: 2σ | BZ2: 4He Correction % | CA2: 3He ntUB | CB2: lambdat 3He | CC2: ntUB/m | CD2: 4He ntUB | CE2: lambdat 4He | CF2: 4He ntUB/m | CG2: 3He ωLB | CH2: 3He ωUB | CI2: 4He ωLB | CJ2: 4He ωUB | CK2: lambdat 3He maxR | CL2: 3He ntUB (for ratios) | CM2: 4/3 R m | CN2: R nt extreme | CO2: R n0 extreme | CP2: R Both extreme | CQ2: R UB | CR2: R LB | CS2: 26°C Permeability Solution
C3: 45322.724
A4: He30238.txt | B4: IrrWin0601bTube012624: 6305_60.0_21.0 28.45 (Blank) | C4: 45322.783 | D4: 28.45 | E4: =J4/60 -> 60 | F4: Blank | G4: -0.00395 | H4: 0 | I4: 0.0484 | J4: 3600 | K4: 3729.804 | L4: =(C4-C3)*24*3600 -> 5160 | M4: =L4-J4 -> 1560 | O4: 0.0062528858 | P4: 0.025735294 | R4: -2.4698899e-05 | S4: -3.6340364e-07 | T4: 0.0012455882 | U4: 6.2576911e-06 | AZ4: ='Naive Apparent Lambdas'!$U$2*(10000/(D4+273))+'Naive Apparent Lambdas'!$V$2 -> 22.195671 | BA4: ='Naive Apparent Lambdas'!$V$4 -> 0.067480704 | BB4: =EXP(AZ4) -> 4.3597082e+09 | BC4: =BA4*BB4 -> 2.9419618e+08 | BD4: =BB4*(D4+273)*$D$145*$F$144 -> 1.2523685e-06 | BH4: =(D4+273)*$D$145*$F$144 -> 2.8725972e-16
A5: He30241.txt | B5: IrrWin0601bTube012624: 8305_300.0_170.0 170.00 | C5: 45323.01 | D5: 170 | E5: =J5/60 -> 300 | F5: Experimental | G5: 154 | H5: 0 | I5: 0.745 | J5: 18000 | K5: 18061.083 | L5: =(C5-C4)*24*3600 -> 19560 | M5: =L5-J5 -> 1560 | O5: 0.0062529637 | P5: 0.02577444 | R5: 0.96295642 | S5: 0.014075295 | T5: 0.019201958 | U5: 8.1384482e-05 | W5: =(1000*T5/R5)/$AG$140 -> 0.019986198 | Y5: =T5-AVERAGE(T6:T8) -> 0.013769741 | Z5: =U5+AVERAGE(T6:T8) -> 0.0055136015 | AB5: =(Y5*1000)/R5 -> 14.299443 | AC5: =2*((1000*Z5/(2*R5))^2+((S5/2)*1000*Y5/(R5^2))^2)^0.5 -> 5.7295156 | AD5: =AB5/$AG$140 -> 0.01433212 | AE5: =2*(($AH$140*AB5/(2*$AG$140^2))^2+(AC5/($AG$140*2))^2)^0.5 -> 0.005744651 | AG5: {=BP5:BQ5} -> 1.1597312 | AH5: 0.026265117 | AI5: {=BX5:BY5} -> 0.016870654 | AJ5: 0.0056870596 | AL5: =1000*AI5/AG5 -> 14.547038 | AM5: =2*((AH5*1000*AI5/(2*AG5^2))^2+(1000*AJ5/(AG5*2))^2)^0.5 -> 4.9148285 | AN5: =AL5/$AG$140 -> 0.014580281 | AO5: =2*(($AH$140*AL5/(2*$AG$140^2))^2+(AM5/($AG$140*2))^2)^0.5 -> 0.0049285237 | AQ5: =SUM(BP$5:$BP5) -> 1.1597312 | AR5: {=2*SQRT(SUM((BQ$5:$BQ5/2)^2))} -> 0.026265117 | AS5: =SUM($BX$5:BX5) -> 0.016870654 | AT5: {=2*SQRT(SUM(($BY$5:BY5/2)^2))} -> 0.0056870596 | AU5: =R5 -> 0.96295642 | AW5: =T5 -> 0.019201958 | BF5: =IF((273+D5)>=600, 0.00074*EXP(-6613/(1.987*(273+D5)))*128000000000000000*EXP(1174/(1.987*(273+D5))), 0.000304*EXP(-5580/(1.987*(273+D5)))*199000000000000000*EXP(680/(1.987*(273+D5)))) -> 2.3129067e+11 | BG5: =BF5 * 1.17*EXP(-57/(1.987*(273+D5))) -> 2.5364204e+11 | BH5: =(D5+273)*$D$145*$F$144 -> 4.2214648e-16 | BP5: =R5+BN6-BN5 -> 1.1597312 | BQ5: =2*(((BO5/2)^2+(BO6/2)^2+(S5/2)^2)^(0.5)) -> 0.026265117 | BR5: =100*(BP5-R5)/R5 -> 20.434444 | BV5: 0 | BW5: 0 | BX5: =Y5+BV6-BV5 -> 0.016870654 | BY5: =2*(((BW5/2)^2+(BW6/2)^2+(Z5/2)^2)^(0.5)) -> 0.0056870596 | BZ5: =100*(BX5-Y5)/Y5 -> 22.519764 | CA5: =R5*CC5 -> 1.0384142 | CB5: =BH5*BG5*J5 -> 1.9273337 | CC5: =1/(CB5-1) -> 1.0783605 | CD5: =CF5*T5 -> 0.025349329 | CE5: =BH5*BF5*J5 -> 1.7574937 | CF5: =1/(CE5-1) -> 1.320143 | CK5: =CE5*1.29 -> 2.2671669 | CM5: =1000*T5/R5 -> 19.94063
A6: He30244.txt | B6: IrrWin0601bTube012624: 1005_150.0_100.0 100.00 | C6: 45323.132 | D6: 100 | E6: =J6/60 -> 150 | F6: Informed Bracket | G6: 9.62 | H6: 0 | I6: 0.129 | J6: 9000 | K6: 9035.296 | L6: =(C6-C5)*24*3600 -> 10560 | M6: =L6-J6 -> 1560 | O6: 0.0062521891 | P6: 0.025777414 | R6: 0.06014606 | S6: 0.00083352383 | T6: 0.0033252864 | U6: 1.4783904e-05 | AQ6: =SUM(BP$5:$BP6) -> 1.1597312 | AR6: {=2*SQRT(SUM((BQ$5:$BQ6/2)^2))} -> 0.026265117 | AS6: =SUM($BX$5:BX6) -> 0.016870654 | AT6: {=2*SQRT(SUM(($BY$5:BY6/2)^2))} -> 0.0056870596 | AU6: =AU5+R6 -> 1.0231025 | AW6: =AW5+T6 -> 0.022527244 | AZ6: ='Naive Apparent Lambdas'!$U$2*(10000/(D6+273))+'Naive Apparent Lambdas'!$V$2 -> 25.459765 | BA6: ='Naive Apparent Lambdas'!$V$4 -> 0.067480704 | BB6: =EXP(AZ6) -> 1.1403424e+11 | BC6: =BA6*BB6 -> 7.6951106e+09 | BD6: =BB6*(D6+273)*$D$145*$F$144 -> 4.0532513e-05 | BF6: =IF((273+D6)>=600, 0.00074*EXP(-6613/(1.987*(273+D6)))*128000000000000000*EXP(1174/(1.987*(273+D6))), 0.000304*EXP(-5580/(1.987*(273+D6)))*199000000000000000*EXP(680/(1.987*(273+D6)))) -> 8.1368988e+10 | BG6: =BF6 * 1.17*EXP(-57/(1.987*(273+D6))) -> 8.8154465e+10 | BH6: =(D6+273)*$D$145*$F$144 -> 3.5544161e-16 | BJ6: =R6/(1-EXP(-E6*60*BD6)) -> 0.19677479 | BK6: =2*SQRT( ((S6/2) * (1 / (1 - EXP(-E6 * 60 * BB6 * BH6))))^2 + (BC6 * (-R6 * 60 * E6 * BH6 * EXP(-E6 * 60 * BB6 * BH6) / (1 - EXP(-E6 * 60 * BB6 * BH6))^2))^2 ) -> 0.022175267 | BL6: =R6/(1-EXP(-E6*60*BB6*BH6)*EXP(-(M6-1560)*$CW$126*$BH$122)) -> 0.19677479 | BM6: =2*SQRT( ((S6/2) * (1 / (1 - EXP(-E6 * 60 * BB6 * BH6) * EXP(-(M6 - 1560) * $CW$126 * $BH$48))))^2 + (BC6 * (-R6 * 60 * E6 * BH6 * EXP(-E6 * 60 * BB6 * BH6) / ((1 - EXP(-E6 * 60 * BB6 * BH6) * EXP(-(M6 - 1560) * $CW$126 * $BH$48))^2)))^2 + ($CX$126 * (-R6 * (M6 - 1560) * $BH$48 * EXP(-(M6 - 1560) * $CW$126 * $BH$48) / ((1 - EXP(-E6 * 60 * BB6 * BH6) * EXP(-(M6 - 1560) * $CW$126 * $BH$48))^2)))^2 ) -> 0.022175267 | BN6: =BJ6 -> 0.19677479 | BO6: =BK6 -> 0.022175267 | BT6: =BN6*(Y5/R5)*1.10204926384627 -> 0.0031009131 | BU6: =2*(((BO6/2)*1.10204926384627*(AB5/(1000)))^2+((AC5/2000)*1.10204926384627*BN6)^2+((0.187040260207234/2)*BN6*(AB5/(1000)))^2)^0.5 -> 0.0013938601 | BV6: =BT6 -> 0.0031009131 | BW6: =BU6 -> 0.0013938601 | CA6: =CA5*(EXP(-BH6*BG6*E6))*(EXP(-$BG$140*$F$144*D145*(24+273)*M6)) -> 1.0263056 | CD6: =CD5*(EXP(-BH6*BF6*E6))*(EXP(-$BF$140*$F$144*D145*(24+273)*M6)) -> 0.025073135
A7: He30247.txt | B7: IrrWin0601bTube012624: 1205_150.0_100.0 99.99 | C7: 45323.254 | D7: 99.99 | E7: =J7/60 -> 150 | G7: 5.53 | H7: 0 | I7: 0.0402 | J7: 9000 | K7: 9026.505 | L7: =(C7-C6)*24*3600 -> 10560 | M7: =L7-J7 -> 1560 | O7: 0.0062521891 | P7: 0.025777414 | R7: 0.034574606 | S7: 0.0004688042 | T7: 0.001036252 | U7: 4.6042688e-06 | AQ7: =SUM(BP$5:$BP7) -> 1.1597312 | AR7: {=2*SQRT(SUM((BQ$5:$BQ7/2)^2))} -> 0.026265117 | AS7: =SUM($BX$5:BX7) -> 0.016870654 | AT7: {=2*SQRT(SUM(($BY$5:BY7/2)^2))} -> 0.0056870596 | AU7: =AU6+R7 -> 1.0576771 | AW7: =AW6+T7 -> 0.023563496 | AZ7: ='Naive Apparent Lambdas'!$U$2*(10000/(D7+273))+'Naive Apparent Lambdas'!$V$2 -> 25.459396 | BA7: ='Naive Apparent Lambdas'!$V$4 -> 0.067480704 | BB7: =EXP(AZ7) -> 1.139922e+11 | BC7: =BA7*BB7 -> 7.692274e+09 | BD7: =BB7*(D7+273)*$D$145*$F$144 -> 4.0516486e-05 | BF7: =IF((273+D7)>=600, 0.00074*EXP(-6613/(1.987*(273+D7)))*128000000000000000*EXP(1174/(1.987*(273+D7))), 0.000304*EXP(-5580/(1.987*(273+D7)))*199000000000000000*EXP(680/(1.987*(273+D7)))) -> 8.1354566e+10 | BG7: =BF7 * 1.17*EXP(-57/(1.987*(273+D7))) -> 8.8138659e+10 | BH7: =(D7+273)*$D$145*$F$144 -> 3.5543209e-16 | BJ7: =R7/(1-EXP(-E7*60*BD7)) -> 0.1131519 | BK7: =2*SQRT( ((S7/2) * (1 / (1 - EXP(-E7 * 60 * BB7 * BH7))))^2 + (BC7 * (-R7 * 60 * E7 * BH7 * EXP(-E7 * 60 * BB7 * BH7) / (1 - EXP(-E7 * 60 * BB7 * BH7))^2))^2 ) -> 0.012748343 | BL7: =R7/(1-EXP(-E7*60*BB7*BH7)*EXP(-(M7-1560)*$CW$126*$BH$122)) -> 0.1131519 | BM7: =2*SQRT( ((S7/2) * (1 / (1 - EXP(-E7 * 60 * BB7 * BH7) * EXP(-(M7 - 1560) * $CW$126 * $BH$48))))^2 + (BC7 * (-R7 * 60 * E7 * BH7 * EXP(-E7 * 60 * BB7 * BH7) / ((1 - EXP(-E7 * 60 * BB7 * BH7) * EXP(-(M7 - 1560) * $CW$126 * $BH$48))^2)))^2 + ($CX$126 * (-R7 * (M7 - 1560) * $BH$48 * EXP(-(M7 - 1560) * $CW$126 * $BH$48) / ((1 - EXP(-E7 * 60 * BB7 * BH7) * EXP(-(M7 - 1560) * $CW$126 * $BH$48))^2)))^2 ) -> 0.012748343 | BN7: =BN6*EXP(-BD6*E6*60) -> 0.13662873 | BO7: =2*((((BO6/2)*EXP(-BD6*E6*60))^2+(BN6*EXP(-BD6*E6*60)*E6*60*BC6*BD6/BB6)^2)^0.5) -> 0.016802411 | BV7: =BV6*EXP(-BB6*BH6*E6*60*0.91357457380209)*EXP(-(M6-1560)*$CW$126*$BH$48*0.91357457380209) -> 0.0022220526 | BW7: =2*SQRT( ((BW6/2) * EXP(-BB6 * BH6 * E6 * 60 * 0.91357457380209) * EXP(-(M6 - 1560) * $CW$126 * $BH$48 * 0.91357457380209))^2 + (BC6 * (-BV6 * BH6 * E6 * 60 * 0.91357457380209 * EXP(-BB6 * BH6 * E6 * 60 * 0.91357457380209) * EXP(-(M6 - 1560) * $CW$126 * $BH$48 * 0.91357457380209)))^2 + ((0.146030972937065 / 2) * BV6 * (-BB6 * BH6 * E6 * 60 - (M6 - 1560) * $CW$126 * $BH$48) * EXP(-BB6 * BH6 * E6 * 60 * 0.91357457380209) * EXP(-(M6 - 1560) * $CW$126 * $BH$48 * 0.91357457380209))^2 + -(M6-1560)*$BH$48*0.91357457380209*BV6*EXP(-BB6*BH6*E6*60*0.91357457380209)*EXP(-(M6-1560)*$CW$126*$BH$48*0.91357457380209)) -> 0.0010107555 | CA7: =CA6*(EXP(-BH7*BG7*E7))*(EXP(-$BG$140*$F$144*D146*(24+273)*M7)) -> 1.0214942 | CD7: =CD6*(EXP(-BH7*BF7*E7))*(EXP(-$BF$140*$F$144*D146*(24+273)*M7)) -> 0.024964618
A8: He30250.txt | B8: IrrWin0601bTube012624: 1405_150.0_100.0 99.99 | C8: 45323.382 | D8: 99.99 | E8: =J8/60 -> 150 | G8: 3.56 | H8: 0 | I8: 0.463 | J8: 9000 | K8: 9018.104 | L8: =(C8-C7)*24*3600 -> 11040 | M8: =L8-J8 -> 2040 | O8: 0.0062521243 | P8: 0.025777781 | R8: 0.022257563 | S8: 0.00031133036 | T8: 0.011935112 | U8: 4.9936245e-05 | AQ8: =SUM(BP$5:$BP8) -> 1.1597312 | AR8: {=2*SQRT(SUM((BQ$5:$BQ8/2)^2))} -> 0.026265117 | AS8: =SUM($BX$5:BX8) -> 0.016870654 | AT8: {=2*SQRT(SUM(($BY$5:BY8/2)^2))} -> 0.0056870596 | AU8: =AU7+R8 -> 1.0799346 | AW8: =AW7+T8 -> 0.035498608 | AZ8: ='Naive Apparent Lambdas'!$U$2*(10000/(D8+273))+'Naive Apparent Lambdas'!$V$2 -> 25.459396 | BA8: ='Naive Apparent Lambdas'!$V$4 -> 0.067480704 | BB8: =EXP(AZ8) -> 1.139922e+11 | BC8: =BA8*BB8 -> 7.692274e+09 | BD8: =BB8*(D8+273)*$D$145*$F$144 -> 4.0516486e-05 | BF8: =IF((273+D8)>=600, 0.00074*EXP(-6613/(1.987*(273+D8)))*128000000000000000*EXP(1174/(1.987*(273+D8))), 0.000304*EXP(-5580/(1.987*(273+D8)))*199000000000000000*EXP(680/(1.987*(273+D8)))) -> 8.1354566e+10 | BG8: =BF8 * 1.17*EXP(-57/(1.987*(273+D8))) -> 8.8138659e+10 | BH8: =(D8+273)*$D$145*$F$144 -> 3.5543209e-16 | BJ8: =R8/(1-EXP(-E8*60*BD8)) -> 0.072842062 | BK8: =2*SQRT( ((S8/2) * (1 / (1 - EXP(-E8 * 60 * BB8 * BH8))))^2 + (BC8 * (-R8 * 60 * E8 * BH8 * EXP(-E8 * 60 * BB8 * BH8) / (1 - EXP(-E8 * 60 * BB8 * BH8))^2))^2 ) -> 0.0082106187 | BL8: =R8/(1-EXP(-E8*60*BB8*BH8)*EXP(-(M8-1560)*$CW$126*$BH$122)) -> 0.072266942 | BM8: =2*SQRT( ((S8/2) * (1 / (1 - EXP(-E8 * 60 * BB8 * BH8) * EXP(-(M8 - 1560) * $CW$126 * $BH$48))))^2 + (BC8 * (-R8 * 60 * E8 * BH8 * EXP(-E8 * 60 * BB8 * BH8) / ((1 - EXP(-E8 * 60 * BB8 * BH8) * EXP(-(M8 - 1560) * $CW$126 * $BH$48))^2)))^2 + ($CX$126 * (-R8 * (M8 - 1560) * $BH$48 * EXP(-(M8 - 1560) * $CW$126 * $BH$48) / ((1 - EXP(-E8 * 60 * BB8 * BH8) * EXP(-(M8 - 1560) * $CW$126 * $BH$48))^2)))^2 ) -> 0.0080861514 | BN8: =BN7*EXP(-BD7*E7*60) -> 0.094880566 | BO8: =2*((((BO7/2)*EXP(-BD7*E7*60))^2+(BN7*EXP(-BD7*E7*60)*E7*60*BC7*BD7/BB7)^2)^0.5) -> 0.012567897 | BV8: =BV7*EXP(-BB7*BH7*E7*60*0.91357457380209)*EXP(-(M7-1560)*$CW$126*$BH$48*0.91357457380209) -> 0.0015924885 | BW8: =2*SQRT( ((BW7/2) * EXP(-BB7 * BH7 * E7 * 60 * 0.91357457380209) * EXP(-(M7 - 1560) * $CW$126 * $BH$48 * 0.91357457380209))^2 + (BC7 * (-BV7 * BH7 * E7 * 60 * 0.91357457380209 * EXP(-BB7 * BH7 * E7 * 60 * 0.91357457380209) * EXP(-(M7 - 1560) * $CW$126 * $BH$48 * 0.91357457380209)))^2 + ((0.146030972937065 / 2) * BV7 * (-BB7 * BH7 * E7 * 60 - (M7 - 1560) * $CW$126 * $BH$48) * EXP(-BB7 * BH7 * E7 * 60 * 0.91357457380209) * EXP(-(M7 - 1560) * $CW$126 * $BH$48 * 0.91357457380209))^2 + -(M7-1560)*$BH$48*0.91357457380209*BV7*EXP(-BB7*BH7*E7*60*0.91357457380209)*EXP(-(M7-1560)*$CW$126*$BH$48*0.91357457380209)) -> 0.00073283537 | CA8: =CA7*(EXP(-BH8*BG8*E8))*(EXP(-$BG$140*$F$144*D147*(24+273)*M8)) -> 1.0167053 | CD8: =CD7*(EXP(-BH8*BF8*E8))*(EXP(-$BF$140*$F$144*D147*(24+273)*M8)) -> 0.024856571
A9: He30255.txt | B9: IrrWin0601bTube012624: 1605_463.0_180.0 180.0 | C9: 45323.818 | D9: 180 | E9: =J9/60 -> 463 | F9: Experimental | G9: 87.3 | H9: 0 | I9: 1.18 | J9: 27780 | K9: 27819.784 | L9: =(C9-C8)*24*3600 -> 37680 | M9: =L9-J9 -> 9900 | O9: 0.0062334954 | P9: 0.025819672 | R9: 0.54418415 | S9: 0.00820917 | T9: 0.030467213 | U9: 0.00012198189 | W9: =(1000*T9/R9)/$AG$140 -> 0.056114896 | Y9: =T9-AVERAGE(T10:T12) -> 0.025207708 | Z9: =U9+AVERAGE(T10:T12) -> 0.0053814874 | AB9: =(Y9*1000)/R9 -> 46.322017 | AC9: =2*((1000*Z9/(2*R9))^2+((S9/2)*1000*Y9/(R9^2))^2)^0.5 -> 9.9137503 | AD9: =AB9/$AG$140 -> 0.046427873 | AE9: =2*(($AH$140*AB9/(2*$AG$140^2))^2+(AC9/($AG$140*2))^2)^0.5 -> 0.0099487859 | AG9: {=BP9:BQ9} -> 0.54972141 | AH9: 0.016048764 | AI9: {=BX9:BY9} -> 0.028060078 | AJ9: 0.0055219516 | AL9: =1000*AI9/AG9 -> 51.044178 | AM9: =2*((AH9*1000*AI9/(2*AG9^2))^2+(1000*AJ9/(AG9*2))^2)^0.5 -> 10.154936 | AN9: =AL9/$AG$140 -> 0.051160825 | AO9: =2*(($AH$140*AL9/(2*$AG$140^2))^2+(AM9/($AG$140*2))^2)^0.5 -> 0.010192817 | AQ9: =SUM(BP$5:$BP9) -> 1.7094526 | AR9: {=2*SQRT(SUM((BQ$5:$BQ9/2)^2))} -> 0.030780176 | AS9: =SUM($BX$5:BX9) -> 0.044930732 | AT9: {=2*SQRT(SUM(($BY$5:BY9/2)^2))} -> 0.0079268277 | AU9: =AU8+R9 -> 1.6241188 | AW9: =AW8+T9 -> 0.065965822 | BF9: =IF((273+D9)>=600, 0.00074*EXP(-6613/(1.987*(273+D9)))*128000000000000000*EXP(1174/(1.987*(273+D9))), 0.000304*EXP(-5580/(1.987*(273+D9)))*199000000000000000*EXP(680/(1.987*(273+D9)))) -> 2.6153274e+11 | BG9: =BF9 * 1.17*EXP(-57/(1.987*(273+D9))) -> 2.8721691e+11 | BH9: =(D9+273)*$D$145*$F$144 -> 4.3167574e-16 | BN9: =BN8-R8 -> 0.072623003 | BO9: =BO8+S8 -> 0.012879228 | BP9: =R9+BN10-BN9 -> 0.54972141 | BQ9: =2*(((BO9/2)^2+(BO10/2)^2+(S9/2)^2)^(0.5)) -> 0.016048764 | BR9: =100*(BP9-R9)/R9 -> 1.0175343 | BV9: =BV8*EXP(-BB8*BH8*E8*60*0.91357457380209)*EXP(-(M8-1560)*$CW$126*$BH$48*0.91357457380209) -> 0.0011376443 | BW9: =2*SQRT( ((BW8/2) * EXP(-BB8 * BH8 * E8 * 60 * 0.91357457380209) * EXP(-(M8 - 1560) * $CW$126 * $BH$48 * 0.91357457380209))^2 + (BC8 * (-BV8 * BH8 * E8 * 60 * 0.91357457380209 * EXP(-BB8 * BH8 * E8 * 60 * 0.91357457380209) * EXP(-(M8 - 1560) * $CW$126 * $BH$48 * 0.91357457380209)))^2 + ((0.146030972937065 / 2) * BV8 * (-BB8 * BH8 * E8 * 60 - (M8 - 1560) * $CW$126 * $BH$48) * EXP(-BB8 * BH8 * E8 * 60 * 0.91357457380209) * EXP(-(M8 - 1560) * $CW$126 * $BH$48 * 0.91357457380209))^2 + -(M8-1560)*$BH$48*0.91357457380209*BV8*EXP(-BB8*BH8*E8*60*0.91357457380209)*EXP(-(M8-1560)*$CW$126*$BH$48*0.91357457380209)) -> 0.00052956058 | BX9: =Y9+BV10-BV9 -> 0.028060078 | BY9: =2*(((BW9/2)^2+(BW10/2)^2+(Z9/2)^2)^(0.5)) -> 0.0055219516 | BZ9: =100*(BX9-Y9)/Y9 -> 11.315469 | CA9: =R9*CC9 -> 0.22263473 | CB9: =BH9*BG9*J9 -> 3.4442914 | CC9: =1/(CB9-1) -> 0.40911652 | CD9: =CF9*T9 -> 0.014261753 | CE9: =BH9*BF9*J9 -> 3.1362881 | CF9: =1/(CE9-1) -> 0.46810166 | CK9: =CE9*1.29 -> 4.0458117 | CM9: =1000*T9/R9 -> 55.986954
A10: He30264.txt | B10: IrrWin0601bTube012624: 2005_150.0_95.0 95.39 | C10: 45324.597 | D10: 95.39 | E10: =J10/60 -> 150 | G10: 6.87 | H10: 0 | I10: 0.326 | J10: 9000 | K10: 65932.549 | L10: =(C10-C9)*24*3600 -> 67320 | M10: =L10-J10 -> 58320 | O10: 0.0062327767 | P10: 0.025824355 | R10: 0.042819176 | S10: 0.00078537599 | T10: 0.0084187396 | U10: 3.2756365e-05 | AQ10: =SUM(BP$5:$BP10) -> 1.7094526 | AR10: {=2*SQRT(SUM((BQ$5:$BQ10/2)^2))} -> 0.030780176 | AS10: =SUM($BX$5:BX10) -> 0.044930732 | AT10: {=2*SQRT(SUM(($BY$5:BY10/2)^2))} -> 0.0079268277 | AU10: =AU9+R10 -> 1.666938 | AW10: =AW9+T10 -> 0.074384561 | AZ10: ='Naive Apparent Lambdas'!$U$2*(10000/(D10+273))+'Naive Apparent Lambdas'!$V$2 -> 25.287672 | BA10: ='Naive Apparent Lambdas'!$V$4 -> 0.067480704 | BB10: =EXP(AZ10) -> 9.6005595e+10 | BC10: =BA10*BB10 -> 6.4785251e+09 | BD10: =BB10*(D10+273)*$D$145*$F$144 -> 3.3702632e-05 | BF10: =IF((273+D10)>=600, 0.00074*EXP(-6613/(1.987*(273+D10)))*128000000000000000*EXP(1174/(1.987*(273+D10))), 0.000304*EXP(-5580/(1.987*(273+D10)))*199000000000000000*EXP(680/(1.987*(273+D10)))) -> 7.4907986e+10 | BG10: =BF10 * 1.17*EXP(-57/(1.987*(273+D10))) -> 8.1076604e+10 | BH10: =(D10+273)*$D$145*$F$144 -> 3.5104862e-16 | BJ10: =R10/(1-EXP(-E10*60*BD10)) -> 0.16365688 | BK10: =2*SQRT( ((S10/2) * (1 / (1 - EXP(-E10 * 60 * BB10 * BH10))))^2 + (BC10 * (-R10 * 60 * E10 * BH10 * EXP(-E10 * 60 * BB10 * BH10) / (1 - EXP(-E10 * 60 * BB10 * BH10))^2))^2 ) -> 0.019143445 | BL10: =R10/(1-EXP(-E10*60*BB10*BH10)*EXP(-(M10-1560)*$CW$126*$BH$122)) -> 0.083576538 | BM10: =2*SQRT( ((S10/2) * (1 / (1 - EXP(-E10 * 60 * BB10 * BH10) * EXP(-(M10 - 1560) * $CW$126 * $BH$48))))^2 + (BC10 * (-R10 * 60 * E10 * BH10 * EXP(-E10 * 60 * BB10 * BH10) / ((1 - EXP(-E10 * 60 * BB10 * BH10) * EXP(-(M10 - 1560) * $CW$126 * $BH$48))^2)))^2 + ($CX$126 * (-R10 * (M10 - 1560) * $BH$48 * EXP(-(M10 - 1560) * $CW$126 * $BH$48) / ((1 - EXP(-E10 * 60 * BB10 * BH10) * EXP(-(M10 - 1560) * $CW$126 * $BH$48))^2)))^2 ) -> 0.014258045 | BN10: =BN11+R10 -> 0.078160263 | BO10: =BO11+S10 -> 0.004929285 | BT10: =BN10*(Y9/R9)*1.10204926384627 -> 0.0039900146 | BU10: =2*(((BO10/2)*1.10204926384627*(AB9/(1000)))^2+((AC9/2000)*1.10204926384627*BN10)^2+((0.187040260207234/2)*BN10*(AB9/(1000)))^2)^0.5 -> 0.0011185295 | BV10: =BT10 -> 0.0039900146 | BW10: =BU10 -> 0.0011185295 | CA10: =CA9*(EXP(-BH10*BG10*E10))*(EXP(-$BG$140*$F$144*D149*(24+273)*M10)) -> 0.22168627 | CD10: =CD9*(EXP(-BH10*BF10*E10))*(EXP(-$BF$140*$F$144*D149*(24+273)*M10)) -> 0.014205609
A11: He30266.txt | B11: IrrWin0601bTube012624: 2605_150.0_95.0 95.00 | C11: 45324.719 | D11: 95 | E11: =J11/60 -> 150 | F11: Informed Bracket | G11: 1.46 | H11: 0 | I11: 0.0296 | J11: 9000 | K11: 9038.848 | L11: =(C11-C10)*24*3600 -> 10560 | M11: =L11-J11 -> 1560 | O11: 0.0062480449 | P11: 0.025854018 | R11: 0.0091221455 | S11: 0.00016709173 | T11: 0.00076527892 | U11: 2.9757551e-06 | AQ11: =SUM(BP$5:$BP11) -> 1.7094526 | AR11: {=2*SQRT(SUM((BQ$5:$BQ11/2)^2))} -> 0.030780176 | AS11: =SUM($BX$5:BX11) -> 0.044930732 | AT11: {=2*SQRT(SUM(($BY$5:BY11/2)^2))} -> 0.0079268277 | AU11: =AU10+R11 -> 1.6760601 | AW11: =AW10+T11 -> 0.07514984 | AZ11: ='Naive Apparent Lambdas'!$U$2*(10000/(D11+273))+'Naive Apparent Lambdas'!$V$2 -> 25.272916 | BA11: ='Naive Apparent Lambdas'!$V$4 -> 0.067480704 | BB11: =EXP(AZ11) -> 9.4599281e+10 | BC11: =BA11*BB11 -> 6.3836261e+09 | BD11: =BB11*(D11+273)*$D$145*$F$144 -> 3.317379e-05 | BF11: =IF((273+D11)>=600, 0.00074*EXP(-6613/(1.987*(273+D11)))*128000000000000000*EXP(1174/(1.987*(273+D11))), 0.000304*EXP(-5580/(1.987*(273+D11)))*199000000000000000*EXP(680/(1.987*(273+D11)))) -> 7.437845e+10 | BG11: =BF11 * 1.17*EXP(-57/(1.987*(273+D11))) -> 8.0496818e+10 | BH11: =(D11+273)*$D$145*$F$144 -> 3.5067698e-16 | BJ11: =R11/(1-EXP(-E11*60*BD11)) -> 0.035341088 | BK11: =2*SQRT( ((S11/2) * (1 / (1 - EXP(-E11 * 60 * BB11 * BH11))))^2 + (BC11 * (-R11 * 60 * E11 * BH11 * EXP(-E11 * 60 * BB11 * BH11) / (1 - EXP(-E11 * 60 * BB11 * BH11))^2))^2 ) -> 0.004143909 | BL11: =R11/(1-EXP(-E11*60*BB11*BH11)*EXP(-(M11-1560)*$CW$126*$BH$122)) -> 0.035341088 | BM11: =2*SQRT( ((S11/2) * (1 / (1 - EXP(-E11 * 60 * BB11 * BH11) * EXP(-(M11 - 1560) * $CW$126 * $BH$48))))^2 + (BC11 * (-R11 * 60 * E11 * BH11 * EXP(-E11 * 60 * BB11 * BH11) / ((1 - EXP(-E11 * 60 * BB11 * BH11) * EXP(-(M11 - 1560) * $CW$126 * $BH$48))^2)))^2 + ($CX$126 * (-R11 * (M11 - 1560) * $BH$48 * EXP(-(M11 - 1560) * $CW$126 * $BH$48) / ((1 - EXP(-E11 * 60 * BB11 * BH11) * EXP(-(M11 - 1560) * $CW$126 * $BH$48))^2)))^2 ) -> 0.004143909 | BN11: =BJ11 -> 0.035341088 | BO11: =BK11 -> 0.004143909 | BV11: =BV10*EXP(-BB10*BH10*E10*60*0.91357457380209)*EXP(-(M10-1560)*$CW$126*$BH$48*0.91357457380209) -> 0.0020703816 | BW11: =2*SQRT( ((BW10/2) * EXP(-BB10 * BH10 * E10 * 60 * 0.91357457380209) * EXP(-(M10 - 1560) * $CW$126 * $BH$48 * 0.91357457380209))^2 + (BC10 * (-BV10 * BH10 * E10 * 60 * 0.91357457380209 * EXP(-BB10 * BH10 * E10 * 60 * 0.91357457380209) * EXP(-(M10 - 1560) * $CW$126 * $BH$48 * 0.91357457380209)))^2 + ((0.146030972937065 / 2) * BV10 * (-BB10 * BH10 * E10 * 60 - (M10 - 1560) * $CW$126 * $BH$48) * EXP(-BB10 * BH10 * E10 * 60 * 0.91357457380209) * EXP(-(M10 - 1560) * $CW$126 * $BH$48 * 0.91357457380209))^2 + -(M10-1560)*$BH$48*0.91357457380209*BV10*EXP(-BB10*BH10*E10*60*0.91357457380209)*EXP(-(M10-1560)*$CW$126*$BH$48*0.91357457380209)) -> 0.00062449461 | CA11: =CA10*(EXP(-BH11*BG11*E11))*(EXP(-$BG$140*$F$144*D150*(24+273)*M11)) -> 0.22074957 | CD11: =CD10*(EXP(-BH11*BF11*E11))*(EXP(-$BF$140*$F$144*D150*(24+273)*M11)) -> 0.014150139
A12: He30268.txt | B12: IrrWin0601bTube012624: 2805_150.0_95.0 95.00 | C12: 45324.842 | D12: 95 | E12: =J12/60 -> 150 | G12: 0.955 | H12: 0 | I12: 0.255 | J12: 9000 | K12: 9037.724 | L12: =(C12-C11)*24*3600 -> 10620 | M12: =L12-J12 -> 1620 | O12: 0.0062505352 | P12: 0.025860777 | R12: 0.0059692611 | S12: 0.00010929331 | T12: 0.0065944981 | U12: 2.5712037e-05 | AQ12: =SUM(BP$5:$BP12) -> 1.7094526 | AR12: {=2*SQRT(SUM((BQ$5:$BQ12/2)^2))} -> 0.030780176 | AS12: =SUM($BX$5:BX12) -> 0.044930732 | AT12: {=2*SQRT(SUM(($BY$5:BY12/2)^2))} -> 0.0079268277 | AU12: =AU11+R12 -> 1.6820294 | AW12: =AW11+T12 -> 0.081744338 | AZ12: ='Naive Apparent Lambdas'!$U$2*(10000/(D12+273))+'Naive Apparent Lambdas'!$V$2 -> 25.272916 | BA12: ='Naive Apparent Lambdas'!$V$4 -> 0.067480704 | BB12: =EXP(AZ12) -> 9.4599281e+10 | BC12: =BA12*BB12 -> 6.3836261e+09 | BD12: =BB12*(D12+273)*$D$145*$F$144 -> 3.317379e-05 | BF12: =IF((273+D12)>=600, 0.00074*EXP(-6613/(1.987*(273+D12)))*128000000000000000*EXP(1174/(1.987*(273+D12))), 0.000304*EXP(-5580/(1.987*(273+D12)))*199000000000000000*EXP(680/(1.987*(273+D12)))) -> 7.437845e+10 | BG12: =BF12 * 1.17*EXP(-57/(1.987*(273+D12))) -> 8.0496818e+10 | BH12: =(D12+273)*$D$145*$F$144 -> 3.5067698e-16 | BJ12: =R12/(1-EXP(-E12*60*BD12)) -> 0.023126158 | BK12: =2*SQRT( ((S12/2) * (1 / (1 - EXP(-E12 * 60 * BB12 * BH12))))^2 + (BC12 * (-R12 * 60 * E12 * BH12 * EXP(-E12 * 60 * BB12 * BH12) / (1 - EXP(-E12 * 60 * BB12 * BH12))^2))^2 ) -> 0.0027116228 | BL12: =R12/(1-EXP(-E12*60*BB12*BH12)*EXP(-(M12-1560)*$CW$126*$BH$122)) -> 0.023097056 | BM12: =2*SQRT( ((S12/2) * (1 / (1 - EXP(-E12 * 60 * BB12 * BH12) * EXP(-(M12 - 1560) * $CW$126 * $BH$48))))^2 + (BC12 * (-R12 * 60 * E12 * BH12 * EXP(-E12 * 60 * BB12 * BH12) / ((1 - EXP(-E12 * 60 * BB12 * BH12) * EXP(-(M12 - 1560) * $CW$126 * $BH$48))^2)))^2 + ($CX$126 * (-R12 * (M12 - 1560) * $BH$48 * EXP(-(M12 - 1560) * $CW$126 * $BH$48) / ((1 - EXP(-E12 * 60 * BB12 * BH12) * EXP(-(M12 - 1560) * $CW$126 * $BH$48))^2)))^2 ) -> 0.0027049106 | BN12: =BN11*EXP(-BD11*E11*60) -> 0.026218942 | BO12: =2*((((BO11/2)*EXP(-BD11*E11*60))^2+(BN11*EXP(-BD11*E11*60)*E11*60*BC11*BD11/BB11)^2)^0.5) -> 0.0032507602 | BV12: =BV11*EXP(-BB11*BH11*E11*60*0.91357457380209)*EXP(-(M11-1560)*$CW$126*$BH$48*0.91357457380209) -> 0.0015761298 | BW12: =2*SQRT( ((BW11/2) * EXP(-BB11 * BH11 * E11 * 60 * 0.91357457380209) * EXP(-(M11 - 1560) * $CW$126 * $BH$48 * 0.91357457380209))^2 + (BC11 * (-BV11 * BH11 * E11 * 60 * 0.91357457380209 * EXP(-BB11 * BH11 * E11 * 60 * 0.91357457380209) * EXP(-(M11 - 1560) * $CW$126 * $BH$48 * 0.91357457380209)))^2 + ((0.146030972937065 / 2) * BV11 * (-BB11 * BH11 * E11 * 60 - (M11 - 1560) * $CW$126 * $BH$48) * EXP(-BB11 * BH11 * E11 * 60 * 0.91357457380209) * EXP(-(M11 - 1560) * $CW$126 * $BH$48 * 0.91357457380209))^2 + -(M11-1560)*$BH$48*0.91357457380209*BV11*EXP(-BB11*BH11*E11*60*0.91357457380209)*EXP(-(M11-1560)*$CW$126*$BH$48*0.91357457380209)) -> 0.00048384437 | CA12: =CA11*(EXP(-BH12*BG12*E12))*(EXP(-$BG$140*$F$144*D151*(24+273)*M12)) -> 0.21981684 | CD12: =CD11*(EXP(-BH12*BF12*E12))*(EXP(-$BF$140*$F$144*D151*(24+273)*M12)) -> 0.014094886
A13: He30273.txt | B13: IrrWin0601bTube012624: 2905_550.0_190.0 190.00 | C13: 45325.242 | D13: 190 | E13: =J13/60 -> 550 | F13: Experimental | G13: 85.1 | H13: 0 | I13: 2.16 | J13: 33000 | K13: 33053.236 | L13: =(C13-C12)*24*3600 -> 34560 | M13: =L13-J13 -> 1560 | O13: 0.0062185856 | P13: 0.025819672 | R13: 0.52920164 | S13: 0.009700757 | T13: 0.055770492 | U13: 0.00023349086 | W13: =(1000*T13/R13)/$AG$140 -> 0.10562692 | Y13: =T13-AVERAGE(T14:T16) -> 0.052428438 | Z13: =U13+AVERAGE(T14:T16) -> 0.0035755443 | AB13: =(Y13*1000)/R13 -> 99.070816 | AC13: =2*((1000*Z13/(2*R13))^2+((S13/2)*1000*Y13/(R13^2))^2)^0.5 -> 6.9962988 | AD13: =AB13/$AG$140 -> 0.099297214 | AE13: =2*(($AH$140*AB13/(2*$AG$140^2))^2+(AC13/($AG$140*2))^2)^0.5 -> 0.0070921291 | AG13: {=BP13:BQ13} -> 0.57769844 | AH13: 0.012950251 | AI13: {=BX13:BY13} -> 0.058647696 | AJ13: 0.0039478232 | AL13: =1000*AI13/AG13 -> 101.51957 | AM13: =2*((AH13*1000*AI13/(2*AG13^2))^2+(1000*AJ13/(AG13*2))^2)^0.5 -> 7.2026851 | AN13: =AL13/$AG$140 -> 0.10175156 | AO13: =2*(($AH$140*AL13/(2*$AG$140^2))^2+(AM13/($AG$140*2))^2)^0.5 -> 0.0073005847 | AQ13: =SUM(BP$5:$BP13) -> 2.2871511 | AR13: {=2*SQRT(SUM((BQ$5:$BQ13/2)^2))} -> 0.033393536 | AS13: =SUM($BX$5:BX13) -> 0.10357843 | AT13: {=2*SQRT(SUM(($BY$5:BY13/2)^2))} -> 0.0088555014 | AU13: =AU12+R13 -> 2.211231 | AW13: =AW12+T13 -> 0.13751483 | BF13: =IF((273+D13)>=600, 0.00074*EXP(-6613/(1.987*(273+D13)))*128000000000000000*EXP(1174/(1.987*(273+D13))), 0.000304*EXP(-5580/(1.987*(273+D13)))*199000000000000000*EXP(680/(1.987*(273+D13)))) -> 2.9416345e+11 | BG13: =BF13 * 1.17*EXP(-57/(1.987*(273+D13))) -> 3.2349431e+11 | BH13: =(D13+273)*$D$145*$F$144 -> 4.4120501e-16 | BN13: =BN12*EXP(-BD12*E12*60) -> 0.01945138 | BO13: =2*((((BO12/2)*EXP(-BD12*E12*60))^2+(BN12*EXP(-BD12*E12*60)*E12*60*BC12*BD12/BB12)^2)^0.5) -> 0.0025358499 | BP13: =R13+BN14-BN13 -> 0.57769844 | BQ13: =2*(((BO13/2)^2+(BO14/2)^2+(S13/2)^2)^(0.5)) -> 0.012950251 | BR13: =100*(BP13-R13)/R13 -> 9.1641445 | BV13: =BV12*EXP(-BB12*BH12*E12*60*0.91357457380209)*EXP(-(M12-1560)*$CW$126*$BH$48*0.91357457380209) -> 0.0011993877 | BW13: =2*SQRT( ((BW12/2) * EXP(-BB12 * BH12 * E12 * 60 * 0.91357457380209) * EXP(-(M12 - 1560) * $CW$126 * $BH$48 * 0.91357457380209))^2 + (BC12 * (-BV12 * BH12 * E12 * 60 * 0.91357457380209 * EXP(-BB12 * BH12 * E12 * 60 * 0.91357457380209) * EXP(-(M12 - 1560) * $CW$126 * $BH$48 * 0.91357457380209)))^2 + ((0.146030972937065 / 2) * BV12 * (-BB12 * BH12 * E12 * 60 - (M12 - 1560) * $CW$126 * $BH$48) * EXP(-BB12 * BH12 * E12 * 60 * 0.91357457380209) * EXP(-(M12 - 1560) * $CW$126 * $BH$48 * 0.91357457380209))^2 + -(M12-1560)*$BH$48*0.91357457380209*BV12*EXP(-BB12*BH12*E12*60*0.91357457380209)*EXP(-(M12-1560)*$CW$126*$BH$48*0.91357457380209)) -> 0.00037450858 | BX13: =Y13+BV14-BV13 -> 0.058647696 | BY13: =2*(((BW13/2)^2+(BW14/2)^2+(Z13/2)^2)^(0.5)) -> 0.0039478232 | BZ13: =100*(BX13-Y13)/Y13 -> 11.862374 | CA13: =R13*CC13 -> 0.14264191 | CB13: =BH13*BG13*J13 -> 4.7100012 | CC13: =1/(CB13-1) -> 0.26954169 | CD13: =CF13*T13 -> 0.016987916 | CE13: =BH13*BF13*J13 -> 4.2829508 | CF13: =1/(CE13-1) -> 0.30460402 | CK13: =CE13*1.29 -> 5.5250065 | CM13: =1000*T13/R13 -> 105.38609
A14: He30275.txt | B14: IrrWin0601bTube012624: 3305_150.0_90.0 90.00 | C14: 45325.364 | D14: 90 | E14: =J14/60 -> 150 | F14: Informed Bracket | G14: 2.35 | H14: 0 | I14: 0.079 | J14: 9000 | K14: 9125.085 | L14: =(C14-C13)*24*3600 -> 10500 | M14: =L14-J14 -> 1500 | O14: 0.0062389603 | P14: 0.025819672 | R14: 0.014661557 | S14: 0.00026841604 | T14: 0.0020397541 | U14: 8.5397121e-06 | AQ14: =SUM(BP$5:$BP14) -> 2.2871511 | AR14: {=2*SQRT(SUM((BQ$5:$BQ14/2)^2))} -> 0.033393536 | AS14: =SUM($BX$5:BX14) -> 0.10357843 | AT14: {=2*SQRT(SUM(($BY$5:BY14/2)^2))} -> 0.0088555014 | AU14: =AU13+R14 -> 2.2258926 | AW14: =AW13+T14 -> 0.13955458 | AZ14: ='Naive Apparent Lambdas'!$U$2*(10000/(D14+273))+'Naive Apparent Lambdas'!$V$2 -> 25.08092 | BA14: ='Naive Apparent Lambdas'!$V$4 -> 0.067480704 | BB14: =EXP(AZ14) -> 7.8073733e+10 | BC14: =BA14*BB14 -> 5.2684704e+09 | BD14: =BB14*(D14+273)*$D$145*$F$144 -> 2.7006668e-05 | BF14: =IF((273+D14)>=600, 0.00074*EXP(-6613/(1.987*(273+D14)))*128000000000000000*EXP(1174/(1.987*(273+D14))), 0.000304*EXP(-5580/(1.987*(273+D14)))*199000000000000000*EXP(680/(1.987*(273+D14)))) -> 6.7820444e+10 | BG14: =BF14 * 1.17*EXP(-57/(1.987*(273+D14))) -> 7.3320582e+10 | BH14: =(D14+273)*$D$145*$F$144 -> 3.4591235e-16 | BJ14: =R14/(1-EXP(-E14*60*BD14)) -> 0.067948183 | BK14: =2*SQRT( ((S14/2) * (1 / (1 - EXP(-E14 * 60 * BB14 * BH14))))^2 + (BC14 * (-R14 * 60 * E14 * BH14 * EXP(-E14 * 60 * BB14 * BH14) / (1 - EXP(-E14 * 60 * BB14 * BH14))^2))^2 ) -> 0.0081959612 | BL14: =R14/(1-EXP(-E14*60*BB14*BH14)*EXP(-(M14-1560)*$CW$126*$BH$122)) -> 0.068056664 | BM14: =2*SQRT( ((S14/2) * (1 / (1 - EXP(-E14 * 60 * BB14 * BH14) * EXP(-(M14 - 1560) * $CW$126 * $BH$48))))^2 + (BC14 * (-R14 * 60 * E14 * BH14 * EXP(-E14 * 60 * BB14 * BH14) / ((1 - EXP(-E14 * 60 * BB14 * BH14) * EXP(-(M14 - 1560) * $CW$126 * $BH$48))^2)))^2 + ($CX$126 * (-R14 * (M14 - 1560) * $BH$48 * EXP(-(M14 - 1560) * $CW$126 * $BH$48) / ((1 - EXP(-E14 * 60 * BB14 * BH14) * EXP(-(M14 - 1560) * $CW$126 * $BH$48))^2)))^2 ) -> 0.0082219538 | BN14: =BJ14 -> 0.067948183 | BO14: =BK14 -> 0.0081959612 | BT14: =BN14*(Y13/R13)*1.10204926384627 -> 0.0074186451 | BU14: =2*(((BO14/2)*1.10204926384627*(AB13/(1000)))^2+((AC13/2000)*1.10204926384627*BN14)^2+((0.187040260207234/2)*BN14*(AB13/(1000)))^2)^0.5 -> 0.0016311145 | BV14: =BT14 -> 0.0074186451 | BW14: =BU14 -> 0.0016311145 | CA14: =CA13*(EXP(-BH14*BG14*E14))*(EXP(-$BG$140*$F$144*D153*(24+273)*M14)) -> 0.14210027 | CD14: =CD13*(EXP(-BH14*BF14*E14))*(EXP(-$BF$140*$F$144*D153*(24+273)*M14)) -> 0.016928241
A15: He30278.txt | B15: IrrWin0601bTube012624: 3505_150.0_90.0 89.99 | C15: 45325.504 | D15: 89.99 | E15: =J15/60 -> 150 | G15: 1.84 | I15: 0.157 | J15: 9000 | K15: 9127.493 | L15: =(C15-C14)*24*3600 -> 12120 | M15: =L15-J15 -> 3120 | O15: 0.00622826 | P15: 0.025832387 | R15: 0.011459998 | S15: 0.00020545162 | T15: 0.0040556848 | U15: 1.6973617e-05 | AQ15: =SUM(BP$5:$BP15) -> 2.2871511 | AR15: {=2*SQRT(SUM((BQ$5:$BQ15/2)^2))} -> 0.033393536 | AS15: =SUM($BX$5:BX15) -> 0.10357843 | AT15: {=2*SQRT(SUM(($BY$5:BY15/2)^2))} -> 0.0088555014 | AU15: =AU14+R15 -> 2.2373526 | AW15: =AW14+T15 -> 0.14361027 | AZ15: ='Naive Apparent Lambdas'!$U$2*(10000/(D15+273))+'Naive Apparent Lambdas'!$V$2 -> 25.08053 | BA15: ='Naive Apparent Lambdas'!$V$4 -> 0.067480704 | BB15: =EXP(AZ15) -> 7.8043345e+10 | BC15: =BA15*BB15 -> 5.2664199e+09 | BD15: =BB15*(D15+273)*$D$145*$F$144 -> 2.6995413e-05 | BF15: =IF((273+D15)>=600, 0.00074*EXP(-6613/(1.987*(273+D15)))*128000000000000000*EXP(1174/(1.987*(273+D15))), 0.000304*EXP(-5580/(1.987*(273+D15)))*199000000000000000*EXP(680/(1.987*(273+D15)))) -> 6.7807752e+10 | BG15: =BF15 * 1.17*EXP(-57/(1.987*(273+D15))) -> 7.3306702e+10 | BH15: =(D15+273)*$D$145*$F$144 -> 3.4590282e-16 | BJ15: =R15/(1-EXP(-E15*60*BD15)) -> 0.053130298 | BK15: =2*SQRT( ((S15/2) * (1 / (1 - EXP(-E15 * 60 * BB15 * BH15))))^2 + (BC15 * (-R15 * 60 * E15 * BH15 * EXP(-E15 * 60 * BB15 * BH15) / (1 - EXP(-E15 * 60 * BB15 * BH15))^2))^2 ) -> 0.0064059155 | BL15: =R15/(1-EXP(-E15*60*BB15*BH15)*EXP(-(M15-1560)*$CW$126*$BH$122)) -> 0.051027038 | BM15: =2*SQRT( ((S15/2) * (1 / (1 - EXP(-E15 * 60 * BB15 * BH15) * EXP(-(M15 - 1560) * $CW$126 * $BH$48))))^2 + (BC15 * (-R15 * 60 * E15 * BH15 * EXP(-E15 * 60 * BB15 * BH15) / ((1 - EXP(-E15 * 60 * BB15 * BH15) * EXP(-(M15 - 1560) * $CW$126 * $BH$48))^2)))^2 + ($CX$126 * (-R15 * (M15 - 1560) * $BH$48 * EXP(-(M15 - 1560) * $CW$126 * $BH$48) / ((1 - EXP(-E15 * 60 * BB15 * BH15) * EXP(-(M15 - 1560) * $CW$126 * $BH$48))^2)))^2 ) -> 0.0059630958 | BN15: =BN14-R14 -> 0.053286626 | BO15: =BO14+S14 -> 0.0084643772 | BV15: =BV14*EXP(-BB14*BH14*E14*60*0.91357457380209)*EXP(-(M14-1560)*$CW$126*$BH$48*0.91357457380209) -> 0.0059437698 | BW15: =2*SQRT( ((BW14/2) * EXP(-BB14 * BH14 * E14 * 60 * 0.91357457380209) * EXP(-(M14 - 1560) * $CW$126 * $BH$48 * 0.91357457380209))^2 + (BC14 * (-BV14 * BH14 * E14 * 60 * 0.91357457380209 * EXP(-BB14 * BH14 * E14 * 60 * 0.91357457380209) * EXP(-(M14 - 1560) * $CW$126 * $BH$48 * 0.91357457380209)))^2 + ((0.146030972937065 / 2) * BV14 * (-BB14 * BH14 * E14 * 60 - (M14 - 1560) * $CW$126 * $BH$48) * EXP(-BB14 * BH14 * E14 * 60 * 0.91357457380209) * EXP(-(M14 - 1560) * $CW$126 * $BH$48 * 0.91357457380209))^2 + -(M14-1560)*$BH$48*0.91357457380209*BV14*EXP(-BB14*BH14*E14*60*0.91357457380209)*EXP(-(M14-1560)*$CW$126*$BH$48*0.91357457380209)) -> 0.0013356284 | CA15: =CA14*(EXP(-BH15*BG15*E15))*(EXP(-$BG$140*$F$144*D154*(24+273)*M15)) -> 0.14156081 | CD15: =CD14*(EXP(-BH15*BF15*E15))*(EXP(-$BF$140*$F$144*D154*(24+273)*M15)) -> 0.016868788
A16: He30280.txt | B16: IrrWin0601bTube012624: 3705_150.0_90.0 90.00 | C16: 45325.626 | D16: 90 | E16: =J16/60 -> 150 | G16: 1.34 | H16: 0 | I16: 0.152 | J16: 9000 | K16: 9130.299 | L16: =(C16-C15)*24*3600 -> 10560 | M16: =L16-J16 -> 1560 | O16: 0.0062000229 | P16: 0.025860009 | R16: 0.0083080307 | S16: 0.00014060465 | T16: 0.0039307213 | U16: 1.6443347e-05 | AQ16: =SUM(BP$5:$BP16) -> 2.2871511 | AR16: {=2*SQRT(SUM((BQ$5:$BQ16/2)^2))} -> 0.033393536 | AS16: =SUM($BX$5:BX16) -> 0.10357843 | AT16: {=2*SQRT(SUM(($BY$5:BY16/2)^2))} -> 0.0088555014 | AU16: =AU15+R16 -> 2.2456606 | AW16: =AW15+T16 -> 0.14754099 | AZ16: ='Naive Apparent Lambdas'!$U$2*(10000/(D16+273))+'Naive Apparent Lambdas'!$V$2 -> 25.08092 | BA16: ='Naive Apparent Lambdas'!$V$4 -> 0.067480704 | BB16: =EXP(AZ16) -> 7.8073733e+10 | BC16: =BA16*BB16 -> 5.2684704e+09 | BD16: =BB16*(D16+273)*$D$145*$F$144 -> 2.7006668e-05 | BF16: =IF((273+D16)>=600, 0.00074*EXP(-6613/(1.987*(273+D16)))*128000000000000000*EXP(1174/(1.987*(273+D16))), 0.000304*EXP(-5580/(1.987*(273+D16)))*199000000000000000*EXP(680/(1.987*(273+D16)))) -> 6.7820444e+10 | BG16: =BF16 * 1.17*EXP(-57/(1.987*(273+D16))) -> 7.3320582e+10 | BH16: =(D16+273)*$D$145*$F$144 -> 3.4591235e-16 | BJ16: =R16/(1-EXP(-E16*60*BD16)) -> 0.038503114 | BK16: =2*SQRT( ((S16/2) * (1 / (1 - EXP(-E16 * 60 * BB16 * BH16))))^2 + (BC16 * (-R16 * 60 * E16 * BH16 * EXP(-E16 * 60 * BB16 * BH16) / (1 - EXP(-E16 * 60 * BB16 * BH16))^2))^2 ) -> 0.0046364885 | BL16: =R16/(1-EXP(-E16*60*BB16*BH16)*EXP(-(M16-1560)*$CW$126*$BH$122)) -> 0.038503114 | BM16: =2*SQRT( ((S16/2) * (1 / (1 - EXP(-E16 * 60 * BB16 * BH16) * EXP(-(M16 - 1560) * $CW$126 * $BH$48))))^2 + (BC16 * (-R16 * 60 * E16 * BH16 * EXP(-E16 * 60 * BB16 * BH16) / ((1 - EXP(-E16 * 60 * BB16 * BH16) * EXP(-(M16 - 1560) * $CW$126 * $BH$48))^2)))^2 + ($CX$126 * (-R16 * (M16 - 1560) * $BH$48 * EXP(-(M16 - 1560) * $CW$126 * $BH$48) / ((1 - EXP(-E16 * 60 * BB16 * BH16) * EXP(-(M16 - 1560) * $CW$126 * $BH$48))^2)))^2 ) -> 0.0046364885 | BN16: =BN15*EXP(-BD15*E15*60) -> 0.041792908 | BO16: =2*((((BO15/2)*EXP(-BD15*E15*60))^2+(BN15*EXP(-BD15*E15*60)*E15*60*BC15*BD15/BB15)^2)^0.5) -> 0.006778611 | BV16: =BV15*EXP(-BB15*BH15*E15*60*0.91357457380209)*EXP(-(M15-1560)*$CW$126*$BH$48*0.91357457380209) -> 0.0047113169 | BW16: =2*SQRT( ((BW15/2) * EXP(-BB15 * BH15 * E15 * 60 * 0.91357457380209) * EXP(-(M15 - 1560) * $CW$126 * $BH$48 * 0.91357457380209))^2 + (BC15 * (-BV15 * BH15 * E15 * 60 * 0.91357457380209 * EXP(-BB15 * BH15 * E15 * 60 * 0.91357457380209) * EXP(-(M15 - 1560) * $CW$126 * $BH$48 * 0.91357457380209)))^2 + ((0.146030972937065 / 2) * BV15 * (-BB15 * BH15 * E15 * 60 - (M15 - 1560) * $CW$126 * $BH$48) * EXP(-BB15 * BH15 * E15 * 60 * 0.91357457380209) * EXP(-(M15 - 1560) * $CW$126 * $BH$48 * 0.91357457380209))^2 + -(M15-1560)*$BH$48*0.91357457380209*BV15*EXP(-BB15*BH15*E15*60*0.91357457380209)*EXP(-(M15-1560)*$CW$126*$BH$48*0.91357457380209)) -> 0.0010822906 | CA16: =CA15*(EXP(-BH16*BG16*E16))*(EXP(-$BG$140*$F$144*D155*(24+273)*M16)) -> 0.14102329 | CD16: =CD15*(EXP(-BH16*BF16*E16))*(EXP(-$BF$140*$F$144*D155*(24+273)*M16)) -> 0.016809531
A17: He30285.txt | B17: IrrWin0601bTube012624: 3905_500.0_200.0 200.00 | C17: 45325.999 | D17: 200 | E17: =J17/60 -> 500 | F17: Experimental | G17: 83.3 | H17: 0.00176 | I17: 3.96 | J17: 30000 | K17: 30127.625 | L17: =(C17-C16)*24*3600 -> 32220 | M17: =L17-J17 -> 2220 | O17: 0.0062299307 | P17: 0.025862069 | R17: 0.51895322 | S17: 0.0082748805 | T17: 0.10241379 | U17: 0.00047358684 | W17: =(1000*T17/R17)/$AG$140 -> 0.19779785 | Y17: =T17-AVERAGE(T18:T20) -> 0.099215344 | Z17: =U17+AVERAGE(T18:T20) -> 0.0036720364 | AB17: =(Y17*1000)/R17 -> 191.1836 | AC17: =2*((1000*Z17/(2*R17))^2+((S17/2)*1000*Y17/(R17^2))^2)^0.5 -> 7.7046059 | AD17: =AB17/$AG$140 -> 0.19162049 | AE17: =2*(($AH$140*AB17/(2*$AG$140^2))^2+(AC17/($AG$140*2))^2)^0.5 -> 0.0079891346 | AG17: {=BP17:BQ17} -> 0.53936148 | AH17: 0.011455178 | AI17: {=BX17:BY17} -> 0.10664756 | AJ17: 0.004423375 | AL17: =1000*AI17/AG17 -> 197.72929 | AM17: =2*((AH17*1000*AI17/(2*AG17^2))^2+(1000*AJ17/(AG17*2))^2)^0.5 -> 9.2137936 | AN17: =AL17/$AG$140 -> 0.19818114 | AO17: =2*(($AH$140*AL17/(2*$AG$140^2))^2+(AM17/($AG$140*2))^2)^0.5 -> 0.0094746095 | AQ17: =SUM(BP$5:$BP17) -> 2.8265125 | AR17: {=2*SQRT(SUM((BQ$5:$BQ17/2)^2))} -> 0.035303673 | AS17: =SUM($BX$5:BX17) -> 0.21022599 | AT17: {=2*SQRT(SUM(($BY$5:BY17/2)^2))} -> 0.0098987954 | AU17: =AU16+R17 -> 2.7646138 | AW17: =AW16+T17 -> 0.24995478 | BF17: =IF((273+D17)>=600, 0.00074*EXP(-6613/(1.987*(273+D17)))*128000000000000000*EXP(1174/(1.987*(273+D17))), 0.000304*EXP(-5580/(1.987*(273+D17)))*199000000000000000*EXP(680/(1.987*(273+D17)))) -> 3.2922459e+11 | BG17: =BF17 * 1.17*EXP(-57/(1.987*(273+D17))) -> 3.6252593e+11 | BH17: =(D17+273)*$D$145*$F$144 -> 4.5073427e-16 | BN17: =BN16*EXP(-BD16*E16*60) -> 0.03277502 | BO17: =2*((((BO16/2)*EXP(-BD16*E16*60))^2+(BN16*EXP(-BD16*E16*60)*E16*60*BC16*BD16/BB16)^2)^0.5) -> 0.0054235857 | BP17: =R17+BN18-BN17 -> 0.53936148 | BQ17: =2*(((BO17/2)^2+(BO18/2)^2+(S17/2)^2)^(0.5)) -> 0.011455178 | BR17: =100*(BP17-R17)/R17 -> 3.9325816 | BV17: =BV16*EXP(-BB16*BH16*E16*60*0.91357457380209)*EXP(-(M16-1560)*$CW$126*$BH$48*0.91357457380209) -> 0.0037731644 | BW17: =2*SQRT( ((BW16/2) * EXP(-BB16 * BH16 * E16 * 60 * 0.91357457380209) * EXP(-(M16 - 1560) * $CW$126 * $BH$48 * 0.91357457380209))^2 + (BC16 * (-BV16 * BH16 * E16 * 60 * 0.91357457380209 * EXP(-BB16 * BH16 * E16 * 60 * 0.91357457380209) * EXP(-(M16 - 1560) * $CW$126 * $BH$48 * 0.91357457380209)))^2 + ((0.146030972937065 / 2) * BV16 * (-BB16 * BH16 * E16 * 60 - (M16 - 1560) * $CW$126 * $BH$48) * EXP(-BB16 * BH16 * E16 * 60 * 0.91357457380209) * EXP(-(M16 - 1560) * $CW$126 * $BH$48 * 0.91357457380209))^2 + -(M16-1560)*$BH$48*0.91357457380209*BV16*EXP(-BB16*BH16*E16*60*0.91357457380209)*EXP(-(M16-1560)*$CW$126*$BH$48*0.91357457380209)) -> 0.00088432151 | BX17: =Y17+BV18-BV17 -> 0.10664756 | BY17: =2*(((BW17/2)^2+(BW18/2)^2+(Z17/2)^2)^(0.5)) -> 0.004423375 | BZ17: =100*(BX17-Y17)/Y17 -> 7.4909983 | CA17: =R17*CC17 -> 0.1329938 | CB17: =BH17*BG17*J17 -> 4.9020858 | CC17: =1/(CB17-1) -> 0.2562732 | CD17: =CF17*T17 -> 0.029669814 | CE17: =BH17*BF17*J17 -> 4.4517842 | CF17: =1/(CE17-1) -> 0.28970525 | CG17: =R17-CA13 -> 0.37631132 | CH17: =R17+CA17 -> 0.65194703 | CI17: =T17-CD13 -> 0.085425877 | CJ17: =T17+CD17 -> 0.13208361 | CK17: =CE17*1.29 -> 5.7428016 | CL17: =R17 / (CK17-1) -> 0.10941913 | CM17: =1000*T17/R17 -> 197.34687
A18: He30287.txt | B18: IrrWin0601bTube012624: 4205_150.0_105.0 105.00 | C18: 45326.122 | D18: 105 | E18: =J18/60 -> 150 | F18: Informed/Naïve Bracket | G18: 3.06 | H18: 0 | I18: 0.144 | J18: 9000 | K18: 9129.026 | L18: =(C18-C17)*24*3600 -> 10560 | M18: =L18-J18 -> 1560 | O18: 0.0062250831 | P18: 0.025862069 | R18: 0.019048754 | S18: 0.00032080198 | T18: 0.0037241379 | U18: 1.595522e-05 | AQ18: =SUM(BP$5:$BP18) -> 2.8265125 | AR18: {=2*SQRT(SUM((BQ$5:$BQ18/2)^2))} -> 0.035303673 | AS18: =SUM($BX$5:BX18) -> 0.21022599 | AT18: {=2*SQRT(SUM(($BY$5:BY18/2)^2))} -> 0.0098987954 | AU18: =AU17+R18 -> 2.7836626 | AW18: =AW17+T18 -> 0.25367892 | AZ18: ='Naive Apparent Lambdas'!$U$2*(10000/(D18+273))+'Naive Apparent Lambdas'!$V$2 -> 25.64167 | BA18: ='Naive Apparent Lambdas'!$V$4 -> 0.067480704 | BB18: =EXP(AZ18) -> 1.367842e+11 | BC18: =BA18*BB18 -> 9.2302941e+09 | BD18: =BB18*(D18+273)*$D$145*$F$144 -> 4.9270523e-05 | BF18: =IF((273+D18)>=600, 0.00074*EXP(-6613/(1.987*(273+D18)))*128000000000000000*EXP(1174/(1.987*(273+D18))), 0.000304*EXP(-5580/(1.987*(273+D18)))*199000000000000000*EXP(680/(1.987*(273+D18)))) -> 8.8805251e+10 | BG18: =BF18 * 1.17*EXP(-57/(1.987*(273+D18))) -> 9.6308773e+10 | BH18: =(D18+273)*$D$145*$F$144 -> 3.6020625e-16 | BJ18: =R18/(1-EXP(-E18*60*BD18)) -> 0.05318328 | BK18: =2*SQRT( ((S18/2) * (1 / (1 - EXP(-E18 * 60 * BB18 * BH18))))^2 + (BC18 * (-R18 * 60 * E18 * BH18 * EXP(-E18 * 60 * BB18 * BH18) / (1 - EXP(-E18 * 60 * BB18 * BH18))^2))^2 ) -> 0.0057734014 | BL18: =R18/(1-EXP(-E18*60*BB18*BH18)*EXP(-(M18-1560)*$CW$126*$BH$122)) -> 0.05318328 | BM18: =2*SQRT( ((S18/2) * (1 / (1 - EXP(-E18 * 60 * BB18 * BH18) * EXP(-(M18 - 1560) * $CW$126 * $BH$48))))^2 + (BC18 * (-R18 * 60 * E18 * BH18 * EXP(-E18 * 60 * BB18 * BH18) / ((1 - EXP(-E18 * 60 * BB18 * BH18) * EXP(-(M18 - 1560) * $CW$126 * $BH$48))^2)))^2 + ($CX$126 * (-R18 * (M18 - 1560) * $BH$48 * EXP(-(M18 - 1560) * $CW$126 * $BH$48) / ((1 - EXP(-E18 * 60 * BB18 * BH18) * EXP(-(M18 - 1560) * $CW$126 * $BH$48))^2)))^2 ) -> 0.0057734014 | BN18: {=BJ18:BK18} -> 0.05318328 | BO18: 0.0057734014 | BT18: =BN18*(Y17/R17)*1.10204926384627 -> 0.011205384 | BU18: =2*(((BO18/2)*1.10204926384627*(AB17/(1000)))^2+((AC17/2000)*1.10204926384627*BN18)^2+((0.187040260207234/2)*BN18*(AB17/(1000)))^2)^0.5 -> 0.0023022532 | BV18: =BT18 -> 0.011205384 | BW18: =BU18 -> 0.0023022532 | CA18: =CA17*(EXP(-BH18*BG18*E18))*(EXP(-$BG$140*$F$144*D157*(24+273)*M18)) -> 0.13230354 | CD18: =CD17*(EXP(-BH18*BF18*E18))*(EXP(-$BF$140*$F$144*D157*(24+273)*M18)) -> 0.029527792
A19: He30289.txt | B19: IrrWin0601bTube012624: 4405_150.0_105.0 105.00 | C19: 45326.244 | D19: 105 | E19: =J19/60 -> 150 | F19: Naïve Bracket | G19: 1.79 | H19: 0 | I19: 0.187 | J19: 9000 | K19: 9127.555 | L19: =(C19-C18)*24*3600 -> 10560 | M19: =L19-J19 -> 1560 | O19: 0.0062200776 | P19: 0.025862069 | R19: 0.011133939 | S19: 0.00019782239 | T19: 0.0048362069 | U19: 1.9021875e-05 | AQ19: =SUM(BP$5:$BP19) -> 2.8265125 | AR19: {=2*SQRT(SUM((BQ$5:$BQ19/2)^2))} -> 0.035303673 | AS19: =SUM($BX$5:BX19) -> 0.21022599 | AT19: {=2*SQRT(SUM(($BY$5:BY19/2)^2))} -> 0.0098987954 | AU19: =AU18+R19 -> 2.7947965 | AW19: =AW18+T19 -> 0.25851513 | AZ19: ='Naive Apparent Lambdas'!$U$2*(10000/(D19+273))+'Naive Apparent Lambdas'!$V$2 -> 25.64167 | BA19: ='Naive Apparent Lambdas'!$V$4 -> 0.067480704 | BB19: =EXP(AZ19) -> 1.367842e+11 | BC19: =BA19*BB19 -> 9.2302941e+09 | BD19: =BB19*(D19+273)*$D$145*$F$144 -> 4.9270523e-05 | BF19: =IF((273+D19)>=600, 0.00074*EXP(-6613/(1.987*(273+D19)))*128000000000000000*EXP(1174/(1.987*(273+D19))), 0.000304*EXP(-5580/(1.987*(273+D19)))*199000000000000000*EXP(680/(1.987*(273+D19)))) -> 8.8805251e+10 | BG19: =BF19 * 1.17*EXP(-57/(1.987*(273+D19))) -> 9.6308773e+10 | BH19: =(D19+273)*$D$145*$F$144 -> 3.6020625e-16 | BJ19: =R19/(1-EXP(-E19*60*BD19)) -> 0.031085465 | BK19: =2*SQRT( ((S19/2) * (1 / (1 - EXP(-E19 * 60 * BB19 * BH19))))^2 + (BC19 * (-R19 * 60 * E19 * BH19 * EXP(-E19 * 60 * BB19 * BH19) / (1 - EXP(-E19 * 60 * BB19 * BH19))^2))^2 ) -> 0.003379123 | BL19: =R19/(1-EXP(-E19*60*BB19*BH19)*EXP(-(M19-1560)*$CW$126*$BH$122)) -> 0.031085465 | BM19: =2*SQRT( ((S19/2) * (1 / (1 - EXP(-E19 * 60 * BB19 * BH19) * EXP(-(M19 - 1560) * $CW$126 * $BH$48))))^2 + (BC19 * (-R19 * 60 * E19 * BH19 * EXP(-E19 * 60 * BB19 * BH19) / ((1 - EXP(-E19 * 60 * BB19 * BH19) * EXP(-(M19 - 1560) * $CW$126 * $BH$48))^2)))^2 + ($CX$126 * (-R19 * (M19 - 1560) * $BH$48 * EXP(-(M19 - 1560) * $CW$126 * $BH$48) / ((1 - EXP(-E19 * 60 * BB19 * BH19) * EXP(-(M19 - 1560) * $CW$126 * $BH$48))^2)))^2 ) -> 0.003379123 | BN19: =BN18*EXP(-BD18*E18*60) -> 0.034134525 | BO19: =2*((((BO18/2)*EXP(-BD18*E18*60))^2+(BN18*EXP(-BD18*E18*60)*E18*60*BC18*BD18/BB18)^2)^0.5) -> 0.0042313279 | BV19: =BV18*EXP(-BB18*BH18*E18*60*0.91357457380209)*EXP(-(M18-1560)*$CW$126*$BH$48*0.91357457380209) -> 0.0074729043 | BW19: =2*SQRT( ((BW18/2) * EXP(-BB18 * BH18 * E18 * 60 * 0.91357457380209) * EXP(-(M18 - 1560) * $CW$126 * $BH$48 * 0.91357457380209))^2 + (BC18 * (-BV18 * BH18 * E18 * 60 * 0.91357457380209 * EXP(-BB18 * BH18 * E18 * 60 * 0.91357457380209) * EXP(-(M18 - 1560) * $CW$126 * $BH$48 * 0.91357457380209)))^2 + ((0.146030972937065 / 2) * BV18 * (-BB18 * BH18 * E18 * 60 - (M18 - 1560) * $CW$126 * $BH$48) * EXP(-BB18 * BH18 * E18 * 60 * 0.91357457380209) * EXP(-(M18 - 1560) * $CW$126 * $BH$48 * 0.91357457380209))^2 + -(M18-1560)*$BH$48*0.91357457380209*BV18*EXP(-BB18*BH18*E18*60*0.91357457380209)*EXP(-(M18-1560)*$CW$126*$BH$48*0.91357457380209)) -> 0.0016608712 | CA19: =CA18*(EXP(-BH19*BG19*E19))*(EXP(-$BG$140*$F$144*D158*(24+273)*M19)) -> 0.13161687 | CD19: =CD18*(EXP(-BH19*BF19*E19))*(EXP(-$BF$140*$F$144*D158*(24+273)*M19)) -> 0.02938645
A20: He30292.txt | B20: IrrWin0601bTube012624: 4605_150.0_105.0 105.00 | C20: 45326.366 | D20: 105 | E20: =J20/60 -> 150 | F20: Naïve Bracket | G20: 1.29 | H20: 0 | I20: 0.04 | J20: 9000 | K20: 9129.528 | L20: =(C20-C19)*24*3600 -> 10560 | M20: =L20-J20 -> 1560 | O20: 0.006222837 | P20: 0.025875098 | R20: 0.0080274597 | S20: 0.00014295915 | T20: 0.0010350039 | U20: 4.1228765e-06 | AQ20: =SUM(BP$5:$BP20) -> 2.8265125 | AR20: {=2*SQRT(SUM((BQ$5:$BQ20/2)^2))} -> 0.035303673 | AS20: =SUM($BX$5:BX20) -> 0.21022599 | AT20: {=2*SQRT(SUM(($BY$5:BY20/2)^2))} -> 0.0098987954 | AU20: =AU19+R20 -> 2.802824 | AW20: =AW19+T20 -> 0.25955013 | AZ20: ='Naive Apparent Lambdas'!$U$2*(10000/(D20+273))+'Naive Apparent Lambdas'!$V$2 -> 25.64167 | BA20: ='Naive Apparent Lambdas'!$V$4 -> 0.067480704 | BB20: =EXP(AZ20) -> 1.367842e+11 | BC20: =BA20*BB20 -> 9.2302941e+09 | BD20: =BB20*(D20+273)*$D$145*$F$144 -> 4.9270523e-05 | BF20: =IF((273+D20)>=600, 0.00074*EXP(-6613/(1.987*(273+D20)))*128000000000000000*EXP(1174/(1.987*(273+D20))), 0.000304*EXP(-5580/(1.987*(273+D20)))*199000000000000000*EXP(680/(1.987*(273+D20)))) -> 8.8805251e+10 | BG20: =BF20 * 1.17*EXP(-57/(1.987*(273+D20))) -> 9.6308773e+10 | BH20: =(D20+273)*$D$145*$F$144 -> 3.6020625e-16 | BJ20: =R20/(1-EXP(-E20*60*BD20)) -> 0.022412313 | BK20: =2*SQRT( ((S20/2) * (1 / (1 - EXP(-E20 * 60 * BB20 * BH20))))^2 + (BC20 * (-R20 * 60 * E20 * BH20 * EXP(-E20 * 60 * BB20 * BH20) / (1 - EXP(-E20 * 60 * BB20 * BH20))^2))^2 ) -> 0.0024364655 | BL20: =R20/(1-EXP(-E20*60*BB20*BH20)*EXP(-(M20-1560)*$CW$126*$BH$122)) -> 0.022412313 | BM20: =2*SQRT( ((S20/2) * (1 / (1 - EXP(-E20 * 60 * BB20 * BH20) * EXP(-(M20 - 1560) * $CW$126 * $BH$48))))^2 + (BC20 * (-R20 * 60 * E20 * BH20 * EXP(-E20 * 60 * BB20 * BH20) / ((1 - EXP(-E20 * 60 * BB20 * BH20) * EXP(-(M20 - 1560) * $CW$126 * $BH$48))^2)))^2 + ($CX$126 * (-R20 * (M20 - 1560) * $BH$48 * EXP(-(M20 - 1560) * $CW$126 * $BH$48) / ((1 - EXP(-E20 * 60 * BB20 * BH20) * EXP(-(M20 - 1560) * $CW$126 * $BH$48))^2)))^2 ) -> 0.0024364655 | BN20: =BN19*EXP(-BD19*E19*60) -> 0.021908499 | BO20: =2*((((BO19/2)*EXP(-BD19*E19*60))^2+(BN19*EXP(-BD19*E19*60)*E19*60*BC19*BD19/BB19)^2)^0.5) -> 0.0030157255 | BV20: =BV19*EXP(-BB19*BH19*E19*60*0.91357457380209)*EXP(-(M19-1560)*$CW$126*$BH$48*0.91357457380209) -> 0.0049837023 | BW20: =2*SQRT( ((BW19/2) * EXP(-BB19 * BH19 * E19 * 60 * 0.91357457380209) * EXP(-(M19 - 1560) * $CW$126 * $BH$48 * 0.91357457380209))^2 + (BC19 * (-BV19 * BH19 * E19 * 60 * 0.91357457380209 * EXP(-BB19 * BH19 * E19 * 60 * 0.91357457380209) * EXP(-(M19 - 1560) * $CW$126 * $BH$48 * 0.91357457380209)))^2 + ((0.146030972937065 / 2) * BV19 * (-BB19 * BH19 * E19 * 60 - (M19 - 1560) * $CW$126 * $BH$48) * EXP(-BB19 * BH19 * E19 * 60 * 0.91357457380209) * EXP(-(M19 - 1560) * $CW$126 * $BH$48 * 0.91357457380209))^2 + -(M19-1560)*$BH$48*0.91357457380209*BV19*EXP(-BB19*BH19*E19*60*0.91357457380209)*EXP(-(M19-1560)*$CW$126*$BH$48*0.91357457380209)) -> 0.0011854368 | CA20: =CA19*(EXP(-BH20*BG20*E20))*(EXP(-$BG$140*$F$144*D159*(24+273)*M20)) -> 0.13093376 | CD20: =CD19*(EXP(-BH20*BF20*E20))*(EXP(-$BF$140*$F$144*D159*(24+273)*M20)) -> 0.029245785
A21: He30296.txt | B21: IrrWin0601bTube012624: 4805_475.0_210.0 210.00 | C21: 45326.714 | D21: 210 | E21: =J21/60 -> 475 | F21: Experimental | G21: 93 | H21: 0 | I21: 5.64 | J21: 28500 | K21: 28626.295 | L21: =(C21-C20)*24*3600 -> 30060 | M21: =L21-J21 -> 1560 | O21: 0.0062046044 | P21: 0.025884273 | R21: 0.57702821 | S21: 0.0099925221 | T21: 0.1459873 | U21: 0.00061153078 | W21: =(1000*T21/R21)/$AG$140 -> 0.2535767 | Y21: =T21-AVERAGE(T22:T24) -> 0.14020058 | Z21: =U21+AVERAGE(T22:T24) -> 0.0063982505 | AB21: =(Y21*1000)/R21 -> 242.97006 | AC21: =2*((1000*Z21/(2*R21))^2+((S21/2)*1000*Y21/(R21^2))^2)^0.5 -> 11.859745 | AD21: =AB21/$AG$140 -> 0.2435253 | AE21: =2*(($AH$140*AB21/(2*$AG$140^2))^2+(AC21/($AG$140*2))^2)^0.5 -> 0.012168421 | AG21: {=BP21:BQ21} -> 0.61818171 | AH21: 0.011701238 | AI21: {=BX21:BY21} -> 0.15166157 | AJ21: 0.0071272338 | AL21: =1000*AI21/AG21 -> 245.33494 | AM21: =2*((AH21*1000*AI21/(2*AG21^2))^2+(1000*AJ21/(AG21*2))^2)^0.5 -> 12.42944 | AN21: =AL21/$AG$140 -> 0.24589558 | AO21: =2*(($AH$140*AL21/(2*$AG$140^2))^2+(AM21/($AG$140*2))^2)^0.5 -> 0.012731995 | AQ21: =SUM(BP$5:$BP21) -> 3.4446943 | AR21: {=2*SQRT(SUM((BQ$5:$BQ21/2)^2))} -> 0.037192315 | AS21: =SUM($BX$5:BX21) -> 0.36188756 | AT21: {=2*SQRT(SUM(($BY$5:BY21/2)^2))} -> 0.012197689 | AU21: =AU20+R21 -> 3.3798522 | AW21: =AW20+T21 -> 0.40553743 | BF21: =IF((273+D21)>=600, 0.00074*EXP(-6613/(1.987*(273+D21)))*128000000000000000*EXP(1174/(1.987*(273+D21))), 0.000304*EXP(-5580/(1.987*(273+D21)))*199000000000000000*EXP(680/(1.987*(273+D21)))) -> 3.6675059e+11 | BG21: =BF21 * 1.17*EXP(-57/(1.987*(273+D21))) -> 4.0435513e+11 | BH21: =(D21+273)*$D$145*$F$144 -> 4.6026354e-16 | BN21: =BN20*EXP(-BD20*E20*60) -> 0.014061491 | BO21: =2*((((BO20/2)*EXP(-BD20*E20*60))^2+(BN20*EXP(-BD20*E20*60)*E20*60*BC20*BD20/BB20)^2)^0.5) -> 0.002110601 | BP21: =R21+BN22-BN21 -> 0.61818171 | BQ21: =2*(((BO21/2)^2+(BO22/2)^2+(S21/2)^2)^(0.5)) -> 0.011701238 | BR21: =100*(BP21-R21)/R21 -> 7.1319727 | BV21: =BV20*EXP(-BB20*BH20*E20*60*0.91357457380209)*EXP(-(M20-1560)*$CW$126*$BH$48*0.91357457380209) -> 0.003323646 | BW21: =2*SQRT( ((BW20/2) * EXP(-BB20 * BH20 * E20 * 60 * 0.91357457380209) * EXP(-(M20 - 1560) * $CW$126 * $BH$48 * 0.91357457380209))^2 + (BC20 * (-BV20 * BH20 * E20 * 60 * 0.91357457380209 * EXP(-BB20 * BH20 * E20 * 60 * 0.91357457380209) * EXP(-(M20 - 1560) * $CW$126 * $BH$48 * 0.91357457380209)))^2 + ((0.146030972937065 / 2) * BV20 * (-BB20 * BH20 * E20 * 60 - (M20 - 1560) * $CW$126 * $BH$48) * EXP(-BB20 * BH20 * E20 * 60 * 0.91357457380209) * EXP(-(M20 - 1560) * $CW$126 * $BH$48 * 0.91357457380209))^2 + -(M20-1560)*$BH$48*0.91357457380209*BV20*EXP(-BB20*BH20*E20*60*0.91357457380209)*EXP(-(M20-1560)*$CW$126*$BH$48*0.91357457380209)) -> 0.00083925303 | BX21: =Y21+BV22-BV21 -> 0.15166157 | BY21: =2*(((BW21/2)^2+(BW22/2)^2+(Z21/2)^2)^(0.5)) -> 0.0071272338 | BZ21: =100*(BX21-Y21)/Y21 -> 8.1747118 | CA21: =R21*CC21 -> 0.13406376 | CB21: =BH21*BG21*J21 -> 5.3041328 | CC21: =1/(CB21-1) -> 0.23233484 | CD21: =CF21*T21 -> 0.038308281 | CE21: =BH21*BF21*J21 -> 4.8108549 | CF21: =1/(CE21-1) -> 0.26240831 | CG21: =R21-CA17 -> 0.44403441 | CH21: =R21+CA21 -> 0.71109197 | CI21: =T21-CD17 -> 0.11631749 | CJ21: =T21+CD21 -> 0.18429558 | CK21: =CE21*1.29 -> 6.2060028 | CL21: =R21 / (CK21-1) -> 0.11083901 | CM21: =1000*T21/R21 -> 252.99855 | CN21: =1000*(T21+CD21)/(R21+CL21) -> 267.92319 | CO21: =1000*(T21-CD17)/(R21-CL17) -> 248.74942 | CP21: =1000*(T21+CD21-CD17)/(R21+CL21-CL17) -> 267.3114 | CQ21: =MAX(CM21:CP21) -> 267.92319 | CR21: =MIN(CM21:CP21) -> 248.74942
A22: He30298.txt | B22: IrrWin0601bTube012624: 5105_150.0_110.0 109.99 | C22: 45326.836 | D22: 109.99 | E22: =J22/60 -> 150 | F22: Informed/Naïve Bracket | G22: 3.71 | H22: 0 | I22: 0.374 | J22: 9000 | K22: 9128.359 | L22: =(C22-C21)*24*3600 -> 10560 | M22: =L22-J22 -> 1560 | O22: 0.0061766666 | P22: 0.025862224 | R22: 0.022915433 | S22: 0.0003930218 | T22: 0.0096724716 | U22: 4.0523336e-05 | AQ22: =SUM(BP$5:$BP22) -> 3.4446943 | AR22: {=2*SQRT(SUM((BQ$5:$BQ22/2)^2))} -> 0.037192315 | AS22: =SUM($BX$5:BX22) -> 0.36188756 | AT22: {=2*SQRT(SUM(($BY$5:BY22/2)^2))} -> 0.012197689 | AU22: =AU21+R22 -> 3.4027676 | AW22: =AW21+T22 -> 0.4152099 | AZ22: ='Naive Apparent Lambdas'!$U$2*(10000/(D22+273))+'Naive Apparent Lambdas'!$V$2 -> 25.818477 | BA22: ='Naive Apparent Lambdas'!$V$4 -> 0.067480704 | BB22: =EXP(AZ22) -> 1.6323829e+11 | BC22: =BA22*BB22 -> 1.1015435e+10 | BD22: =BB22*(D22+273)*$D$145*$F$144 -> 5.9575669e-05 | BF22: =IF((273+D22)>=600, 0.00074*EXP(-6613/(1.987*(273+D22)))*128000000000000000*EXP(1174/(1.987*(273+D22))), 0.000304*EXP(-5580/(1.987*(273+D22)))*199000000000000000*EXP(680/(1.987*(273+D22)))) -> 9.6683804e+10 | BG22: =BF22 * 1.17*EXP(-57/(1.987*(273+D22))) -> 1.0495674e+11 | BH22: =(D22+273)*$D$145*$F$144 -> 3.6496135e-16 | BJ22: =R22/(1-EXP(-E22*60*BD22)) -> 0.055214986 | BK22: =2*SQRT( ((S22/2) * (1 / (1 - EXP(-E22 * 60 * BB22 * BH22))))^2 + (BC22 * (-R22 * 60 * E22 * BH22 * EXP(-E22 * 60 * BB22 * BH22) / (1 - EXP(-E22 * 60 * BB22 * BH22))^2))^2 ) -> 0.0057108534 | BL22: =R22/(1-EXP(-E22*60*BB22*BH22)*EXP(-(M22-1560)*$CW$126*$BH$122)) -> 0.055214986 | BM22: =2*SQRT( ((S22/2) * (1 / (1 - EXP(-E22 * 60 * BB22 * BH22) * EXP(-(M22 - 1560) * $CW$126 * $BH$48))))^2 + (BC22 * (-R22 * 60 * E22 * BH22 * EXP(-E22 * 60 * BB22 * BH22) / ((1 - EXP(-E22 * 60 * BB22 * BH22) * EXP(-(M22 - 1560) * $CW$126 * $BH$48))^2)))^2 + ($CX$126 * (-R22 * (M22 - 1560) * $BH$48 * EXP(-(M22 - 1560) * $CW$126 * $BH$48) / ((1 - EXP(-E22 * 60 * BB22 * BH22) * EXP(-(M22 - 1560) * $CW$126 * $BH$48))^2)))^2 ) -> 0.0057108534 | BN22: {=BJ22:BK22} -> 0.055214986 | BO22: 0.0057108534 | BT22: =BN22*(Y21/R21)*1.10204926384627 -> 0.014784639 | BU22: =2*(((BO22/2)*1.10204926384627*(AB21/(1000)))^2+((AC21/2000)*1.10204926384627*BN22)^2+((0.187040260207234/2)*BN22*(AB21/(1000)))^2)^0.5 -> 0.0030258068 | BV22: =BT22 -> 0.014784639 | BW22: =BU22 -> 0.0030258068 | CA22: =CA21*(EXP(-BH22*BG22*E22))*(EXP(-$BG$140*$F$144*D161*(24+273)*M22)) -> 0.13329567 | CD22: =CD21*(EXP(-BH22*BF22*E22))*(EXP(-$BF$140*$F$144*D161*(24+273)*M22)) -> 0.038106056
A23: He30301.txt | B23: IrrWin0601bTube012624: 5305_150.0_110.0 110.00 | C23: 45326.958 | D23: 110 | E23: =J23/60 -> 150 | F23: Naïve Bracket | G23: 1.86 | H23: 0 | I23: 0.171 | J23: 9000 | K23: 9129.162 | L23: =(C23-C22)*24*3600 -> 10560 | M23: =L23-J23 -> 1560 | O23: 0.0061889977 | P23: 0.025874449 | R23: 0.011511536 | S23: 0.00020127919 | T23: 0.0044245308 | U23: 1.8146535e-05 | AQ23: =SUM(BP$5:$BP23) -> 3.4446943 | AR23: {=2*SQRT(SUM((BQ$5:$BQ23/2)^2))} -> 0.037192315 | AS23: =SUM($BX$5:BX23) -> 0.36188756 | AT23: {=2*SQRT(SUM(($BY$5:BY23/2)^2))} -> 0.012197689 | AU23: =AU22+R23 -> 3.4142792 | AW23: =AW22+T23 -> 0.41963443 | AZ23: ='Naive Apparent Lambdas'!$U$2*(10000/(D23+273))+'Naive Apparent Lambdas'!$V$2 -> 25.818827 | BA23: ='Naive Apparent Lambdas'!$V$4 -> 0.067480704 | BB23: =EXP(AZ23) -> 1.6329539e+11 | BC23: =BA23*BB23 -> 1.1019288e+10 | BD23: =BB23*(D23+273)*$D$145*$F$144 -> 5.9598062e-05 | BF23: =IF((273+D23)>=600, 0.00074*EXP(-6613/(1.987*(273+D23)))*128000000000000000*EXP(1174/(1.987*(273+D23))), 0.000304*EXP(-5580/(1.987*(273+D23)))*199000000000000000*EXP(680/(1.987*(273+D23)))) -> 9.6700059e+10 | BG23: =BF23 * 1.17*EXP(-57/(1.987*(273+D23))) -> 1.049746e+11 | BH23: =(D23+273)*$D$145*$F$144 -> 3.6497088e-16 | BJ23: =R23/(1-EXP(-E23*60*BD23)) -> 0.027729294 | BK23: =2*SQRT( ((S23/2) * (1 / (1 - EXP(-E23 * 60 * BB23 * BH23))))^2 + (BC23 * (-R23 * 60 * E23 * BH23 * EXP(-E23 * 60 * BB23 * BH23) / (1 - EXP(-E23 * 60 * BB23 * BH23))^2))^2 ) -> 0.0028692692 | BL23: =R23/(1-EXP(-E23*60*BB23*BH23)*EXP(-(M23-1560)*$CW$126*$BH$122)) -> 0.027729294 | BM23: =2*SQRT( ((S23/2) * (1 / (1 - EXP(-E23 * 60 * BB23 * BH23) * EXP(-(M23 - 1560) * $CW$126 * $BH$48))))^2 + (BC23 * (-R23 * 60 * E23 * BH23 * EXP(-E23 * 60 * BB23 * BH23) / ((1 - EXP(-E23 * 60 * BB23 * BH23) * EXP(-(M23 - 1560) * $CW$126 * $BH$48))^2)))^2 + ($CX$126 * (-R23 * (M23 - 1560) * $BH$48 * EXP(-(M23 - 1560) * $CW$126 * $BH$48) / ((1 - EXP(-E23 * 60 * BB23 * BH23) * EXP(-(M23 - 1560) * $CW$126 * $BH$48))^2)))^2 ) -> 0.0028692692 | BN23: =BN22*EXP(-BD22*E22*60) -> 0.032299553 | BO23: =2*((((BO22/2)*EXP(-BD22*E22*60))^2+(BN22*EXP(-BD22*E22*60)*E22*60*BC22*BD22/BB22)^2)^0.5) -> 0.0040771907 | BV23: =BV22*EXP(-BB22*BH22*E22*60*0.91357457380209)*EXP(-(M22-1560)*$CW$126*$BH$48*0.91357457380209) -> 0.0090588974 | BW23: =2*SQRT( ((BW22/2) * EXP(-BB22 * BH22 * E22 * 60 * 0.91357457380209) * EXP(-(M22 - 1560) * $CW$126 * $BH$48 * 0.91357457380209))^2 + (BC22 * (-BV22 * BH22 * E22 * 60 * 0.91357457380209 * EXP(-BB22 * BH22 * E22 * 60 * 0.91357457380209) * EXP(-(M22 - 1560) * $CW$126 * $BH$48 * 0.91357457380209)))^2 + ((0.146030972937065 / 2) * BV22 * (-BB22 * BH22 * E22 * 60 - (M22 - 1560) * $CW$126 * $BH$48) * EXP(-BB22 * BH22 * E22 * 60 * 0.91357457380209) * EXP(-(M22 - 1560) * $CW$126 * $BH$48 * 0.91357457380209))^2 + -(M22-1560)*$BH$48*0.91357457380209*BV22*EXP(-BB22*BH22*E22*60*0.91357457380209)*EXP(-(M22-1560)*$CW$126*$BH$48*0.91357457380209)) -> 0.0020734084 | CA23: =CA22*(EXP(-BH23*BG23*E23))*(EXP(-$BG$140*$F$144*D162*(24+273)*M23)) -> 0.13253183 | CD23: =CD22*(EXP(-BH23*BF23*E23))*(EXP(-$BF$140*$F$144*D162*(24+273)*M23)) -> 0.037904859
A24: He30303.txt | B24: IrrWin0601bTube012624: 5505_150.0_110.0 110.00 | C24: 45327.081 | D24: 110 | E24: =J24/60 -> 150 | F24: Naïve Bracket | G24: 1.21 | H24: 0 | I24: 0.126 | J24: 9000 | K24: 9128.907 | L24: =(C24-C23)*24*3600 -> 10560 | M24: =L24-J24 -> 1560 | O24: 0.0062128989 | P24: 0.02589807 | R24: 0.0075176076 | S24: 0.00013622341 | T24: 0.0032631568 | U24: 1.2846251e-05 | AQ24: =SUM(BP$5:$BP24) -> 3.4446943 | AR24: {=2*SQRT(SUM((BQ$5:$BQ24/2)^2))} -> 0.037192315 | AS24: =SUM($BX$5:BX24) -> 0.36188756 | AT24: {=2*SQRT(SUM(($BY$5:BY24/2)^2))} -> 0.012197689 | AU24: =AU23+R24 -> 3.4217968 | AW24: =AW23+T24 -> 0.42289759 | AZ24: ='Naive Apparent Lambdas'!$U$2*(10000/(D24+273))+'Naive Apparent Lambdas'!$V$2 -> 25.818827 | BA24: ='Naive Apparent Lambdas'!$V$4 -> 0.067480704 | BB24: =EXP(AZ24) -> 1.6329539e+11 | BC24: =BA24*BB24 -> 1.1019288e+10 | BD24: =BB24*(D24+273)*$D$145*$F$144 -> 5.9598062e-05 | BF24: =IF((273+D24)>=600, 0.00074*EXP(-6613/(1.987*(273+D24)))*128000000000000000*EXP(1174/(1.987*(273+D24))), 0.000304*EXP(-5580/(1.987*(273+D24)))*199000000000000000*EXP(680/(1.987*(273+D24)))) -> 9.6700059e+10 | BG24: =BF24 * 1.17*EXP(-57/(1.987*(273+D24))) -> 1.049746e+11 | BH24: =(D24+273)*$D$145*$F$144 -> 3.6497088e-16 | BJ24: =R24/(1-EXP(-E24*60*BD24)) -> 0.018108614 | BK24: =2*SQRT( ((S24/2) * (1 / (1 - EXP(-E24 * 60 * BB24 * BH24))))^2 + (BC24 * (-R24 * 60 * E24 * BH24 * EXP(-E24 * 60 * BB24 * BH24) / (1 - EXP(-E24 * 60 * BB24 * BH24))^2))^2 ) -> 0.0018757552 | BL24: =R24/(1-EXP(-E24*60*BB24*BH24)*EXP(-(M24-1560)*$CW$126*$BH$122)) -> 0.018108614 | BM24: =2*SQRT( ((S24/2) * (1 / (1 - EXP(-E24 * 60 * BB24 * BH24) * EXP(-(M24 - 1560) * $CW$126 * $BH$48))))^2 + (BC24 * (-R24 * 60 * E24 * BH24 * EXP(-E24 * 60 * BB24 * BH24) / ((1 - EXP(-E24 * 60 * BB24 * BH24) * EXP(-(M24 - 1560) * $CW$126 * $BH$48))^2)))^2 + ($CX$126 * (-R24 * (M24 - 1560) * $BH$48 * EXP(-(M24 - 1560) * $CW$126 * $BH$48) / ((1 - EXP(-E24 * 60 * BB24 * BH24) * EXP(-(M24 - 1560) * $CW$126 * $BH$48))^2)))^2 ) -> 0.0018757552 | BN24: =BN23*EXP(-BD23*E23*60) -> 0.01889072 | BO24: =2*((((BO23/2)*EXP(-BD23*E23*60))^2+(BN23*EXP(-BD23*E23*60)*E23*60*BC23*BD23/BB23)^2)^0.5) -> 0.0027488824 | BV24: =BV23*EXP(-BB23*BH23*E23*60*0.91357457380209)*EXP(-(M23-1560)*$CW$126*$BH$48*0.91357457380209) -> 0.0055495783 | BW24: =2*SQRT( ((BW23/2) * EXP(-BB23 * BH23 * E23 * 60 * 0.91357457380209) * EXP(-(M23 - 1560) * $CW$126 * $BH$48 * 0.91357457380209))^2 + (BC23 * (-BV23 * BH23 * E23 * 60 * 0.91357457380209 * EXP(-BB23 * BH23 * E23 * 60 * 0.91357457380209) * EXP(-(M23 - 1560) * $CW$126 * $BH$48 * 0.91357457380209)))^2 + ((0.146030972937065 / 2) * BV23 * (-BB23 * BH23 * E23 * 60 - (M23 - 1560) * $CW$126 * $BH$48) * EXP(-BB23 * BH23 * E23 * 60 * 0.91357457380209) * EXP(-(M23 - 1560) * $CW$126 * $BH$48 * 0.91357457380209))^2 + -(M23-1560)*$BH$48*0.91357457380209*BV23*EXP(-BB23*BH23*E23*60*0.91357457380209)*EXP(-(M23-1560)*$CW$126*$BH$48*0.91357457380209)) -> 0.0013917783 | CA24: =CA23*(EXP(-BH24*BG24*E24))*(EXP(-$BG$140*$F$144*D163*(24+273)*M24)) -> 0.13177236 | CD24: =CD23*(EXP(-BH24*BF24*E24))*(EXP(-$BF$140*$F$144*D163*(24+273)*M24)) -> 0.037704724
A25: He30307.txt | B25: IrrWin0601bTube012624: 5705_450.0_220.0 220.00 | C25: 45327.411 | D25: 220 | E25: =J25/60 -> 450 | F25: Experimental | G25: 102 | H25: 0 | I25: 8.07 | J25: 27000 | K25: 27130.369 | L25: =(C25-C24)*24*3600 -> 28560 | M25: =L25-J25 -> 1560 | O25: 0.0062091428 | P25: 0.025904605 | R25: 0.63333256 | S25: 0.011423818 | T25: 0.20905016 | U25: 0.00096717726 | W25: =(1000*T25/R25)/$AG$140 -> 0.33083391 | Y25: =T25-AVERAGE(T26:T28) -> 0.20117492 | Z25: =U25+AVERAGE(T26:T28) -> 0.0088424258 | AB25: =(Y25*1000)/R25 -> 317.64499 | AC25: =2*((1000*Z25/(2*R25))^2+((S25/2)*1000*Y25/(R25^2))^2)^0.5 -> 15.091658 | AD25: =AB25/$AG$140 -> 0.31837088 | AE25: =2*(($AH$140*AB25/(2*$AG$140^2))^2+(AC25/($AG$140*2))^2)^0.5 -> 0.015504092 | AG25: {=BP25:BQ25} -> 0.669218 | AH25: 0.012436423 | AI25: {=BX25:BY25} -> 0.21420487 | AJ25: 0.0094861652 | AL25: =1000*AI25/AG25 -> 320.08235 | AM25: =2*((AH25*1000*AI25/(2*AG25^2))^2+(1000*AJ25/(AG25*2))^2)^0.5 -> 15.372455 | AN25: =AL25/$AG$140 -> 0.32081381 | AO25: =2*(($AH$140*AL25/(2*$AG$140^2))^2+(AM25/($AG$140*2))^2)^0.5 -> 0.015784441 | AQ25: =SUM(BP$5:$BP25) -> 4.1139123 | AR25: {=2*SQRT(SUM((BQ$5:$BQ25/2)^2))} -> 0.039216488 | AS25: =SUM($BX$5:BX25) -> 0.57609244 | AT25: {=2*SQRT(SUM(($BY$5:BY25/2)^2))} -> 0.015452215 | AU25: =AU24+R25 -> 4.0551293 | AW25: =AW24+T25 -> 0.63194776 | BF25: =IF((273+D25)>=600, 0.00074*EXP(-6613/(1.987*(273+D25)))*128000000000000000*EXP(1174/(1.987*(273+D25))), 0.000304*EXP(-5580/(1.987*(273+D25)))*199000000000000000*EXP(680/(1.987*(273+D25)))) -> 4.0676878e+11 | BG25: =BF25 * 1.17*EXP(-57/(1.987*(273+D25))) -> 4.4901717e+11 | BH25: =(D25+273)*$D$145*$F$144 -> 4.697928e-16 | BN25: =BN24*EXP(-BD24*E24*60) -> 0.011048429 | BO25: =2*((((BO24/2)*EXP(-BD24*E24*60))^2+(BN24*EXP(-BD24*E24*60)*E24*60*BC24*BD24/BB24)^2)^0.5) -> 0.001795669 | BP25: =R25+BN26-BN25 -> 0.669218 | BQ25: =2*(((BO25/2)^2+(BO26/2)^2+(S25/2)^2)^(0.5)) -> 0.012436423 | BR25: =100*(BP25-R25)/R25 -> 5.6661282 | BV25: =BV24*EXP(-BB24*BH24*E24*60*0.91357457380209)*EXP(-(M24-1560)*$CW$126*$BH$48*0.91357457380209) -> 0.0033997316 | BW25: =2*SQRT( ((BW24/2) * EXP(-BB24 * BH24 * E24 * 60 * 0.91357457380209) * EXP(-(M24 - 1560) * $CW$126 * $BH$48 * 0.91357457380209))^2 + (BC24 * (-BV24 * BH24 * E24 * 60 * 0.91357457380209 * EXP(-BB24 * BH24 * E24 * 60 * 0.91357457380209) * EXP(-(M24 - 1560) * $CW$126 * $BH$48 * 0.91357457380209)))^2 + ((0.146030972937065 / 2) * BV24 * (-BB24 * BH24 * E24 * 60 - (M24 - 1560) * $CW$126 * $BH$48) * EXP(-BB24 * BH24 * E24 * 60 * 0.91357457380209) * EXP(-(M24 - 1560) * $CW$126 * $BH$48 * 0.91357457380209))^2 + -(M24-1560)*$BH$48*0.91357457380209*BV24*EXP(-BB24*BH24*E24*60*0.91357457380209)*EXP(-(M24-1560)*$CW$126*$BH$48*0.91357457380209)) -> 0.00092109959 | BX25: =Y25+BV26-BV25 -> 0.21420487 | BY25: =2*(((BW25/2)^2+(BW26/2)^2+(Z25/2)^2)^(0.5)) -> 0.0094861652 | BZ25: =100*(BX25-Y25)/Y25 -> 6.4769292 | CA25: =R25*CC25 -> 0.13488029 | CB25: =BH25*BG25*J25 -> 5.6955159 | CC25: =1/(CB25-1) -> 0.21296914 | CD25: =CF25*T25 -> 0.050257031 | CE25: =BH25*BF25*J25 -> 5.1596203 | CF25: =1/(CE25-1) -> 0.24040656 | CG25: =R25-CA21 -> 0.49926881 | CH25: =R25+CA25 -> 0.76821286 | CI25: =T25-CD21 -> 0.17074188 | CJ25: =T25+CD25 -> 0.2593072 | CK25: =CE25*1.29 -> 6.6559101 | CL25: =R25 / (CK25-1) -> 0.11197713 | CM25: =1000*T25/R25 -> 330.07961 | CN25: =1000*(T25+CD25)/(R25+CL25) -> 347.91872 | CO25: =1000*(T25-CD21)/(R25-CL21) -> 326.78276 | CP25: =1000*(T25+CD25-CD21)/(R25+CL25-CL21) -> 348.32014 | CQ25: =MAX(CM25:CP25) -> 348.32014 | CR25: =MIN(CM25:CP25) -> 326.78276
A26: He30310.txt | B26: IrrWin0601bTube012624: 6005_150.0_115.0 115.00 | C26: 45327.533 | D26: 115 | E26: =J26/60 -> 150 | F26: Informed Bracket | G26: 3.59 | H26: 0 | I26: 0.329 | J26: 9000 | K26: 9127.936 | L26: =(C26-C25)*24*3600 -> 10560 | M26: =L26-J26 -> 1560 | O26: 0.0062194486 | P26: 0.025904605 | R26: 0.02232782 | S26: 0.00037376859 | T26: 0.0085226151 | U26: 3.8388012e-05 | AQ26: =SUM(BP$5:$BP26) -> 4.1139123 | AR26: {=2*SQRT(SUM((BQ$5:$BQ26/2)^2))} -> 0.039216488 | AS26: =SUM($BX$5:BX26) -> 0.57609244 | AT26: {=2*SQRT(SUM(($BY$5:BY26/2)^2))} -> 0.015452215 | AU26: =AU25+R26 -> 4.0774572 | AW26: =AW25+T26 -> 0.64047037 | AZ26: ='Naive Apparent Lambdas'!$U$2*(10000/(D26+273))+'Naive Apparent Lambdas'!$V$2 -> 25.991417 | BA26: ='Naive Apparent Lambdas'!$V$4 -> 0.067480704 | BB26: =EXP(AZ26) -> 1.9405685e+11 | BC26: =BA26*BB26 -> 1.3095093e+10 | BD26: =BB26*(D26+273)*$D$145*$F$144 -> 7.1749708e-05 | BF26: =IF((273+D26)>=600, 0.00074*EXP(-6613/(1.987*(273+D26)))*128000000000000000*EXP(1174/(1.987*(273+D26))), 0.000304*EXP(-5580/(1.987*(273+D26)))*199000000000000000*EXP(680/(1.987*(273+D26)))) -> 1.0506584e+11 | BG26: =BF26 * 1.17*EXP(-57/(1.987*(273+D26))) -> 1.1416637e+11 | BH26: =(D26+273)*$D$145*$F$144 -> 3.6973551e-16 | BJ26: =R26/(1-EXP(-E26*60*BD26)) -> 0.046933864 | BK26: =2*SQRT( ((S26/2) * (1 / (1 - EXP(-E26 * 60 * BB26 * BH26))))^2 + (BC26 * (-R26 * 60 * E26 * BH26 * EXP(-E26 * 60 * BB26 * BH26) / (1 - EXP(-E26 * 60 * BB26 * BH26))^2))^2 ) -> 0.0045756477 | BL26: =R26/(1-EXP(-E26*60*BB26*BH26)*EXP(-(M26-1560)*$CW$126*$BH$122)) -> 0.046933864 | BM26: =2*SQRT( ((S26/2) * (1 / (1 - EXP(-E26 * 60 * BB26 * BH26) * EXP(-(M26 - 1560) * $CW$126 * $BH$48))))^2 + (BC26 * (-R26 * 60 * E26 * BH26 * EXP(-E26 * 60 * BB26 * BH26) / ((1 - EXP(-E26 * 60 * BB26 * BH26) * EXP(-(M26 - 1560) * $CW$126 * $BH$48))^2)))^2 + ($CX$126 * (-R26 * (M26 - 1560) * $BH$48 * EXP(-(M26 - 1560) * $CW$126 * $BH$48) / ((1 - EXP(-E26 * 60 * BB26 * BH26) * EXP(-(M26 - 1560) * $CW$126 * $BH$48))^2)))^2 ) -> 0.0045756477 | BN26: {=BJ26:BK26} -> 0.046933864 | BO26: 0.0045756477 | BT26: =BN26*(Y25/R25)*1.10204926384627 -> 0.016429689 | BU26: =2*(((BO26/2)*1.10204926384627*(AB25/(1000)))^2+((AC25/2000)*1.10204926384627*BN26)^2+((0.187040260207234/2)*BN26*(AB25/(1000)))^2)^0.5 -> 0.0033091405 | BV26: =BT26 -> 0.016429689 | BW26: =BU26 -> 0.0033091405 | CA26: =CA25*(EXP(-BH26*BG26*E26))*(EXP(-$BG$140*$F$144*D165*(24+273)*M26)) -> 0.13402897 | CD26: =CD25*(EXP(-BH26*BF26*E26))*(EXP(-$BF$140*$F$144*D165*(24+273)*M26)) -> 0.049965036
A27: He30312.txt | B27: IrrWin0601bTube012624: 6205_150.0_115.0 115.00 | C27: 45327.659 | D27: 115 | E27: =J27/60 -> 150 | G27: 2.15 | H27: 0 | I27: 0.295 | J27: 9000 | K27: 9128.579 | L27: =(C27-C26)*24*3600 -> 10860 | M27: =L27-J27 -> 1860 | O27: 0.0062368414 | P27: 0.025904605 | R27: 0.013409209 | S27: 0.0002010208 | T27: 0.0076418586 | U27: 3.2517588e-05 | AQ27: =SUM(BP$5:$BP27) -> 4.1139123 | AR27: {=2*SQRT(SUM((BQ$5:$BQ27/2)^2))} -> 0.039216488 | AS27: =SUM($BX$5:BX27) -> 0.57609244 | AT27: {=2*SQRT(SUM(($BY$5:BY27/2)^2))} -> 0.015452215 | AU27: =AU26+R27 -> 4.0908664 | AW27: =AW26+T27 -> 0.64811223 | AZ27: ='Naive Apparent Lambdas'!$U$2*(10000/(D27+273))+'Naive Apparent Lambdas'!$V$2 -> 25.991417 | BA27: ='Naive Apparent Lambdas'!$V$4 -> 0.067480704 | BB27: =EXP(AZ27) -> 1.9405685e+11 | BC27: =BA27*BB27 -> 1.3095093e+10 | BD27: =BB27*(D27+273)*$D$145*$F$144 -> 7.1749708e-05 | BF27: =IF((273+D27)>=600, 0.00074*EXP(-6613/(1.987*(273+D27)))*128000000000000000*EXP(1174/(1.987*(273+D27))), 0.000304*EXP(-5580/(1.987*(273+D27)))*199000000000000000*EXP(680/(1.987*(273+D27)))) -> 1.0506584e+11 | BG27: =BF27 * 1.17*EXP(-57/(1.987*(273+D27))) -> 1.1416637e+11 | BH27: =(D27+273)*$D$145*$F$144 -> 3.6973551e-16 | BJ27: =R27/(1-EXP(-E27*60*BD27)) -> 0.028186629 | BK27: =2*SQRT( ((S27/2) * (1 / (1 - EXP(-E27 * 60 * BB27 * BH27))))^2 + (BC27 * (-R27 * 60 * E27 * BH27 * EXP(-E27 * 60 * BB27 * BH27) / (1 - EXP(-E27 * 60 * BB27 * BH27))^2))^2 ) -> 0.0027399202 | BL27: =R27/(1-EXP(-E27*60*BB27*BH27)*EXP(-(M27-1560)*$CW$126*$BH$122)) -> 0.028118766 | BM27: =2*SQRT( ((S27/2) * (1 / (1 - EXP(-E27 * 60 * BB27 * BH27) * EXP(-(M27 - 1560) * $CW$126 * $BH$48))))^2 + (BC27 * (-R27 * 60 * E27 * BH27 * EXP(-E27 * 60 * BB27 * BH27) / ((1 - EXP(-E27 * 60 * BB27 * BH27) * EXP(-(M27 - 1560) * $CW$126 * $BH$48))^2)))^2 + ($CX$126 * (-R27 * (M27 - 1560) * $BH$48 * EXP(-(M27 - 1560) * $CW$126 * $BH$48) / ((1 - EXP(-E27 * 60 * BB27 * BH27) * EXP(-(M27 - 1560) * $CW$126 * $BH$48))^2)))^2 ) -> 0.002727169 | BN27: =BN26*EXP(-BD26*E26*60) -> 0.024606044 | BO27: =2*((((BO26/2)*EXP(-BD26*E26*60))^2+(BN26*EXP(-BD26*E26*60)*E26*60*BC26*BD26/BB26)^2)^0.5) -> 0.0032176449 | BV27: =BV26*EXP(-BB26*BH26*E26*60*0.91357457380209)*EXP(-(M26-1560)*$CW$126*$BH$48*0.91357457380209) -> 0.0091079858 | BW27: =2*SQRT( ((BW26/2) * EXP(-BB26 * BH26 * E26 * 60 * 0.91357457380209) * EXP(-(M26 - 1560) * $CW$126 * $BH$48 * 0.91357457380209))^2 + (BC26 * (-BV26 * BH26 * E26 * 60 * 0.91357457380209 * EXP(-BB26 * BH26 * E26 * 60 * 0.91357457380209) * EXP(-(M26 - 1560) * $CW$126 * $BH$48 * 0.91357457380209)))^2 + ((0.146030972937065 / 2) * BV26 * (-BB26 * BH26 * E26 * 60 - (M26 - 1560) * $CW$126 * $BH$48) * EXP(-BB26 * BH26 * E26 * 60 * 0.91357457380209) * EXP(-(M26 - 1560) * $CW$126 * $BH$48 * 0.91357457380209))^2 + -(M26-1560)*$BH$48*0.91357457380209*BV26*EXP(-BB26*BH26*E26*60*0.91357457380209)*EXP(-(M26-1560)*$CW$126*$BH$48*0.91357457380209)) -> 0.0021514595 | CA27: =CA26*(EXP(-BH27*BG27*E27))*(EXP(-$BG$140*$F$144*D166*(24+273)*M27)) -> 0.13318302 | CD27: =CD26*(EXP(-BH27*BF27*E27))*(EXP(-$BF$140*$F$144*D166*(24+273)*M27)) -> 0.049674737
A28: He30314.txt | B28: IrrWin0601bTube012624: 6305_150.0_115.0 115.00 | C28: 45327.781 | D28: 115 | E28: =J28/60 -> 150 | G28: 1.25 | H28: 0 | I28: 0.288 | J28: 9000 | K28: 9128.275 | L28: =(C28-C27)*24*3600 -> 10560 | M28: =L28-J28 -> 1560 | O28: 0.0062399394 | P28: 0.025907194 | R28: 0.0077999242 | S28: 0.0001137461 | T28: 0.007461272 | U28: 3.1275994e-05 | AQ28: =SUM(BP$5:$BP28) -> 4.1139123 | AR28: {=2*SQRT(SUM((BQ$5:$BQ28/2)^2))} -> 0.039216488 | AS28: =SUM($BX$5:BX28) -> 0.57609244 | AT28: {=2*SQRT(SUM(($BY$5:BY28/2)^2))} -> 0.015452215 | AU28: =AU27+R28 -> 4.0986663 | AW28: =AW27+T28 -> 0.6555735 | AZ28: ='Naive Apparent Lambdas'!$U$2*(10000/(D28+273))+'Naive Apparent Lambdas'!$V$2 -> 25.991417 | BA28: ='Naive Apparent Lambdas'!$V$4 -> 0.067480704 | BB28: =EXP(AZ28) -> 1.9405685e+11 | BC28: =BA28*BB28 -> 1.3095093e+10 | BD28: =BB28*(D28+273)*$D$145*$F$144 -> 7.1749708e-05 | BF28: =IF((273+D28)>=600, 0.00074*EXP(-6613/(1.987*(273+D28)))*128000000000000000*EXP(1174/(1.987*(273+D28))), 0.000304*EXP(-5580/(1.987*(273+D28)))*199000000000000000*EXP(680/(1.987*(273+D28)))) -> 1.0506584e+11 | BG28: =BF28 * 1.17*EXP(-57/(1.987*(273+D28))) -> 1.1416637e+11 | BH28: =(D28+273)*$D$145*$F$144 -> 3.6973551e-16 | BJ28: =R28/(1-EXP(-E28*60*BD28)) -> 0.016395715 | BK28: =2*SQRT( ((S28/2) * (1 / (1 - EXP(-E28 * 60 * BB28 * BH28))))^2 + (BC28 * (-R28 * 60 * E28 * BH28 * EXP(-E28 * 60 * BB28 * BH28) / (1 - EXP(-E28 * 60 * BB28 * BH28))^2))^2 ) -> 0.0015927495 | BL28: =R28/(1-EXP(-E28*60*BB28*BH28)*EXP(-(M28-1560)*$CW$126*$BH$122)) -> 0.016395715 | BM28: =2*SQRT( ((S28/2) * (1 / (1 - EXP(-E28 * 60 * BB28 * BH28) * EXP(-(M28 - 1560) * $CW$126 * $BH$48))))^2 + (BC28 * (-R28 * 60 * E28 * BH28 * EXP(-E28 * 60 * BB28 * BH28) / ((1 - EXP(-E28 * 60 * BB28 * BH28) * EXP(-(M28 - 1560) * $CW$126 * $BH$48))^2)))^2 + ($CX$126 * (-R28 * (M28 - 1560) * $BH$48 * EXP(-(M28 - 1560) * $CW$126 * $BH$48) / ((1 - EXP(-E28 * 60 * BB28 * BH28) * EXP(-(M28 - 1560) * $CW$126 * $BH$48))^2)))^2 ) -> 0.0015927495 | BN28: =BN27-R27 -> 0.011196835 | BO28: =BO27+S27 -> 0.0034186657 | BV28: =BV27*EXP(-BB27*BH27*E27*60*0.91357457380209)*EXP(-(M27-1560)*$CW$126*$BH$48*0.91357457380209) -> 0.0050390133 | BW28: =2*SQRT( ((BW27/2) * EXP(-BB27 * BH27 * E27 * 60 * 0.91357457380209) * EXP(-(M27 - 1560) * $CW$126 * $BH$48 * 0.91357457380209))^2 + (BC27 * (-BV27 * BH27 * E27 * 60 * 0.91357457380209 * EXP(-BB27 * BH27 * E27 * 60 * 0.91357457380209) * EXP(-(M27 - 1560) * $CW$126 * $BH$48 * 0.91357457380209)))^2 + ((0.146030972937065 / 2) * BV27 * (-BB27 * BH27 * E27 * 60 - (M27 - 1560) * $CW$126 * $BH$48) * EXP(-BB27 * BH27 * E27 * 60 * 0.91357457380209) * EXP(-(M27 - 1560) * $CW$126 * $BH$48 * 0.91357457380209))^2 + -(M27-1560)*$BH$48*0.91357457380209*BV27*EXP(-BB27*BH27*E27*60*0.91357457380209)*EXP(-(M27-1560)*$CW$126*$BH$48*0.91357457380209)) -> 0.0013435409 | CA28: =CA27*(EXP(-BH28*BG28*E28))*(EXP(-$BG$140*$F$144*D167*(24+273)*M28)) -> 0.13234241 | CD28: =CD27*(EXP(-BH28*BF28*E28))*(EXP(-$BF$140*$F$144*D167*(24+273)*M28)) -> 0.049386124
A29: He30316.txt | B29: IrrWin0601bTube012624: 6405_425.0_230.0 230.00 | C29: 45328.094 | D29: 230 | E29: =J29/60 -> 425 | F29: Experimental | G29: 127 | H29: 0 | I29: 12.5 | J29: 25500 | K29: 25626.656 | L29: =(C29-C28)*24*3600 -> 27060 | M29: =L29-J29 -> 1560 | O29: 0.0062195122 | P29: 0.025947282 | R29: 0.78987805 | S29: 0.011826078 | T29: 0.32434102 | U29: 0.0013404084 | W29: =(1000*T29/R29)/$AG$140 -> 0.41156 | Y29: =T29-AVERAGE(T30:T32) -> 0.31749786 | Z29: =U29+AVERAGE(T30:T32) -> 0.0081835715 | AB29: =(Y29*1000)/R29 -> 401.95807 | AC29: =2*((1000*Z29/(2*R29))^2+((S29/2)*1000*Y29/(R29^2))^2)^0.5 -> 11.981606 | AD29: =AB29/$AG$140 -> 0.40287663 | AE29: =2*(($AH$140*AB29/(2*$AG$140^2))^2+(AC29/($AG$140*2))^2)^0.5 -> 0.01275749 | AG29: {=BP29:BQ29} -> 0.84786085 | AH29: 0.012467123 | AI29: {=BX29:BY29} -> 0.34298986 | AJ29: 0.0096837696 | AL29: =1000*AI29/AG29 -> 404.53556 | AM29: =2*((AH29*1000*AI29/(2*AG29^2))^2+(1000*AJ29/(AG29*2))^2)^0.5 -> 12.877572 | AN29: =AL29/$AG$140 -> 0.40546 | AO29: =2*(($AH$140*AL29/(2*$AG$140^2))^2+(AM29/($AG$140*2))^2)^0.5 -> 0.013614953 | AQ29: =SUM(BP$5:$BP29) -> 4.9617731 | AR29: {=2*SQRT(SUM((BQ$5:$BQ29/2)^2))} -> 0.041150481 | AS29: =SUM($BX$5:BX29) -> 0.9190823 | AT29: {=2*SQRT(SUM(($BY$5:BY29/2)^2))} -> 0.018235853 | AU29: =AU28+R29 -> 4.8885443 | AW29: =AW28+T29 -> 0.97991452 | BF29: =IF((273+D29)>=600, 0.00074*EXP(-6613/(1.987*(273+D29)))*128000000000000000*EXP(1174/(1.987*(273+D29))), 0.000304*EXP(-5580/(1.987*(273+D29)))*199000000000000000*EXP(680/(1.987*(273+D29)))) -> 4.4929963e+11 | BG29: =BF29 * 1.17*EXP(-57/(1.987*(273+D29))) -> 4.9653949e+11 | BH29: =(D29+273)*$D$145*$F$144 -> 4.7932207e-16 | BN29: =BN28*EXP(-BD28*E28*60) -> 0.0058701709 | BO29: =2*((((BO28/2)*EXP(-BD28*E28*60))^2+(BN28*EXP(-BD28*E28*60)*E28*60*BC28*BD28/BB28)^2)^0.5) -> 0.0018638899 | BP29: =R29+BN30-BN29 -> 0.84786085 | BQ29: =2*(((BO29/2)^2+(BO30/2)^2+(S29/2)^2)^(0.5)) -> 0.012467123 | BR29: =100*(BP29-R29)/R29 -> 7.3407284 | BV29: =BV28*EXP(-BB28*BH28*E28*60*0.91357457380209)*EXP(-(M28-1560)*$CW$126*$BH$48*0.91357457380209) -> 0.0027934347 | BW29: =2*SQRT( ((BW28/2) * EXP(-BB28 * BH28 * E28 * 60 * 0.91357457380209) * EXP(-(M28 - 1560) * $CW$126 * $BH$48 * 0.91357457380209))^2 + (BC28 * (-BV28 * BH28 * E28 * 60 * 0.91357457380209 * EXP(-BB28 * BH28 * E28 * 60 * 0.91357457380209) * EXP(-(M28 - 1560) * $CW$126 * $BH$48 * 0.91357457380209)))^2 + ((0.146030972937065 / 2) * BV28 * (-BB28 * BH28 * E28 * 60 - (M28 - 1560) * $CW$126 * $BH$48) * EXP(-BB28 * BH28 * E28 * 60 * 0.91357457380209) * EXP(-(M28 - 1560) * $CW$126 * $BH$48 * 0.91357457380209))^2 + -(M28-1560)*$BH$48*0.91357457380209*BV28*EXP(-BB28*BH28*E28*60*0.91357457380209)*EXP(-(M28-1560)*$CW$126*$BH$48*0.91357457380209)) -> 0.00082072738 | BX29: =Y29+BV30-BV29 -> 0.34298986 | BY29: =2*(((BW29/2)^2+(BW30/2)^2+(Z29/2)^2)^(0.5)) -> 0.0096837696 | BZ29: =100*(BX29-Y29)/Y29 -> 8.0290312 | CA29: =R29*CC29 -> 0.15582339 | CB29: =BH29*BG29*J29 -> 6.0690595 | CC29: =1/(CB29-1) -> 0.19727525 | CD29: =CF29*T29 -> 0.072209605 | CE29: =BH29*BF29*J29 -> 5.4916604 | CF29: =1/(CE29-1) -> 0.22263482 | CG29: =R29-CA25 -> 0.65499776 | CH29: =R29+CA29 -> 0.94570144 | CI29: =T29-CD25 -> 0.27408399 | CJ29: =T29+CD29 -> 0.39655063 | CK29: =CE29*1.29 -> 7.0842419 | CL29: =R29 / (CK29-1) -> 0.12982358 | CM29: =1000*T29/R29 -> 410.62164 | CN29: =1000*(T29+CD29)/(R29+CL29) -> 431.17313 | CO29: =1000*(T29-CD25)/(R29-CL25) -> 404.31276 | CP29: =1000*(T29+CD29-CD25)/(R29+CL29-CL25) -> 428.72736 | CQ29: =MAX(CM29:CP29) -> 431.17313 | CR29: =MIN(CM29:CP29) -> 404.31276
A30: He30318.txt | B30: IrrWin0601bTube012624: 6505_150.0_85.0 85.01 | C30: 45328.523 | D30: 85.01 | E30: =J30/60 -> 150 | G30: 5.53 | H30: 0 | I30: 0.627 | J30: 9000 | K30: 9124.291 | L30: =(C30-C29)*24*3600 -> 37020 | M30: =L30-J30 -> 28020 | O30: 0.0062099608 | P30: 0.025947282 | R30: 0.034341083 | S30: 0.00047740279 | T30: 0.016268946 | U30: 6.338824e-05 | AQ30: =SUM(BP$5:$BP30) -> 4.9617731 | AR30: {=2*SQRT(SUM((BQ$5:$BQ30/2)^2))} -> 0.041150481 | AS30: =SUM($BX$5:BX30) -> 0.9190823 | AT30: {=2*SQRT(SUM(($BY$5:BY30/2)^2))} -> 0.018235853 | AU30: =AU29+R30 -> 4.9228854 | AW30: =AW29+T30 -> 0.99618347 | AZ30: ='Naive Apparent Lambdas'!$U$2*(10000/(D30+273))+'Naive Apparent Lambdas'!$V$2 -> 24.88396 | BA30: ='Naive Apparent Lambdas'!$V$4 -> 0.067480704 | BB30: =EXP(AZ30) -> 6.4116046e+10 | BC30: =BA30*BB30 -> 4.3265959e+09 | BD30: =BB30*(D30+273)*$D$145*$F$144 -> 2.1873654e-05 | BF30: =IF((273+D30)>=600, 0.00074*EXP(-6613/(1.987*(273+D30)))*128000000000000000*EXP(1174/(1.987*(273+D30))), 0.000304*EXP(-5580/(1.987*(273+D30)))*199000000000000000*EXP(680/(1.987*(273+D30)))) -> 6.1693294e+10 | BG30: =BF30 * 1.17*EXP(-57/(1.987*(273+D30))) -> 6.6623105e+10 | BH30: =(D30+273)*$D$145*$F$144 -> 3.4115725e-16 | BJ30: =R30/(1-EXP(-E30*60*BD30)) -> 0.19217519 | BK30: =2*SQRT( ((S30/2) * (1 / (1 - EXP(-E30 * 60 * BB30 * BH30))))^2 + (BC30 * (-R30 * 60 * E30 * BH30 * EXP(-E30 * 60 * BB30 * BH30) / (1 - EXP(-E30 * 60 * BB30 * BH30))^2))^2 ) -> 0.023618585 | BL30: =R30/(1-EXP(-E30*60*BB30*BH30)*EXP(-(M30-1560)*$CW$126*$BH$122)) -> 0.10628599 | BM30: =2*SQRT( ((S30/2) * (1 / (1 - EXP(-E30 * 60 * BB30 * BH30) * EXP(-(M30 - 1560) * $CW$126 * $BH$48))))^2 + (BC30 * (-R30 * 60 * E30 * BH30 * EXP(-E30 * 60 * BB30 * BH30) / ((1 - EXP(-E30 * 60 * BB30 * BH30) * EXP(-(M30 - 1560) * $CW$126 * $BH$48))^2)))^2 + ($CX$126 * (-R30 * (M30 - 1560) * $BH$48 * EXP(-(M30 - 1560) * $CW$126 * $BH$48) / ((1 - EXP(-E30 * 60 * BB30 * BH30) * EXP(-(M30 - 1560) * $CW$126 * $BH$48))^2)))^2 ) -> 0.017226903 | BN30: =BN31+R30 -> 0.063852973 | BO30: =BO31+S30 -> 0.0034783534 | BT30: =BN30*(Y29/R29)*1.10204926384627 -> 0.028285437 | BU30: =2*(((BO30/2)*1.10204926384627*(AB29/(1000)))^2+((AC29/2000)*1.10204926384627*BN30)^2+((0.187040260207234/2)*BN30*(AB29/(1000)))^2)^0.5 -> 0.0051118448 | BV30: =BT30 -> 0.028285437 | BW30: =BU30 -> 0.0051118448 | CA30: =CA29*(EXP(-BH30*BG30*E30))*(EXP(-$BG$140*$F$144*D169*(24+273)*M30)) -> 0.15529304 | CD30: =CD29*(EXP(-BH30*BF30*E30))*(EXP(-$BF$140*$F$144*D169*(24+273)*M30)) -> 0.071981994
A31: He30320.txt | B31: IrrWin0601bTube012624: 6605_150.0_85.0 85.00 | C31: 45328.646 | D31: 85 | E31: =J31/60 -> 150 | G31: 0.935 | H31: 0 | I31: 0.121 | J31: 9000 | K31: 9127.531 | L31: =(C31-C30)*24*3600 -> 10620 | M31: =L31-J31 -> 1620 | O31: 0.0062086957 | P31: 0.025947282 | R31: 0.0058051304 | S31: 8.1342887e-05 | T31: 0.0031396211 | U31: 1.230702e-05 | AQ31: =SUM(BP$5:$BP31) -> 4.9617731 | AR31: {=2*SQRT(SUM((BQ$5:$BQ31/2)^2))} -> 0.041150481 | AS31: =SUM($BX$5:BX31) -> 0.9190823 | AT31: {=2*SQRT(SUM(($BY$5:BY31/2)^2))} -> 0.018235853 | AU31: =AU30+R31 -> 4.9286905 | AW31: =AW30+T31 -> 0.99932309 | AZ31: ='Naive Apparent Lambdas'!$U$2*(10000/(D31+273))+'Naive Apparent Lambdas'!$V$2 -> 24.88356 | BA31: ='Naive Apparent Lambdas'!$V$4 -> 0.067480704 | BB31: =EXP(AZ31) -> 6.4090391e+10 | BC31: =BA31*BB31 -> 4.3248647e+09 | BD31: =BB31*(D31+273)*$D$145*$F$144 -> 2.186429e-05 | BF31: =IF((273+D31)>=600, 0.00074*EXP(-6613/(1.987*(273+D31)))*128000000000000000*EXP(1174/(1.987*(273+D31))), 0.000304*EXP(-5580/(1.987*(273+D31)))*199000000000000000*EXP(680/(1.987*(273+D31)))) -> 6.1681425e+10 | BG31: =BF31 * 1.17*EXP(-57/(1.987*(273+D31))) -> 6.6610139e+10 | BH31: =(D31+273)*$D$145*$F$144 -> 3.4114772e-16 | BJ31: =R31/(1-EXP(-E31*60*BD31)) -> 0.032498518 | BK31: =2*SQRT( ((S31/2) * (1 / (1 - EXP(-E31 * 60 * BB31 * BH31))))^2 + (BC31 * (-R31 * 60 * E31 * BH31 * EXP(-E31 * 60 * BB31 * BH31) / (1 - EXP(-E31 * 60 * BB31 * BH31))^2))^2 ) -> 0.0039946899 | BL31: =R31/(1-EXP(-E31*60*BB31*BH31)*EXP(-(M31-1560)*$CW$126*$BH$122)) -> 0.032433139 | BM31: =2*SQRT( ((S31/2) * (1 / (1 - EXP(-E31 * 60 * BB31 * BH31) * EXP(-(M31 - 1560) * $CW$126 * $BH$48))))^2 + (BC31 * (-R31 * 60 * E31 * BH31 * EXP(-E31 * 60 * BB31 * BH31) / ((1 - EXP(-E31 * 60 * BB31 * BH31) * EXP(-(M31 - 1560) * $CW$126 * $BH$48))^2)))^2 + ($CX$126 * (-R31 * (M31 - 1560) * $BH$48 * EXP(-(M31 - 1560) * $CW$126 * $BH$48) / ((1 - EXP(-E31 * 60 * BB31 * BH31) * EXP(-(M31 - 1560) * $CW$126 * $BH$48))^2)))^2 ) -> 0.0039788079 | BN31: =BN32+R31 -> 0.02951189 | BO31: =BO32+S31 -> 0.0030009506 | BV31: =BV30*EXP(-BB30*BH30*E30*60*0.91357457380209)*EXP(-(M30-1560)*$CW$126*$BH$48*0.91357457380209) -> 0.019803135 | BW31: =2*SQRT( ((BW30/2) * EXP(-BB30 * BH30 * E30 * 60 * 0.91357457380209) * EXP(-(M30 - 1560) * $CW$126 * $BH$48 * 0.91357457380209))^2 + (BC30 * (-BV30 * BH30 * E30 * 60 * 0.91357457380209 * EXP(-BB30 * BH30 * E30 * 60 * 0.91357457380209) * EXP(-(M30 - 1560) * $CW$126 * $BH$48 * 0.91357457380209)))^2 + ((0.146030972937065 / 2) * BV30 * (-BB30 * BH30 * E30 * 60 - (M30 - 1560) * $CW$126 * $BH$48) * EXP(-BB30 * BH30 * E30 * 60 * 0.91357457380209) * EXP(-(M30 - 1560) * $CW$126 * $BH$48 * 0.91357457380209))^2 + -(M30-1560)*$BH$48*0.91357457380209*BV30*EXP(-BB30*BH30*E30*60*0.91357457380209)*EXP(-(M30-1560)*$CW$126*$BH$48*0.91357457380209)) -> 0.0037832582 | CA31: =CA30*(EXP(-BH31*BG31*E31))*(EXP(-$BG$140*$F$144*D170*(24+273)*M31)) -> 0.15476461 | CD31: =CD30*(EXP(-BH31*BF31*E31))*(EXP(-$BF$140*$F$144*D170*(24+273)*M31)) -> 0.07175515
A32: He30321.txt | B32: IrrWin0601bTube012624: 6705_150.0_85.0 84.96 | C32: 45328.768 | D32: 84.96 | E32: =J32/60 -> 150 | F32: Informed Bracket | G32: 0.681 | H32: 0 | I32: 0.0432 | J32: 9000 | K32: 8219.518 | L32: =(C32-C31)*24*3600 -> 10560 | M32: =L32-J32 -> 1560 | O32: 0.0062086957 | P32: 0.025947282 | R32: 0.0042281217 | S32: 6.6747035e-05 | T32: 0.0011209226 | U32: 4.5553949e-06 | AQ32: =SUM(BP$5:$BP32) -> 4.9617731 | AR32: {=2*SQRT(SUM((BQ$5:$BQ32/2)^2))} -> 0.041150481 | AS32: =SUM($BX$5:BX32) -> 0.9190823 | AT32: {=2*SQRT(SUM(($BY$5:BY32/2)^2))} -> 0.018235853 | AU32: =AU31+R32 -> 4.9329187 | AW32: =AW31+T32 -> 1.000444 | AZ32: ='Naive Apparent Lambdas'!$U$2*(10000/(D32+273))+'Naive Apparent Lambdas'!$V$2 -> 24.881959 | BA32: ='Naive Apparent Lambdas'!$V$4 -> 0.067480704 | BB32: =EXP(AZ32) -> 6.3987857e+10 | BC32: =BA32*BB32 -> 4.3179457e+09 | BD32: =BB32*(D32+273)*$D$145*$F$144 -> 2.1826872e-05 | BF32: =IF((273+D32)>=600, 0.00074*EXP(-6613/(1.987*(273+D32)))*128000000000000000*EXP(1174/(1.987*(273+D32))), 0.000304*EXP(-5580/(1.987*(273+D32)))*199000000000000000*EXP(680/(1.987*(273+D32)))) -> 6.1633965e+10 | BG32: =BF32 * 1.17*EXP(-57/(1.987*(273+D32))) -> 6.6558291e+10 | BH32: =(D32+273)*$D$145*$F$144 -> 3.411096e-16 | BJ32: =R32/(1-EXP(-E32*60*BD32)) -> 0.02370676 | BK32: =2*SQRT( ((S32/2) * (1 / (1 - EXP(-E32 * 60 * BB32 * BH32))))^2 + (BC32 * (-R32 * 60 * E32 * BH32 * EXP(-E32 * 60 * BB32 * BH32) / (1 - EXP(-E32 * 60 * BB32 * BH32))^2))^2 ) -> 0.0029196077 | BL32: =R32/(1-EXP(-E32*60*BB32*BH32)*EXP(-(M32-1560)*$CW$126*$BH$122)) -> 0.02370676 | BM32: =2*SQRT( ((S32/2) * (1 / (1 - EXP(-E32 * 60 * BB32 * BH32) * EXP(-(M32 - 1560) * $CW$126 * $BH$48))))^2 + (BC32 * (-R32 * 60 * E32 * BH32 * EXP(-E32 * 60 * BB32 * BH32) / ((1 - EXP(-E32 * 60 * BB32 * BH32) * EXP(-(M32 - 1560) * $CW$126 * $BH$48))^2)))^2 + ($CX$126 * (-R32 * (M32 - 1560) * $BH$48 * EXP(-(M32 - 1560) * $CW$126 * $BH$48) / ((1 - EXP(-E32 * 60 * BB32 * BH32) * EXP(-(M32 - 1560) * $CW$126 * $BH$48))^2)))^2 ) -> 0.0029196077 | BN32: {=BJ32:BK32} -> 0.02370676 | BO32: 0.0029196077 | BV32: =BV31*EXP(-BB31*BH31*E31*60*0.91357457380209)*EXP(-(M31-1560)*$CW$126*$BH$48*0.91357457380209) -> 0.016538116 | BW32: =2*SQRT( ((BW31/2) * EXP(-BB31 * BH31 * E31 * 60 * 0.91357457380209) * EXP(-(M31 - 1560) * $CW$126 * $BH$48 * 0.91357457380209))^2 + (BC31 * (-BV31 * BH31 * E31 * 60 * 0.91357457380209 * EXP(-BB31 * BH31 * E31 * 60 * 0.91357457380209) * EXP(-(M31 - 1560) * $CW$126 * $BH$48 * 0.91357457380209)))^2 + ((0.146030972937065 / 2) * BV31 * (-BB31 * BH31 * E31 * 60 - (M31 - 1560) * $CW$126 * $BH$48) * EXP(-BB31 * BH31 * E31 * 60 * 0.91357457380209) * EXP(-(M31 - 1560) * $CW$126 * $BH$48 * 0.91357457380209))^2 + -(M31-1560)*$BH$48*0.91357457380209*BV31*EXP(-BB31*BH31*E31*60*0.91357457380209)*EXP(-(M31-1560)*$CW$126*$BH$48*0.91357457380209)) -> 0.0032202928 | CA32: =CA31*(EXP(-BH32*BG32*E32))*(EXP(-$BG$140*$F$144*D171*(24+273)*M32)) -> 0.15423845 | CD32: =CD31*(EXP(-BH32*BF32*E32))*(EXP(-$BF$140*$F$144*D171*(24+273)*M32)) -> 0.07152922
A33: He30325.txt | B33: IrrWin0601bTube012624: 6805_908.0_225.0 225.00 | C33: 45329.417 | D33: 225 | E33: =J33/60 -> 908 | F33: Experimental | G33: 120 | H33: 0 | I33: 13.4 | J33: 54480 | K33: 54635.563 | L33: =(C33-C32)*24*3600 -> 56040 | M33: =L33-J33 -> 1560 | O33: 0.0062605932 | P33: 0.025990099 | R33: 0.75127118 | S33: 0.013058117 | T33: 0.34826733 | U33: 0.0016077256 | W33: =(1000*T33/R33)/$AG$140 -> 0.46463008 | Y33: =T33-AVERAGE(T34:T37) -> 0.34435572 | Z33: =U33+AVERAGE(T34:T37) -> 0.0055193354 | AB33: =(Y33*1000)/R33 -> 458.36407 | AC33: =2*((1000*Z33/(2*R33))^2+((S33/2)*1000*Y33/(R33^2))^2)^0.5 -> 10.837269 | AD33: =AB33/$AG$140 -> 0.45941153 | AE33: =2*(($AH$140*AB33/(2*$AG$140^2))^2+(AC33/($AG$140*2))^2)^0.5 -> 0.011920125 | AG33: {=BP33:BQ33} -> 0.77380779 | AH33: 0.014174905 | AI33: {=BX33:BY33} -> 0.35175809 | AJ33: 0.0075779924 | AL33: =1000*AI33/AG33 -> 454.58071 | AM33: =2*((AH33*1000*AI33/(2*AG33^2))^2+(1000*AJ33/(AG33*2))^2)^0.5 -> 12.85485 | AN33: =AL33/$AG$140 -> 0.45561952 | AO33: =2*(($AH$140*AL33/(2*$AG$140^2))^2+(AM33/($AG$140*2))^2)^0.5 -> 0.013773618 | AQ33: =SUM(BP$5:$BP33) -> 5.7355809 | AR33: {=2*SQRT(SUM((BQ$5:$BQ33/2)^2))} -> 0.043523442 | AS33: =SUM($BX$5:BX33) -> 1.2708404 | AT33: {=2*SQRT(SUM(($BY$5:BY33/2)^2))} -> 0.019747716 | AU33: =AU32+R33 -> 5.6841899 | AW33: =AW32+T33 -> 1.3487113 | BF33: =IF((273+D33)>=600, 0.00074*EXP(-6613/(1.987*(273+D33)))*128000000000000000*EXP(1174/(1.987*(273+D33))), 0.000304*EXP(-5580/(1.987*(273+D33)))*199000000000000000*EXP(680/(1.987*(273+D33)))) -> 4.277191e+11 | BG33: =BF33 * 1.17*EXP(-57/(1.987*(273+D33))) -> 4.7241937e+11 | BH33: =(D33+273)*$D$145*$F$144 -> 4.7455744e-16 | BN33: =BN32*EXP(-BD32*E32*60) -> 0.019478638 | BO33: =2*((((BO32/2)*EXP(-BD32*E32*60))^2+(BN32*EXP(-BD32*E32*60)*E32*60*BC32*BD32/BB32)^2)^0.5) -> 0.0024538493 | BP33: =R33+BN34-BN33 -> 0.77380779 | BQ33: =2*(((BO33/2)^2+(BO34/2)^2+(S33/2)^2)^(0.5)) -> 0.014174905 | BR33: =100*(BP33-R33)/R33 -> 2.9997966 | BV33: =BV32*EXP(-BB32*BH32*E32*60*0.91357457380209)*EXP(-(M32-1560)*$CW$126*$BH$48*0.91357457380209) -> 0.013821198 | BW33: =2*SQRT( ((BW32/2) * EXP(-BB32 * BH32 * E32 * 60 * 0.91357457380209) * EXP(-(M32 - 1560) * $CW$126 * $BH$48 * 0.91357457380209))^2 + (BC32 * (-BV32 * BH32 * E32 * 60 * 0.91357457380209 * EXP(-BB32 * BH32 * E32 * 60 * 0.91357457380209) * EXP(-(M32 - 1560) * $CW$126 * $BH$48 * 0.91357457380209)))^2 + ((0.146030972937065 / 2) * BV32 * (-BB32 * BH32 * E32 * 60 - (M32 - 1560) * $CW$126 * $BH$48) * EXP(-BB32 * BH32 * E32 * 60 * 0.91357457380209) * EXP(-(M32 - 1560) * $CW$126 * $BH$48 * 0.91357457380209))^2 + -(M32-1560)*$BH$48*0.91357457380209*BV32*EXP(-BB32*BH32*E32*60*0.91357457380209)*EXP(-(M32-1560)*$CW$126*$BH$48*0.91357457380209)) -> 0.0027408251 | BX33: =Y33+BV34-BV33 -> 0.35175809 | BY33: =2*(((BW33/2)^2+(BW34/2)^2+(Z33/2)^2)^(0.5)) -> 0.0075779924 | BZ33: =100*(BX33-Y33)/Y33 -> 2.1496302 | CA33: =R33*CC33 -> 0.06699477 | CB33: =BH33*BG33*J33 -> 12.213878 | CC33: =1/(CB33-1) -> 0.089175216 | CD33: =CF33*T33 -> 0.034625206 | CE33: =BH33*BF33*J33 -> 11.058202 | CF33: =1/(CE33-1) -> 0.099421344 | CG33: =R33-CA29 -> 0.59544779 | CH33: =R33+CA33 -> 0.81826595 | CI33: =T33-CD29 -> 0.27605772 | CJ33: =T33+CD33 -> 0.38289253 | CK33: =CE33*1.29 -> 14.265081 | CL33: =R33 / (CK33-1) -> 0.05663525 | CM33: =1000*T33/R33 -> 463.57073 | CN33: =1000*(T33+CD33)/(R33+CL33) -> 473.93178 | CO33: =1000*(T33-CD29)/(R33-CL29) -> 444.21721 | CP33: =1000*(T33+CD33-CD29)/(R33+CL33-CL29) -> 458.17842 | CQ33: =MAX(CM33:CP33) -> 473.93178 | CR33: =MIN(CM33:CP33) -> 444.21721
A34: He30328.txt | B34: IrrWin0601bTube012624: 7105_120.0_100.0 99.86 | C34: 45329.518 | D34: 99.86 | E34: =J34/60 -> 120 | F34: Informed/Naïve Bracket | G34: 1.69 | H34: 0 | I34: 0.149 | J34: 7200 | K34: 7326.342 | L34: =(C34-C33)*24*3600 -> 8760 | M34: =L34-J34 -> 1560 | O34: 0.0062625738 | P34: 0.025990099 | R34: 0.01058375 | S34: 0.00017919806 | T34: 0.0038725248 | U34: 1.7923631e-05 | AQ34: =SUM(BP$5:$BP34) -> 5.7355809 | AR34: {=2*SQRT(SUM((BQ$5:$BQ34/2)^2))} -> 0.043523442 | AS34: =SUM($BX$5:BX34) -> 1.2708404 | AT34: {=2*SQRT(SUM(($BY$5:BY34/2)^2))} -> 0.019747716 | AU34: =AU33+R34 -> 5.6947736 | AW34: =AW33+T34 -> 1.3525839 | AZ34: ='Naive Apparent Lambdas'!$U$2*(10000/(D34+273))+'Naive Apparent Lambdas'!$V$2 -> 25.454601 | BA34: ='Naive Apparent Lambdas'!$V$4 -> 0.067480704 | BB34: =EXP(AZ34) -> 1.1344693e+11 | BC34: =BA34*BB34 -> 7.6554788e+09 | BD34: =BB34*(D34+273)*$D$145*$F$144 -> 4.0308625e-05 | BF34: =IF((273+D34)>=600, 0.00074*EXP(-6613/(1.987*(273+D34)))*128000000000000000*EXP(1174/(1.987*(273+D34))), 0.000304*EXP(-5580/(1.987*(273+D34)))*199000000000000000*EXP(680/(1.987*(273+D34)))) -> 8.1167248e+10 | BG34: =BF34 * 1.17*EXP(-57/(1.987*(273+D34))) -> 8.7933363e+10 | BH34: =(D34+273)*$D$145*$F$144 -> 3.5530821e-16 | BJ34: =R34/(1-EXP(-E34*60*BD34)) -> 0.042015245 | BK34: =2*SQRT( ((S34/2) * (1 / (1 - EXP(-E34 * 60 * BB34 * BH34))))^2 + (BC34 * (-R34 * 60 * E34 * BH34 * EXP(-E34 * 60 * BB34 * BH34) / (1 - EXP(-E34 * 60 * BB34 * BH34))^2))^2 ) -> 0.0049388402 | BL34: =R34/(1-EXP(-E34*60*BB34*BH34)*EXP(-(M34-1560)*$CW$126*$BH$122)) -> 0.042015245 | BM34: =2*SQRT( ((S34/2) * (1 / (1 - EXP(-E34 * 60 * BB34 * BH34) * EXP(-(M34 - 1560) * $CW$126 * $BH$48))))^2 + (BC34 * (-R34 * 60 * E34 * BH34 * EXP(-E34 * 60 * BB34 * BH34) / ((1 - EXP(-E34 * 60 * BB34 * BH34) * EXP(-(M34 - 1560) * $CW$126 * $BH$48))^2)))^2 + ($CX$126 * (-R34 * (M34 - 1560) * $BH$48 * EXP(-(M34 - 1560) * $CW$126 * $BH$48) / ((1 - EXP(-E34 * 60 * BB34 * BH34) * EXP(-(M34 - 1560) * $CW$126 * $BH$48))^2)))^2 ) -> 0.0049388402 | BN34: {=BJ34:BK34} -> 0.042015245 | BO34: 0.0049388402 | BT34: =BN34*(Y33/R33)*1.10204926384627 -> 0.021223572 | BU34: =2*(((BO34/2)*1.10204926384627*(AB33/(1000)))^2+((AC33/2000)*1.10204926384627*BN34)^2+((0.187040260207234/2)*BN34*(AB33/(1000)))^2)^0.5 -> 0.0044103043 | BV34: =BT34 -> 0.021223572 | BW34: =BU34 -> 0.0044103043 | CA34: =CA33*(EXP(-BH34*BG34*E34))*(EXP(-$BG$140*$F$144*D173*(24+273)*M34)) -> 0.066744062 | CD34: =CD33*(EXP(-BH34*BF34*E34))*(EXP(-$BF$140*$F$144*D173*(24+273)*M34)) -> 0.034505585
A35: He30329.txt | B35: IrrWin0601bTube012624: 7205_120.0_100.0 100.00 | C35: 45329.619 | D35: 100 | E35: =J35/60 -> 120 | F35: Naïve Bracket | G35: 1.19 | H35: 0 | I35: 0.124 | J35: 7200 | K35: 7324.714 | L35: =(C35-C34)*24*3600 -> 8760 | M35: =L35-J35 -> 1560 | O35: 0.0062585706 | P35: 0.025990099 | R35: 0.007447699 | S35: 0.00012269139 | T35: 0.0032227723 | U35: 1.4196701e-05 | AQ35: =SUM(BP$5:$BP35) -> 5.7355809 | AR35: {=2*SQRT(SUM((BQ$5:$BQ35/2)^2))} -> 0.043523442 | AS35: =SUM($BX$5:BX35) -> 1.2708404 | AT35: {=2*SQRT(SUM(($BY$5:BY35/2)^2))} -> 0.019747716 | AU35: =AU34+R35 -> 5.7022213 | AW35: =AW34+T35 -> 1.3558066 | AZ35: ='Naive Apparent Lambdas'!$U$2*(10000/(D35+273))+'Naive Apparent Lambdas'!$V$2 -> 25.459765 | BA35: ='Naive Apparent Lambdas'!$V$4 -> 0.067480704 | BB35: =EXP(AZ35) -> 1.1403424e+11 | BC35: =BA35*BB35 -> 7.6951106e+09 | BD35: =BB35*(D35+273)*$D$145*$F$144 -> 4.0532513e-05 | BF35: =IF((273+D35)>=600, 0.00074*EXP(-6613/(1.987*(273+D35)))*128000000000000000*EXP(1174/(1.987*(273+D35))), 0.000304*EXP(-5580/(1.987*(273+D35)))*199000000000000000*EXP(680/(1.987*(273+D35)))) -> 8.1368988e+10 | BG35: =BF35 * 1.17*EXP(-57/(1.987*(273+D35))) -> 8.8154465e+10 | BH35: =(D35+273)*$D$145*$F$144 -> 3.5544161e-16 | BJ35: =R35/(1-EXP(-E35*60*BD35)) -> 0.029425035 | BK35: =2*SQRT( ((S35/2) * (1 / (1 - EXP(-E35 * 60 * BB35 * BH35))))^2 + (BC35 * (-R35 * 60 * E35 * BH35 * EXP(-E35 * 60 * BB35 * BH35) / (1 - EXP(-E35 * 60 * BB35 * BH35))^2))^2 ) -> 0.0034540998 | BL35: =R35/(1-EXP(-E35*60*BB35*BH35)*EXP(-(M35-1560)*$CW$126*$BH$122)) -> 0.029425035 | BM35: =2*SQRT( ((S35/2) * (1 / (1 - EXP(-E35 * 60 * BB35 * BH35) * EXP(-(M35 - 1560) * $CW$126 * $BH$48))))^2 + (BC35 * (-R35 * 60 * E35 * BH35 * EXP(-E35 * 60 * BB35 * BH35) / ((1 - EXP(-E35 * 60 * BB35 * BH35) * EXP(-(M35 - 1560) * $CW$126 * $BH$48))^2)))^2 + ($CX$126 * (-R35 * (M35 - 1560) * $BH$48 * EXP(-(M35 - 1560) * $CW$126 * $BH$48) / ((1 - EXP(-E35 * 60 * BB35 * BH35) * EXP(-(M35 - 1560) * $CW$126 * $BH$48))^2)))^2 ) -> 0.0034540998 | BN35: =BN34*EXP(-BD34*E34*60) -> 0.031431496 | BO35: =2*((((BO34/2)*EXP(-BD34*E34*60))^2+(BN34*EXP(-BD34*E34*60)*E34*60*BC34*BD34/BB34)^2)^0.5) -> 0.0038944506 | BV35: =BV34*EXP(-BB34*BH34*E34*60*0.91357457380209)*EXP(-(M34-1560)*$CW$126*$BH$48*0.91357457380209) -> 0.016280579 | BW35: =2*SQRT( ((BW34/2) * EXP(-BB34 * BH34 * E34 * 60 * 0.91357457380209) * EXP(-(M34 - 1560) * $CW$126 * $BH$48 * 0.91357457380209))^2 + (BC34 * (-BV34 * BH34 * E34 * 60 * 0.91357457380209 * EXP(-BB34 * BH34 * E34 * 60 * 0.91357457380209) * EXP(-(M34 - 1560) * $CW$126 * $BH$48 * 0.91357457380209)))^2 + ((0.146030972937065 / 2) * BV34 * (-BB34 * BH34 * E34 * 60 - (M34 - 1560) * $CW$126 * $BH$48) * EXP(-BB34 * BH34 * E34 * 60 * 0.91357457380209) * EXP(-(M34 - 1560) * $CW$126 * $BH$48 * 0.91357457380209))^2 + -(M34-1560)*$BH$48*0.91357457380209*BV34*EXP(-BB34*BH34*E34*60*0.91357457380209)*EXP(-(M34-1560)*$CW$126*$BH$48*0.91357457380209)) -> 0.0035015885 | CA35: =CA34*(EXP(-BH35*BG35*E35))*(EXP(-$BG$140*$F$144*D174*(24+273)*M35)) -> 0.066493572 | CD35: =CD34*(EXP(-BH35*BF35*E35))*(EXP(-$BF$140*$F$144*D174*(24+273)*M35)) -> 0.034386036
A36: He30332.txt | B36: IrrWin0601bTube012624: 7305_120.0_100.0 100.00 | C36: 45329.721 | D36: 100 | E36: =J36/60 -> 120 | F36: Naïve Bracket | G36: 0.786 | H36: 0 | I36: 0.186 | J36: 7200 | K36: 7324.407 | L36: =(C36-C35)*24*3600 -> 8760 | M36: =L36-J36 -> 1560 | O36: 0.0062550481 | P36: 0.025990099 | R36: 0.0049164678 | S36: 7.974957e-05 | T36: 0.0048341584 | U36: 2.0568625e-05 | AQ36: =SUM(BP$5:$BP36) -> 5.7355809 | AR36: {=2*SQRT(SUM((BQ$5:$BQ36/2)^2))} -> 0.043523442 | AS36: =SUM($BX$5:BX36) -> 1.2708404 | AT36: {=2*SQRT(SUM(($BY$5:BY36/2)^2))} -> 0.019747716 | AU36: =AU35+R36 -> 5.7071378 | AW36: =AW35+T36 -> 1.3606408 | AZ36: ='Naive Apparent Lambdas'!$U$2*(10000/(D36+273))+'Naive Apparent Lambdas'!$V$2 -> 25.459765 | BA36: ='Naive Apparent Lambdas'!$V$4 -> 0.067480704 | BB36: =EXP(AZ36) -> 1.1403424e+11 | BC36: =BA36*BB36 -> 7.6951106e+09 | BD36: =BB36*(D36+273)*$D$145*$F$144 -> 4.0532513e-05 | BF36: =IF((273+D36)>=600, 0.00074*EXP(-6613/(1.987*(273+D36)))*128000000000000000*EXP(1174/(1.987*(273+D36))), 0.000304*EXP(-5580/(1.987*(273+D36)))*199000000000000000*EXP(680/(1.987*(273+D36)))) -> 8.1368988e+10 | BG36: =BF36 * 1.17*EXP(-57/(1.987*(273+D36))) -> 8.8154465e+10 | BH36: =(D36+273)*$D$145*$F$144 -> 3.5544161e-16 | BJ36: =R36/(1-EXP(-E36*60*BD36)) -> 0.019424421 | BK36: =2*SQRT( ((S36/2) * (1 / (1 - EXP(-E36 * 60 * BB36 * BH36))))^2 + (BC36 * (-R36 * 60 * E36 * BH36 * EXP(-E36 * 60 * BB36 * BH36) / (1 - EXP(-E36 * 60 * BB36 * BH36))^2))^2 ) -> 0.0022794794 | BL36: =R36/(1-EXP(-E36*60*BB36*BH36)*EXP(-(M36-1560)*$CW$126*$BH$122)) -> 0.019424421 | BM36: =2*SQRT( ((S36/2) * (1 / (1 - EXP(-E36 * 60 * BB36 * BH36) * EXP(-(M36 - 1560) * $CW$126 * $BH$48))))^2 + (BC36 * (-R36 * 60 * E36 * BH36 * EXP(-E36 * 60 * BB36 * BH36) / ((1 - EXP(-E36 * 60 * BB36 * BH36) * EXP(-(M36 - 1560) * $CW$126 * $BH$48))^2)))^2 + ($CX$126 * (-R36 * (M36 - 1560) * $BH$48 * EXP(-(M36 - 1560) * $CW$126 * $BH$48) / ((1 - EXP(-E36 * 60 * BB36 * BH36) * EXP(-(M36 - 1560) * $CW$126 * $BH$48))^2)))^2 ) -> 0.0022794794 | BN36: =BN35*EXP(-BD35*E35*60) -> 0.023475946 | BO36: =2*((((BO35/2)*EXP(-BD35*E35*60))^2+(BN35*EXP(-BD35*E35*60)*E35*60*BC35*BD35/BB35)^2)^0.5) -> 0.003052161 | BV36: =BV35*EXP(-BB35*BH35*E35*60*0.91357457380209)*EXP(-(M35-1560)*$CW$126*$BH$48*0.91357457380209) -> 0.012470436 | BW36: =2*SQRT( ((BW35/2) * EXP(-BB35 * BH35 * E35 * 60 * 0.91357457380209) * EXP(-(M35 - 1560) * $CW$126 * $BH$48 * 0.91357457380209))^2 + (BC35 * (-BV35 * BH35 * E35 * 60 * 0.91357457380209 * EXP(-BB35 * BH35 * E35 * 60 * 0.91357457380209) * EXP(-(M35 - 1560) * $CW$126 * $BH$48 * 0.91357457380209)))^2 + ((0.146030972937065 / 2) * BV35 * (-BB35 * BH35 * E35 * 60 - (M35 - 1560) * $CW$126 * $BH$48) * EXP(-BB35 * BH35 * E35 * 60 * 0.91357457380209) * EXP(-(M35 - 1560) * $CW$126 * $BH$48 * 0.91357457380209))^2 + -(M35-1560)*$BH$48*0.91357457380209*BV35*EXP(-BB35*BH35*E35*60*0.91357457380209)*EXP(-(M35-1560)*$CW$126*$BH$48*0.91357457380209)) -> 0.0027708319 | CA36: =CA35*(EXP(-BH36*BG36*E36))*(EXP(-$BG$140*$F$144*D175*(24+273)*M36)) -> 0.066244022 | CD36: =CD35*(EXP(-BH36*BF36*E36))*(EXP(-$BF$140*$F$144*D175*(24+273)*M36)) -> 0.034266902
A37: He30335.txt | B37: IrrWin0601bTube012624: 7405_120.0_100.0 99.99 | C37: 45329.822 | D37: 99.99 | E37: =J37/60 -> 120 | F37: Naïve Bracket | G37: 0.682 | H37: 0 | I37: 0.143 | J37: 7200 | K37: 7329.079 | L37: =(C37-C36)*24*3600 -> 8760 | M37: =L37-J37 -> 1560 | O37: 0.0062505944 | P37: 0.025992894 | R37: 0.0042629053 | S37: 6.8351505e-05 | T37: 0.0037169838 | U37: 1.5599913e-05 | AQ37: =SUM(BP$5:$BP37) -> 5.7355809 | AR37: {=2*SQRT(SUM((BQ$5:$BQ37/2)^2))} -> 0.043523442 | AS37: =SUM($BX$5:BX37) -> 1.2708404 | AT37: {=2*SQRT(SUM(($BY$5:BY37/2)^2))} -> 0.019747716 | AU37: =AU36+R37 -> 5.7114007 | AW37: =AW36+T37 -> 1.3643578 | AZ37: ='Naive Apparent Lambdas'!$U$2*(10000/(D37+273))+'Naive Apparent Lambdas'!$V$2 -> 25.459396 | BA37: ='Naive Apparent Lambdas'!$V$4 -> 0.067480704 | BB37: =EXP(AZ37) -> 1.139922e+11 | BC37: =BA37*BB37 -> 7.692274e+09 | BD37: =BB37*(D37+273)*$D$145*$F$144 -> 4.0516486e-05 | BF37: =IF((273+D37)>=600, 0.00074*EXP(-6613/(1.987*(273+D37)))*128000000000000000*EXP(1174/(1.987*(273+D37))), 0.000304*EXP(-5580/(1.987*(273+D37)))*199000000000000000*EXP(680/(1.987*(273+D37)))) -> 8.1354566e+10 | BG37: =BF37 * 1.17*EXP(-57/(1.987*(273+D37))) -> 8.8138659e+10 | BH37: =(D37+273)*$D$145*$F$144 -> 3.5543209e-16 | BJ37: =R37/(1-EXP(-E37*60*BD37)) -> 0.016848005 | BK37: =2*SQRT( ((S37/2) * (1 / (1 - EXP(-E37 * 60 * BB37 * BH37))))^2 + (BC37 * (-R37 * 60 * E37 * BH37 * EXP(-E37 * 60 * BB37 * BH37) / (1 - EXP(-E37 * 60 * BB37 * BH37))^2))^2 ) -> 0.0019768185 | BL37: =R37/(1-EXP(-E37*60*BB37*BH37)*EXP(-(M37-1560)*$CW$126*$BH$122)) -> 0.016848005 | BM37: =2*SQRT( ((S37/2) * (1 / (1 - EXP(-E37 * 60 * BB37 * BH37) * EXP(-(M37 - 1560) * $CW$126 * $BH$48))))^2 + (BC37 * (-R37 * 60 * E37 * BH37 * EXP(-E37 * 60 * BB37 * BH37) / ((1 - EXP(-E37 * 60 * BB37 * BH37) * EXP(-(M37 - 1560) * $CW$126 * $BH$48))^2)))^2 + ($CX$126 * (-R37 * (M37 - 1560) * $BH$48 * EXP(-(M37 - 1560) * $CW$126 * $BH$48) / ((1 - EXP(-E37 * 60 * BB37 * BH37) * EXP(-(M37 - 1560) * $CW$126 * $BH$48))^2)))^2 ) -> 0.0019768185 | BN37: =BN36*EXP(-BD36*E36*60) -> 0.017534007 | BO37: =2*((((BO36/2)*EXP(-BD36*E36*60))^2+(BN36*EXP(-BD36*E36*60)*E36*60*BC36*BD36/BB36)^2)^0.5) -> 0.0023819465 | BV37: =BV36*EXP(-BB36*BH36*E36*60*0.91357457380209)*EXP(-(M36-1560)*$CW$126*$BH$48*0.91357457380209) -> 0.0095519803 | BW37: =2*SQRT( ((BW36/2) * EXP(-BB36 * BH36 * E36 * 60 * 0.91357457380209) * EXP(-(M36 - 1560) * $CW$126 * $BH$48 * 0.91357457380209))^2 + (BC36 * (-BV36 * BH36 * E36 * 60 * 0.91357457380209 * EXP(-BB36 * BH36 * E36 * 60 * 0.91357457380209) * EXP(-(M36 - 1560) * $CW$126 * $BH$48 * 0.91357457380209)))^2 + ((0.146030972937065 / 2) * BV36 * (-BB36 * BH36 * E36 * 60 - (M36 - 1560) * $CW$126 * $BH$48) * EXP(-BB36 * BH36 * E36 * 60 * 0.91357457380209) * EXP(-(M36 - 1560) * $CW$126 * $BH$48 * 0.91357457380209))^2 + -(M36-1560)*$BH$48*0.91357457380209*BV36*EXP(-BB36*BH36*E36*60*0.91357457380209)*EXP(-(M36-1560)*$CW$126*$BH$48*0.91357457380209)) -> 0.0021882217 | CA37: =CA36*(EXP(-BH37*BG37*E37))*(EXP(-$BG$140*$F$144*D176*(24+273)*M37)) -> 0.06599546 | CD37: =CD36*(EXP(-BH37*BF37*E37))*(EXP(-$BF$140*$F$144*D176*(24+273)*M37)) -> 0.034148204
A38: He30338.txt | B38: IrrWin0601bTube012624: 7605_450.0_215.0 215.00 | C38: 45330.153 | D38: 215 | E38: =J38/60 -> 450 | F38: Experimental | G38: 22.7 | H38: 0 | I38: 2.75 | J38: 27000 | K38: 27125.349 | L38: =(C38-C37)*24*3600 -> 28560 | M38: =L38-J38 -> 1560 | O38: 0.006234045 | P38: 0.026033058 | R38: 0.14151282 | S38: 0.0051011836 | T38: 0.071590909 | U38: 0.0022087207 | W38: =(1000*T38/R38)/$AG$140 -> 0.50705306 | Y38: =T38-AVERAGE(T39:T42) -> 0.067383446 | Z38: =U38+AVERAGE(T39:T42) -> 0.0064161835 | AB38: =(Y38*1000)/R38 -> 476.16496 | AC38: =2*((1000*Z38/(2*R38))^2+((S38/2)*1000*Y38/(R38^2))^2)^0.5 -> 48.480229 | AD38: =AB38/$AG$140 -> 0.47725309 | AE38: =2*(($AH$140*AB38/(2*$AG$140^2))^2+(AC38/($AG$140*2))^2)^0.5 -> 0.048857969 | AG38: {=BP38:BQ38} -> 0.15625072 | AH38: 0.0064784414 | AI38: {=BX38:BY38} -> 0.074672984 | AJ38: 0.0074798385 | AL38: =1000*AI38/AG38 -> 477.90491 | AM38: =2*((AH38*1000*AI38/(2*AG38^2))^2+(1000*AJ38/(AG38*2))^2)^0.5 -> 51.809606 | AN38: =AL38/$AG$140 -> 0.47899702 | AO38: =2*(($AH$140*AL38/(2*$AG$140^2))^2+(AM38/($AG$140*2))^2)^0.5 -> 0.05217971 | AQ38: =SUM(BP$5:$BP38) -> 5.8918316 | AR38: {=2*SQRT(SUM((BQ$5:$BQ38/2)^2))} -> 0.044002957 | AS38: =SUM($BX$5:BX38) -> 1.3455134 | AT38: {=2*SQRT(SUM(($BY$5:BY38/2)^2))} -> 0.021116825 | AU38: =AU37+R38 -> 5.8529135 | AW38: =AW37+T38 -> 1.4359487 | BF38: =IF((273+D38)>=600, 0.00074*EXP(-6613/(1.987*(273+D38)))*128000000000000000*EXP(1174/(1.987*(273+D38))), 0.000304*EXP(-5580/(1.987*(273+D38)))*199000000000000000*EXP(680/(1.987*(273+D38)))) -> 3.8644673e+11 | BG38: =BF38 * 1.17*EXP(-57/(1.987*(273+D38))) -> 4.2633015e+11 | BH38: =(D38+273)*$D$145*$F$144 -> 4.6502817e-16 | BN38: =BN37*EXP(-BD37*E37*60) -> 0.013097528 | BO38: =2*((((BO37/2)*EXP(-BD37*E37*60))^2+(BN37*EXP(-BD37*E37*60)*E37*60*BC37*BD37/BB37)^2)^0.5) -> 0.00185248 | BP38: =R38+BN39-BN38 -> 0.15625072 | BQ38: =2*(((BO38/2)^2+(BO39/2)^2+(S38/2)^2)^(0.5)) -> 0.0064784414 | BR38: =100*(BP38-R38)/R38 -> 10.41453 | BV38: =BV37*EXP(-BB37*BH37*E37*60*0.91357457380209)*EXP(-(M37-1560)*$CW$126*$BH$48*0.91357457380209) -> 0.0073173022 | BW38: =2*SQRT( ((BW37/2) * EXP(-BB37 * BH37 * E37 * 60 * 0.91357457380209) * EXP(-(M37 - 1560) * $CW$126 * $BH$48 * 0.91357457380209))^2 + (BC37 * (-BV37 * BH37 * E37 * 60 * 0.91357457380209 * EXP(-BB37 * BH37 * E37 * 60 * 0.91357457380209) * EXP(-(M37 - 1560) * $CW$126 * $BH$48 * 0.91357457380209)))^2 + ((0.146030972937065 / 2) * BV37 * (-BB37 * BH37 * E37 * 60 - (M37 - 1560) * $CW$126 * $BH$48) * EXP(-BB37 * BH37 * E37 * 60 * 0.91357457380209) * EXP(-(M37 - 1560) * $CW$126 * $BH$48 * 0.91357457380209))^2 + -(M37-1560)*$BH$48*0.91357457380209*BV37*EXP(-BB37*BH37*E37*60*0.91357457380209)*EXP(-(M37-1560)*$CW$126*$BH$48*0.91357457380209)) -> 0.0017252191 | BX38: =Y38+BV39-BV38 -> 0.074672984 | BY38: =2*(((BW38/2)^2+(BW39/2)^2+(Z38/2)^2)^(0.5)) -> 0.0074798385 | BZ38: =100*(BX38-Y38)/Y38 -> 10.817995 | CA38: =R38*CC38 -> 0.032510015 | CB38: =BH38*BG38*J38 -> 5.3528993 | CC38: =1/(CB38-1) -> 0.22973194 | CD38: =CF38*T38 -> 0.018584747 | CE38: =BH38*BF38*J38 -> 4.8521326 | CF38: =1/(CE38-1) -> 0.25959646 | CG38: =R38-CA33 -> 0.074518052 | CH38: =R38+CA38 -> 0.17402284 | CI38: =T38-CD33 -> 0.036965703 | CJ38: =T38+CD38 -> 0.090175656 | CK38: =CE38*1.29 -> 6.259251 | CL38: =R38 / (CK38-1) -> 0.026907409 | CM38: =1000*T38/R38 -> 505.89698 | CN38: =1000*(T38+CD38)/(R38+CL38) -> 535.42057 | CO38: =1000*(T38-CD33)/(R38-CL33) -> 435.51792 | CP38: =1000*(T38+CD38-CD33)/(R38+CL38-CL33) -> 496.94019 | CQ38: =MAX(CM38:CP38) -> 535.42057 | CR38: =MIN(CM38:CP38) -> 435.51792
A39: He30340.txt | B39: IrrWin0601bTube012624: 7805_120.0_110.0 110.00 | C39: 45330.254 | D39: 110 | E39: =J39/60 -> 120 | G39: 1 | H39: 0 | I39: 0.152 | J39: 7200 | K39: 7324.437 | L39: =(C39-C38)*24*3600 -> 8760 | M39: =L39-J39 -> 1560 | O39: 0.0062235375 | P39: 0.026033058 | R39: 0.0062235375 | S39: 0.00051765378 | T39: 0.0039570248 | U39: 0.00036787274 | AQ39: =SUM(BP$5:$BP39) -> 5.8918316 | AR39: {=2*SQRT(SUM((BQ$5:$BQ39/2)^2))} -> 0.044002957 | AS39: =SUM($BX$5:BX39) -> 1.3455134 | AT39: {=2*SQRT(SUM(($BY$5:BY39/2)^2))} -> 0.021116825 | AU39: =AU38+R39 -> 5.859137 | AW39: =AW38+T39 -> 1.4399057 | AZ39: ='Naive Apparent Lambdas'!$U$2*(10000/(D39+273))+'Naive Apparent Lambdas'!$V$2 -> 25.818827 | BA39: ='Naive Apparent Lambdas'!$V$4 -> 0.067480704 | BB39: =EXP(AZ39) -> 1.6329539e+11 | BC39: =BA39*BB39 -> 1.1019288e+10 | BD39: =BB39*(D39+273)*$D$145*$F$144 -> 5.9598062e-05 | BF39: =IF((273+D39)>=600, 0.00074*EXP(-6613/(1.987*(273+D39)))*128000000000000000*EXP(1174/(1.987*(273+D39))), 0.000304*EXP(-5580/(1.987*(273+D39)))*199000000000000000*EXP(680/(1.987*(273+D39)))) -> 9.6700059e+10 | BG39: =BF39 * 1.17*EXP(-57/(1.987*(273+D39))) -> 1.049746e+11 | BH39: =(D39+273)*$D$145*$F$144 -> 3.6497088e-16 | BJ39: =R39/(1-EXP(-E39*60*BD39)) -> 0.01783713 | BK39: =2*SQRT( ((S39/2) * (1 / (1 - EXP(-E39 * 60 * BB39 * BH39))))^2 + (BC39 * (-R39 * 60 * E39 * BH39 * EXP(-E39 * 60 * BB39 * BH39) / (1 - EXP(-E39 * 60 * BB39 * BH39))^2))^2 ) -> 0.0024324911 | BL39: =R39/(1-EXP(-E39*60*BB39*BH39)*EXP(-(M39-1560)*$CW$126*$BH$122)) -> 0.01783713 | BM39: =2*SQRT( ((S39/2) * (1 / (1 - EXP(-E39 * 60 * BB39 * BH39) * EXP(-(M39 - 1560) * $CW$126 * $BH$48))))^2 + (BC39 * (-R39 * 60 * E39 * BH39 * EXP(-E39 * 60 * BB39 * BH39) / ((1 - EXP(-E39 * 60 * BB39 * BH39) * EXP(-(M39 - 1560) * $CW$126 * $BH$48))^2)))^2 + ($CX$126 * (-R39 * (M39 - 1560) * $BH$48 * EXP(-(M39 - 1560) * $CW$126 * $BH$48) / ((1 - EXP(-E39 * 60 * BB39 * BH39) * EXP(-(M39 - 1560) * $CW$126 * $BH$48))^2)))^2 ) -> 0.0024324911 | BN39: =BN40+R39 -> 0.027835423 | BO39: =BO40+S39 -> 0.0035378591 | BT39: =BN39*(Y38/R38)*1.10204926384627 -> 0.01460684 | BU39: =2*(((BO39/2)*1.10204926384627*(AB38/(1000)))^2+((AC38/2000)*1.10204926384627*BN39)^2+((0.187040260207234/2)*BN39*(AB38/(1000)))^2)^0.5 -> 0.003435723 | BV39: =BT39 -> 0.01460684 | BW39: =BU39 -> 0.003435723 | CA39: =CA38*(EXP(-BH39*BG39*E39))*(EXP(-$BG$140*$F$144*D178*(24+273)*M39)) -> 0.032360893 | CD39: =CD38*(EXP(-BH39*BF39*E39))*(EXP(-$BF$140*$F$144*D178*(24+273)*M39)) -> 0.018506205
A40: He30342.txt | B40: IrrWin0601bTube012624: 7905_120.0_110.0 110.00 | C40: 45330.374 | D40: 110 | E40: =J40/60 -> 120 | G40: 0.752 | H40: 0 | I40: 0.466 | J40: 7200 | K40: 7328.951 | L40: =(C40-C39)*24*3600 -> 10380 | M40: =L40-J40 -> 3180 | O40: 0.0062196625 | P40: 0.026033058 | R40: 0.0046771862 | S40: 0.00048454755 | T40: 0.012131405 | U40: 0.0014505933 | AQ40: =SUM(BP$5:$BP40) -> 5.8918316 | AR40: {=2*SQRT(SUM((BQ$5:$BQ40/2)^2))} -> 0.044002957 | AS40: =SUM($BX$5:BX40) -> 1.3455134 | AT40: {=2*SQRT(SUM(($BY$5:BY40/2)^2))} -> 0.021116825 | AU40: =AU39+R40 -> 5.8638142 | AW40: =AW39+T40 -> 1.4520371 | AZ40: ='Naive Apparent Lambdas'!$U$2*(10000/(D40+273))+'Naive Apparent Lambdas'!$V$2 -> 25.818827 | BA40: ='Naive Apparent Lambdas'!$V$4 -> 0.067480704 | BB40: =EXP(AZ40) -> 1.6329539e+11 | BC40: =BA40*BB40 -> 1.1019288e+10 | BD40: =BB40*(D40+273)*$D$145*$F$144 -> 5.9598062e-05 | BF40: =IF((273+D40)>=600, 0.00074*EXP(-6613/(1.987*(273+D40)))*128000000000000000*EXP(1174/(1.987*(273+D40))), 0.000304*EXP(-5580/(1.987*(273+D40)))*199000000000000000*EXP(680/(1.987*(273+D40)))) -> 9.6700059e+10 | BG40: =BF40 * 1.17*EXP(-57/(1.987*(273+D40))) -> 1.049746e+11 | BH40: =(D40+273)*$D$145*$F$144 -> 3.6497088e-16 | BJ40: =R40/(1-EXP(-E40*60*BD40)) -> 0.013405171 | BK40: =2*SQRT( ((S40/2) * (1 / (1 - EXP(-E40 * 60 * BB40 * BH40))))^2 + (BC40 * (-R40 * 60 * E40 * BH40 * EXP(-E40 * 60 * BB40 * BH40) / (1 - EXP(-E40 * 60 * BB40 * BH40))^2))^2 ) -> 0.0020068217 | BL40: =R40/(1-EXP(-E40*60*BB40*BH40)*EXP(-(M40-1560)*$CW$126*$BH$122)) -> 0.013117091 | BM40: =2*SQRT( ((S40/2) * (1 / (1 - EXP(-E40 * 60 * BB40 * BH40) * EXP(-(M40 - 1560) * $CW$126 * $BH$48))))^2 + (BC40 * (-R40 * 60 * E40 * BH40 * EXP(-E40 * 60 * BB40 * BH40) / ((1 - EXP(-E40 * 60 * BB40 * BH40) * EXP(-(M40 - 1560) * $CW$126 * $BH$48))^2)))^2 + ($CX$126 * (-R40 * (M40 - 1560) * $BH$48 * EXP(-(M40 - 1560) * $CW$126 * $BH$48) / ((1 - EXP(-E40 * 60 * BB40 * BH40) * EXP(-(M40 - 1560) * $CW$126 * $BH$48))^2)))^2 ) -> 0.0019460313 | BN40: =BN41+R40 -> 0.021611886 | BO40: =BO41+S40 -> 0.0030202053 | BV40: =BV39*EXP(-BB39*BH39*E39*60*0.91357457380209)*EXP(-(M39-1560)*$CW$126*$BH$48*0.91357457380209) -> 0.0098697008 | BW40: =2*SQRT( ((BW39/2) * EXP(-BB39 * BH39 * E39 * 60 * 0.91357457380209) * EXP(-(M39 - 1560) * $CW$126 * $BH$48 * 0.91357457380209))^2 + (BC39 * (-BV39 * BH39 * E39 * 60 * 0.91357457380209 * EXP(-BB39 * BH39 * E39 * 60 * 0.91357457380209) * EXP(-(M39 - 1560) * $CW$126 * $BH$48 * 0.91357457380209)))^2 + ((0.146030972937065 / 2) * BV39 * (-BB39 * BH39 * E39 * 60 - (M39 - 1560) * $CW$126 * $BH$48) * EXP(-BB39 * BH39 * E39 * 60 * 0.91357457380209) * EXP(-(M39 - 1560) * $CW$126 * $BH$48 * 0.91357457380209))^2 + -(M39-1560)*$BH$48*0.91357457380209*BV39*EXP(-BB39*BH39*E39*60*0.91357457380209)*EXP(-(M39-1560)*$CW$126*$BH$48*0.91357457380209)) -> 0.0024585489 | CA40: =CA39*(EXP(-BH40*BG40*E40))*(EXP(-$BG$140*$F$144*D179*(24+273)*M40)) -> 0.032212454 | CD40: =CD39*(EXP(-BH40*BF40*E40))*(EXP(-$BF$140*$F$144*D179*(24+273)*M40)) -> 0.018427994
A41: He30343.txt | B41: IrrWin0601bTube012624: 8005_120.0_110.0 110.00 | C41: 45330.476 | D41: 110 | E41: =J41/60 -> 120 | F41: Informed Bracket | G41: 0.949 | H41: 0 | I41: -0.00582 | J41: 7200 | K41: 7329.33 | L41: =(C41-C40)*24*3600 -> 8760 | M41: =L41-J41 -> 1560 | O41: 0.0062262078 | P41: 0.026033058 | R41: 0.0059086712 | S41: 0.00061235274 | T41: -0.0001515124 | U41: -1.8076684e-05 | AQ41: =SUM(BP$5:$BP41) -> 5.8918316 | AR41: {=2*SQRT(SUM((BQ$5:$BQ41/2)^2))} -> 0.044002957 | AS41: =SUM($BX$5:BX41) -> 1.3455134 | AT41: {=2*SQRT(SUM(($BY$5:BY41/2)^2))} -> 0.021116825 | AU41: =AU40+R41 -> 5.8697229 | AW41: =AW40+T41 -> 1.4518856 | AZ41: ='Naive Apparent Lambdas'!$U$2*(10000/(D41+273))+'Naive Apparent Lambdas'!$V$2 -> 25.818827 | BA41: ='Naive Apparent Lambdas'!$V$4 -> 0.067480704 | BB41: =EXP(AZ41) -> 1.6329539e+11 | BC41: =BA41*BB41 -> 1.1019288e+10 | BD41: =BB41*(D41+273)*$D$145*$F$144 -> 5.9598062e-05 | BF41: =IF((273+D41)>=600, 0.00074*EXP(-6613/(1.987*(273+D41)))*128000000000000000*EXP(1174/(1.987*(273+D41))), 0.000304*EXP(-5580/(1.987*(273+D41)))*199000000000000000*EXP(680/(1.987*(273+D41)))) -> 9.6700059e+10 | BG41: =BF41 * 1.17*EXP(-57/(1.987*(273+D41))) -> 1.049746e+11 | BH41: =(D41+273)*$D$145*$F$144 -> 3.6497088e-16 | BJ41: =R41/(1-EXP(-E41*60*BD41)) -> 0.0169347 | BK41: =2*SQRT( ((S41/2) * (1 / (1 - EXP(-E41 * 60 * BB41 * BH41))))^2 + (BC41 * (-R41 * 60 * E41 * BH41 * EXP(-E41 * 60 * BB41 * BH41) / (1 - EXP(-E41 * 60 * BB41 * BH41))^2))^2 ) -> 0.0025356577 | BL41: =R41/(1-EXP(-E41*60*BB41*BH41)*EXP(-(M41-1560)*$CW$126*$BH$122)) -> 0.0169347 | BM41: =2*SQRT( ((S41/2) * (1 / (1 - EXP(-E41 * 60 * BB41 * BH41) * EXP(-(M41 - 1560) * $CW$126 * $BH$48))))^2 + (BC41 * (-R41 * 60 * E41 * BH41 * EXP(-E41 * 60 * BB41 * BH41) / ((1 - EXP(-E41 * 60 * BB41 * BH41) * EXP(-(M41 - 1560) * $CW$126 * $BH$48))^2)))^2 + ($CX$126 * (-R41 * (M41 - 1560) * $BH$48 * EXP(-(M41 - 1560) * $CW$126 * $BH$48) / ((1 - EXP(-E41 * 60 * BB41 * BH41) * EXP(-(M41 - 1560) * $CW$126 * $BH$48))^2)))^2 ) -> 0.0025356577 | BN41: {=BJ41:BK41} -> 0.0169347 | BO41: 0.0025356577 | BV41: =BV40*EXP(-BB40*BH40*E40*60*0.91357457380209)*EXP(-(M40-1560)*$CW$126*$BH$48*0.91357457380209) -> 0.0065971212 | BW41: =2*SQRT( ((BW40/2) * EXP(-BB40 * BH40 * E40 * 60 * 0.91357457380209) * EXP(-(M40 - 1560) * $CW$126 * $BH$48 * 0.91357457380209))^2 + (BC40 * (-BV40 * BH40 * E40 * 60 * 0.91357457380209 * EXP(-BB40 * BH40 * E40 * 60 * 0.91357457380209) * EXP(-(M40 - 1560) * $CW$126 * $BH$48 * 0.91357457380209)))^2 + ((0.146030972937065 / 2) * BV40 * (-BB40 * BH40 * E40 * 60 - (M40 - 1560) * $CW$126 * $BH$48) * EXP(-BB40 * BH40 * E40 * 60 * 0.91357457380209) * EXP(-(M40 - 1560) * $CW$126 * $BH$48 * 0.91357457380209))^2 + -(M40-1560)*$BH$48*0.91357457380209*BV40*EXP(-BB40*BH40*E40*60*0.91357457380209)*EXP(-(M40-1560)*$CW$126*$BH$48*0.91357457380209)) -> 0.0017328797 | CA41: =CA40*(EXP(-BH41*BG41*E41))*(EXP(-$BG$140*$F$144*D180*(24+273)*M41)) -> 0.032064697 | CD41: =CD40*(EXP(-BH41*BF41*E41))*(EXP(-$BF$140*$F$144*D180*(24+273)*M41)) -> 0.018350114
A42: He30344.txt | B42: IrrWin0601bTube012624: 8105_120.0_110.0 110.00 | C42: 45330.577 | D42: 110 | E42: =J42/60 -> 120 | G42: 0.503 | H42: 0 | I42: 0.0343 | J42: 7200 | K42: 7329.801 | L42: =(C42-C41)*24*3600 -> 8760 | M42: =L42-J42 -> 1560 | O42: 0.0062417601 | P42: 0.026033058 | R42: 0.0031396053 | S42: 0.00032488261 | T42: 0.00089293388 | U42: 0.00010623927 | AQ42: =SUM(BP$5:$BP42) -> 5.8918316 | AR42: {=2*SQRT(SUM((BQ$5:$BQ42/2)^2))} -> 0.044002957 | AS42: =SUM($BX$5:BX42) -> 1.3455134 | AT42: {=2*SQRT(SUM(($BY$5:BY42/2)^2))} -> 0.021116825 | AU42: =AU41+R42 -> 5.8728625 | AW42: =AW41+T42 -> 1.4527785 | AZ42: ='Naive Apparent Lambdas'!$U$2*(10000/(D42+273))+'Naive Apparent Lambdas'!$V$2 -> 25.818827 | BA42: ='Naive Apparent Lambdas'!$V$4 -> 0.067480704 | BB42: =EXP(AZ42) -> 1.6329539e+11 | BC42: =BA42*BB42 -> 1.1019288e+10 | BD42: =BB42*(D42+273)*$D$145*$F$144 -> 5.9598062e-05 | BF42: =IF((273+D42)>=600, 0.00074*EXP(-6613/(1.987*(273+D42)))*128000000000000000*EXP(1174/(1.987*(273+D42))), 0.000304*EXP(-5580/(1.987*(273+D42)))*199000000000000000*EXP(680/(1.987*(273+D42)))) -> 9.6700059e+10 | BG42: =BF42 * 1.17*EXP(-57/(1.987*(273+D42))) -> 1.049746e+11 | BH42: =(D42+273)*$D$145*$F$144 -> 3.6497088e-16 | BJ42: =R42/(1-EXP(-E42*60*BD42)) -> 0.008998347 | BK42: =2*SQRT( ((S42/2) * (1 / (1 - EXP(-E42 * 60 * BB42 * BH42))))^2 + (BC42 * (-R42 * 60 * E42 * BH42 * EXP(-E42 * 60 * BB42 * BH42) / (1 - EXP(-E42 * 60 * BB42 * BH42))^2))^2 ) -> 0.0013463554 | BL42: =R42/(1-EXP(-E42*60*BB42*BH42)*EXP(-(M42-1560)*$CW$126*$BH$122)) -> 0.008998347 | BM42: =2*SQRT( ((S42/2) * (1 / (1 - EXP(-E42 * 60 * BB42 * BH42) * EXP(-(M42 - 1560) * $CW$126 * $BH$48))))^2 + (BC42 * (-R42 * 60 * E42 * BH42 * EXP(-E42 * 60 * BB42 * BH42) / ((1 - EXP(-E42 * 60 * BB42 * BH42) * EXP(-(M42 - 1560) * $CW$126 * $BH$48))^2)))^2 + ($CX$126 * (-R42 * (M42 - 1560) * $BH$48 * EXP(-(M42 - 1560) * $CW$126 * $BH$48) / ((1 - EXP(-E42 * 60 * BB42 * BH42) * EXP(-(M42 - 1560) * $CW$126 * $BH$48))^2)))^2 ) -> 0.0013463554 | BN42: =BN41*EXP(-BD41*E41*60) -> 0.011026029 | BO42: =2*((((BO41/2)*EXP(-BD41*E41*60))^2+(BN41*EXP(-BD41*E41*60)*E41*60*BC41*BD41/BB41)^2)^0.5) -> 0.0017701294 | BV42: =BV41*EXP(-BB41*BH41*E41*60*0.91357457380209)*EXP(-(M41-1560)*$CW$126*$BH$48*0.91357457380209) -> 0.0044576111 | BW42: =2*SQRT( ((BW41/2) * EXP(-BB41 * BH41 * E41 * 60 * 0.91357457380209) * EXP(-(M41 - 1560) * $CW$126 * $BH$48 * 0.91357457380209))^2 + (BC41 * (-BV41 * BH41 * E41 * 60 * 0.91357457380209 * EXP(-BB41 * BH41 * E41 * 60 * 0.91357457380209) * EXP(-(M41 - 1560) * $CW$126 * $BH$48 * 0.91357457380209)))^2 + ((0.146030972937065 / 2) * BV41 * (-BB41 * BH41 * E41 * 60 - (M41 - 1560) * $CW$126 * $BH$48) * EXP(-BB41 * BH41 * E41 * 60 * 0.91357457380209) * EXP(-(M41 - 1560) * $CW$126 * $BH$48 * 0.91357457380209))^2 + -(M41-1560)*$BH$48*0.91357457380209*BV41*EXP(-BB41*BH41*E41*60*0.91357457380209)*EXP(-(M41-1560)*$CW$126*$BH$48*0.91357457380209)) -> 0.0012266328 | CA42: =CA41*(EXP(-BH42*BG42*E42))*(EXP(-$BG$140*$F$144*D181*(24+273)*M42)) -> 0.031917617 | CD42: =CD41*(EXP(-BH42*BF42*E42))*(EXP(-$BF$140*$F$144*D181*(24+273)*M42)) -> 0.018272564
A43: He30361.txt | B43: IrrWin0601bTube012624: 8205_520.0_205.0 205.00 | C43: 45331.149 | D43: 205 | E43: =J43/60 -> 520 | F43: Experimental | G43: 11.9 | H43: 0 | I43: 1.43 | J43: 31200 | K43: 31324.582 | L43: =(C43-C42)*24*3600 -> 49380 | M43: =L43-J43 -> 18180 | O43: 0.0064091709 | P43: 0.026889444 | R43: 0.076269133 | S43: 0.0078357778 | T43: 0.038451905 | U43: 0.0044113712 | W43: =(1000*T43/R43)/$AG$140 -> 0.50531288 | Y43: =T43-AVERAGE(T44:T46) -> 0.031151188 | Z43: =U43+AVERAGE(T44:T46) -> 0.011712088 | AB43: =(Y43*1000)/R43 -> 408.43769 | AC43: =2*((1000*Z43/(2*R43))^2+((S43/2)*1000*Y43/(R43^2))^2)^0.5 -> 159.19268 | AD43: =AB43/$AG$140 -> 0.40937105 | AE43: =2*(($AH$140*AB43/(2*$AG$140^2))^2+(AC43/($AG$140*2))^2)^0.5 -> 0.15961644 | AG43: {=BP43:BQ43} -> 0.081617858 | AH43: 0.0080957867 | AI43: {=BX43:BY43} -> 0.03377816 | AJ43: 0.012008434 | AL43: =1000*AI43/AG43 -> 413.85746 | AM43: =2*((AH43*1000*AI43/(2*AG43^2))^2+(1000*AJ43/(AG43*2))^2)^0.5 -> 152.74954 | AN43: =AL43/$AG$140 -> 0.41480321 | AO43: =2*(($AH$140*AL43/(2*$AG$140^2))^2+(AM43/($AG$140*2))^2)^0.5 -> 0.15316277 | AQ43: =SUM(BP$5:$BP43) -> 5.9734495 | AR43: {=2*SQRT(SUM((BQ$5:$BQ43/2)^2))} -> 0.044741501 | AS43: =SUM($BX$5:BX43) -> 1.3792915 | AT43: {=2*SQRT(SUM(($BY$5:BY43/2)^2))} -> 0.024292443 | AU43: =AU42+R43 -> 5.9491316 | AW43: =AW42+T43 -> 1.4912304 | BF43: =IF((273+D43)>=600, 0.00074*EXP(-6613/(1.987*(273+D43)))*128000000000000000*EXP(1174/(1.987*(273+D43))), 0.000304*EXP(-5580/(1.987*(273+D43)))*199000000000000000*EXP(680/(1.987*(273+D43)))) -> 3.4767761e+11 | BG43: =BF43 * 1.17*EXP(-57/(1.987*(273+D43))) -> 3.8308844e+11 | BH43: =(D43+273)*$D$145*$F$144 -> 4.5549891e-16 | BN43: =BN42*EXP(-BD42*E42*60) -> 0.0071789466 | BO43: =2*((((BO42/2)*EXP(-BD42*E42*60))^2+(BN42*EXP(-BD42*E42*60)*E42*60*BC42*BD42/BB42)^2)^0.5) -> 0.0012252107 | BP43: =R43+BN44-BN43 -> 0.081617858 | BQ43: =2*(((BO43/2)^2+(BO44/2)^2+(S43/2)^2)^(0.5)) -> 0.0080957867 | BR43: =100*(BP43-R43)/R43 -> 7.0129613 | BV43: =BV42*EXP(-BB42*BH42*E42*60*0.91357457380209)*EXP(-(M42-1560)*$CW$126*$BH$48*0.91357457380209) -> 0.0030119648 | BW43: =2*SQRT( ((BW42/2) * EXP(-BB42 * BH42 * E42 * 60 * 0.91357457380209) * EXP(-(M42 - 1560) * $CW$126 * $BH$48 * 0.91357457380209))^2 + (BC42 * (-BV42 * BH42 * E42 * 60 * 0.91357457380209 * EXP(-BB42 * BH42 * E42 * 60 * 0.91357457380209) * EXP(-(M42 - 1560) * $CW$126 * $BH$48 * 0.91357457380209)))^2 + ((0.146030972937065 / 2) * BV42 * (-BB42 * BH42 * E42 * 60 - (M42 - 1560) * $CW$126 * $BH$48) * EXP(-BB42 * BH42 * E42 * 60 * 0.91357457380209) * EXP(-(M42 - 1560) * $CW$126 * $BH$48 * 0.91357457380209))^2 + -(M42-1560)*$BH$48*0.91357457380209*BV42*EXP(-BB42*BH42*E42*60*0.91357457380209)*EXP(-(M42-1560)*$CW$126*$BH$48*0.91357457380209)) -> 0.00086484998 | BX43: =Y43+BV44-BV43 -> 0.03377816 | BY43: =2*(((BW43/2)^2+(BW44/2)^2+(Z43/2)^2)^(0.5)) -> 0.012008434 | BZ43: =100*(BX43-Y43)/Y43 -> 8.4329728 | CA43: =R43*CC43 -> 0.017161165 | CB43: =BH43*BG43*J43 -> 5.4442866 | CC43: =1/(CB43-1) -> 0.22500799 | CD43: =CF43*T43 -> 0.0097567832 | CE43: =BH43*BF43*J43 -> 4.9410433 | CF43: =1/(CE43-1) -> 0.25373992 | CG43: =R43-CA38 -> 0.043759118 | CH43: =R43+CA43 -> 0.093430298 | CI43: =T43-CD38 -> 0.019867158 | CJ43: =T43+CD43 -> 0.048208688 | CK43: =CE43*1.29 -> 6.3739458 | CL43: =R43 / (CK43-1) -> 0.01419239 | CM43: =1000*T43/R43 -> 504.16077 | CN43: =1000*(T43+CD43)/(R43+CL43) -> 532.91926 | CO43: =1000*(T43-CD38)/(R43-CL38) -> 402.48104 | CP43: =1000*(T43+CD43-CD38)/(R43+CL43-CL38) -> 466.12154 | CQ43: =MAX(CM43:CP43) -> 532.91926 | CR43: =MIN(CM43:CP43) -> 402.48104
A44: He30369.txt | B44: IrrWin0601bTube012624: 8605_150.0_115.0 115.00 | C44: 45331.275 | D44: 115 | E44: =J44/60 -> 150 | G44: 0.776 | H44: 0 | I44: 0.225 | J44: 9000 | K44: 9129.448 | L44: =(C44-C43)*24*3600 -> 10920 | M44: =L44-J44 -> 1920 | O44: 0.0062223911 | P44: 0.026060468 | R44: 0.0048285755 | S44: 0.00051122594 | T44: 0.0058636053 | U44: 0.0006928125 | AQ44: =SUM(BP$5:$BP44) -> 5.9734495 | AR44: {=2*SQRT(SUM((BQ$5:$BQ44/2)^2))} -> 0.044741501 | AS44: =SUM($BX$5:BX44) -> 1.3792915 | AT44: {=2*SQRT(SUM(($BY$5:BY44/2)^2))} -> 0.024292443 | AU44: =AU43+R44 -> 5.9539602 | AW44: =AW43+T44 -> 1.497094 | AZ44: ='Naive Apparent Lambdas'!$U$2*(10000/(D44+273))+'Naive Apparent Lambdas'!$V$2 -> 25.991417 | BA44: ='Naive Apparent Lambdas'!$V$4 -> 0.067480704 | BB44: =EXP(AZ44) -> 1.9405685e+11 | BC44: =BA44*BB44 -> 1.3095093e+10 | BD44: =BB44*(D44+273)*$D$145*$F$144 -> 7.1749708e-05 | BF44: =IF((273+D44)>=600, 0.00074*EXP(-6613/(1.987*(273+D44)))*128000000000000000*EXP(1174/(1.987*(273+D44))), 0.000304*EXP(-5580/(1.987*(273+D44)))*199000000000000000*EXP(680/(1.987*(273+D44)))) -> 1.0506584e+11 | BG44: =BF44 * 1.17*EXP(-57/(1.987*(273+D44))) -> 1.1416637e+11 | BH44: =(D44+273)*$D$145*$F$144 -> 3.6973551e-16 | BJ44: =R44/(1-EXP(-E44*60*BD44)) -> 0.010149836 | BK44: =2*SQRT( ((S44/2) * (1 / (1 - EXP(-E44 * 60 * BB44 * BH44))))^2 + (BC44 * (-R44 * 60 * E44 * BH44 * EXP(-E44 * 60 * BB44 * BH44) / (1 - EXP(-E44 * 60 * BB44 * BH44))^2))^2 ) -> 0.0014508898 | BL44: =R44/(1-EXP(-E44*60*BB44*BH44)*EXP(-(M44-1560)*$CW$126*$BH$122)) -> 0.010120531 | BM44: =2*SQRT( ((S44/2) * (1 / (1 - EXP(-E44 * 60 * BB44 * BH44) * EXP(-(M44 - 1560) * $CW$126 * $BH$48))))^2 + (BC44 * (-R44 * 60 * E44 * BH44 * EXP(-E44 * 60 * BB44 * BH44) / ((1 - EXP(-E44 * 60 * BB44 * BH44) * EXP(-(M44 - 1560) * $CW$126 * $BH$48))^2)))^2 + ($CX$126 * (-R44 * (M44 - 1560) * $BH$48 * EXP(-(M44 - 1560) * $CW$126 * $BH$48) / ((1 - EXP(-E44 * 60 * BB44 * BH44) * EXP(-(M44 - 1560) * $CW$126 * $BH$48))^2)))^2 ) -> 0.0014449116 | BN44: =BN45+R44 -> 0.012527671 | BO44: =BO45+S44 -> 0.0016251793 | BT44: =BN44*(Y43/R43)*1.10204926384627 -> 0.0056389361 | BU44: =2*(((BO44/2)*1.10204926384627*(AB43/(1000)))^2+((AC43/2000)*1.10204926384627*BN44)^2+((0.187040260207234/2)*BN44*(AB43/(1000)))^2)^0.5 -> 0.0025062964 | BV44: =BT44 -> 0.0056389361 | BW44: =BU44 -> 0.0025062964 | CA44: =CA43*(EXP(-BH44*BG44*E44))*(EXP(-$BG$140*$F$144*D183*(24+273)*M44)) -> 0.017052848 | CD44: =CD43*(EXP(-BH44*BF44*E44))*(EXP(-$BF$140*$F$144*D183*(24+273)*M44)) -> 0.0097000959
A45: He30375.txt | B45: IrrWin0601bTube012624: 8805_150.0_115.0 115.00 | C45: 45331.397 | D45: 115 | E45: =J45/60 -> 150 | F45: Informed Bracket | G45: 0.591 | H45: 0 | I45: 0.19 | J45: 9000 | K45: 9128.569 | L45: =(C45-C44)*24*3600 -> 10560 | M45: =L45-J45 -> 1560 | O45: 0.0061974391 | P45: 0.026040722 | R45: 0.0036626865 | S45: 0.00039634548 | T45: 0.0049477371 | U45: 0.00058503658 | AQ45: =SUM(BP$5:$BP45) -> 5.9734495 | AR45: {=2*SQRT(SUM((BQ$5:$BQ45/2)^2))} -> 0.044741501 | AS45: =SUM($BX$5:BX45) -> 1.3792915 | AT45: {=2*SQRT(SUM(($BY$5:BY45/2)^2))} -> 0.024292443 | AU45: =AU44+R45 -> 5.9576229 | AW45: =AW44+T45 -> 1.5020418 | AZ45: ='Naive Apparent Lambdas'!$U$2*(10000/(D45+273))+'Naive Apparent Lambdas'!$V$2 -> 25.991417 | BA45: ='Naive Apparent Lambdas'!$V$4 -> 0.067480704 | BB45: =EXP(AZ45) -> 1.9405685e+11 | BC45: =BA45*BB45 -> 1.3095093e+10 | BD45: =BB45*(D45+273)*$D$145*$F$144 -> 7.1749708e-05 | BF45: =IF((273+D45)>=600, 0.00074*EXP(-6613/(1.987*(273+D45)))*128000000000000000*EXP(1174/(1.987*(273+D45))), 0.000304*EXP(-5580/(1.987*(273+D45)))*199000000000000000*EXP(680/(1.987*(273+D45)))) -> 1.0506584e+11 | BG45: =BF45 * 1.17*EXP(-57/(1.987*(273+D45))) -> 1.1416637e+11 | BH45: =(D45+273)*$D$145*$F$144 -> 3.6973551e-16 | BJ45: =R45/(1-EXP(-E45*60*BD45)) -> 0.0076990959 | BK45: =2*SQRT( ((S45/2) * (1 / (1 - EXP(-E45 * 60 * BB45 * BH45))))^2 + (BC45 * (-R45 * 60 * E45 * BH45 * EXP(-E45 * 60 * BB45 * BH45) / (1 - EXP(-E45 * 60 * BB45 * BH45))^2))^2 ) -> 0.0011139533 | BL45: =R45/(1-EXP(-E45*60*BB45*BH45)*EXP(-(M45-1560)*$CW$126*$BH$122)) -> 0.0076990959 | BM45: =2*SQRT( ((S45/2) * (1 / (1 - EXP(-E45 * 60 * BB45 * BH45) * EXP(-(M45 - 1560) * $CW$126 * $BH$48))))^2 + (BC45 * (-R45 * 60 * E45 * BH45 * EXP(-E45 * 60 * BB45 * BH45) / ((1 - EXP(-E45 * 60 * BB45 * BH45) * EXP(-(M45 - 1560) * $CW$126 * $BH$48))^2)))^2 + ($CX$126 * (-R45 * (M45 - 1560) * $BH$48 * EXP(-(M45 - 1560) * $CW$126 * $BH$48) / ((1 - EXP(-E45 * 60 * BB45 * BH45) * EXP(-(M45 - 1560) * $CW$126 * $BH$48))^2)))^2 ) -> 0.0011139533 | BN45: {=BJ45:BK45} -> 0.0076990959 | BO45: 0.0011139533 | BV45: =BV44*EXP(-BB44*BH44*E44*60*0.91357457380209)*EXP(-(M44-1560)*$CW$126*$BH$48*0.91357457380209) -> 0.0031185044 | BW45: =2*SQRT( ((BW44/2) * EXP(-BB44 * BH44 * E44 * 60 * 0.91357457380209) * EXP(-(M44 - 1560) * $CW$126 * $BH$48 * 0.91357457380209))^2 + (BC44 * (-BV44 * BH44 * E44 * 60 * 0.91357457380209 * EXP(-BB44 * BH44 * E44 * 60 * 0.91357457380209) * EXP(-(M44 - 1560) * $CW$126 * $BH$48 * 0.91357457380209)))^2 + ((0.146030972937065 / 2) * BV44 * (-BB44 * BH44 * E44 * 60 - (M44 - 1560) * $CW$126 * $BH$48) * EXP(-BB44 * BH44 * E44 * 60 * 0.91357457380209) * EXP(-(M44 - 1560) * $CW$126 * $BH$48 * 0.91357457380209))^2 + -(M44-1560)*$BH$48*0.91357457380209*BV44*EXP(-BB44*BH44*E44*60*0.91357457380209)*EXP(-(M44-1560)*$CW$126*$BH$48*0.91357457380209)) -> 0.0014387467 | CA45: =CA44*(EXP(-BH45*BG45*E45))*(EXP(-$BG$140*$F$144*D184*(24+273)*M45)) -> 0.016945216 | CD45: =CD44*(EXP(-BH45*BF45*E45))*(EXP(-$BF$140*$F$144*D184*(24+273)*M45)) -> 0.0096437379
A46: He30381.txt | B46: IrrWin0601bTube012624: 8905_150.0_115.0 115.00 | C46: 45331.541 | D46: 115 | E46: =J46/60 -> 150 | G46: -0.0106 | H46: 0 | I46: 0.426 | J46: 9000 | K46: 9129.454 | L46: =(C46-C45)*24*3600 -> 12420 | M46: =L46-J46 -> 3420 | O46: 0.0061880253 | P46: 0.026034758 | R46: -6.5593068e-05 | S46: -7.0894825e-06 | T46: 0.011090807 | U46: 0.0012870093 | AQ46: =SUM(BP$5:$BP46) -> 5.9734495 | AR46: {=2*SQRT(SUM((BQ$5:$BQ46/2)^2))} -> 0.044741501 | AS46: =SUM($BX$5:BX46) -> 1.3792915 | AT46: {=2*SQRT(SUM(($BY$5:BY46/2)^2))} -> 0.024292443 | AU46: =AU45+R46 -> 5.9575573 | AW46: =AW45+T46 -> 1.5131326 | AZ46: ='Naive Apparent Lambdas'!$U$2*(10000/(D46+273))+'Naive Apparent Lambdas'!$V$2 -> 25.991417 | BA46: ='Naive Apparent Lambdas'!$V$4 -> 0.067480704 | BB46: =EXP(AZ46) -> 1.9405685e+11 | BC46: =BA46*BB46 -> 1.3095093e+10 | BD46: =BB46*(D46+273)*$D$145*$F$144 -> 7.1749708e-05 | BF46: =IF((273+D46)>=600, 0.00074*EXP(-6613/(1.987*(273+D46)))*128000000000000000*EXP(1174/(1.987*(273+D46))), 0.000304*EXP(-5580/(1.987*(273+D46)))*199000000000000000*EXP(680/(1.987*(273+D46)))) -> 1.0506584e+11 | BG46: =BF46 * 1.17*EXP(-57/(1.987*(273+D46))) -> 1.1416637e+11 | BH46: =(D46+273)*$D$145*$F$144 -> 3.6973551e-16 | BJ46: =R46/(1-EXP(-E46*60*BD46)) -> -0.00013787894 | BK46: =2*SQRT( ((S46/2) * (1 / (1 - EXP(-E46 * 60 * BB46 * BH46))))^2 + (BC46 * (-R46 * 60 * E46 * BH46 * EXP(-E46 * 60 * BB46 * BH46) / (1 - EXP(-E46 * 60 * BB46 * BH46))^2))^2 ) -> 1.9935899e-05 | BL46: =R46/(1-EXP(-E46*60*BB46*BH46)*EXP(-(M46-1560)*$CW$126*$BH$122)) -> -0.00013585758 | BM46: =2*SQRT( ((S46/2) * (1 / (1 - EXP(-E46 * 60 * BB46 * BH46) * EXP(-(M46 - 1560) * $CW$126 * $BH$48))))^2 + (BC46 * (-R46 * 60 * E46 * BH46 * EXP(-E46 * 60 * BB46 * BH46) / ((1 - EXP(-E46 * 60 * BB46 * BH46) * EXP(-(M46 - 1560) * $CW$126 * $BH$48))^2)))^2 + ($CX$126 * (-R46 * (M46 - 1560) * $BH$48 * EXP(-(M46 - 1560) * $CW$126 * $BH$48) / ((1 - EXP(-E46 * 60 * BB46 * BH46) * EXP(-(M46 - 1560) * $CW$126 * $BH$48))^2)))^2 ) -> 1.9549319e-05 | BN46: =BN45*EXP(-BD45*E45*60) -> 0.0040364094 | BO46: =2*((((BO45/2)*EXP(-BD45*E45*60))^2+(BN45*EXP(-BD45*E45*60)*E45*60*BC45*BD45/BB45)^2)^0.5) -> 0.00068177576 | BV46: =BV45*EXP(-BB45*BH45*E45*60*0.91357457380209)*EXP(-(M45-1560)*$CW$126*$BH$48*0.91357457380209) -> 0.0017287786 | BW46: =2*SQRT( ((BW45/2) * EXP(-BB45 * BH45 * E45 * 60 * 0.91357457380209) * EXP(-(M45 - 1560) * $CW$126 * $BH$48 * 0.91357457380209))^2 + (BC45 * (-BV45 * BH45 * E45 * 60 * 0.91357457380209 * EXP(-BB45 * BH45 * E45 * 60 * 0.91357457380209) * EXP(-(M45 - 1560) * $CW$126 * $BH$48 * 0.91357457380209)))^2 + ((0.146030972937065 / 2) * BV45 * (-BB45 * BH45 * E45 * 60 - (M45 - 1560) * $CW$126 * $BH$48) * EXP(-BB45 * BH45 * E45 * 60 * 0.91357457380209) * EXP(-(M45 - 1560) * $CW$126 * $BH$48 * 0.91357457380209))^2 + -(M45-1560)*$BH$48*0.91357457380209*BV45*EXP(-BB45*BH45*E45*60*0.91357457380209)*EXP(-(M45-1560)*$CW$126*$BH$48*0.91357457380209)) -> 0.00082563002 | CA46: =CA45*(EXP(-BH46*BG46*E46))*(EXP(-$BG$140*$F$144*D185*(24+273)*M46)) -> 0.016838263 | CD46: =CD45*(EXP(-BH46*BF46*E46))*(EXP(-$BF$140*$F$144*D185*(24+273)*M46)) -> 0.0095877074
A47: He30401.txt | B47: IrrWin0601bTube012624: 9005_1106.0_195.0 195.00 | C47: 45332.327 | D47: 195 | E47: =J47/60 -> 1106 | F47: Experimental | G47: 10.9 | H47: 0 | I47: 1.29 | J47: 66360 | K47: 66479.635 | L47: =(C47-C46)*24*3600 -> 67920 | M47: =L47-J47 -> 1560 | O47: 0.0061509318 | P47: 0.026033058 | R47: 0.067045156 | S47: 0.0014482507 | T47: 0.033582645 | U47: 0.00017718207 | W47: =(1000*T47/R47)/$AG$140 -> 0.50204056 | Y47: =T47-AVERAGE(T48:T50) -> 0.017787243 | Z47: =U47+AVERAGE(T48:T50) -> 0.015972584 | AB47: =(Y47*1000)/R47 -> 265.30243 | AC47: =2*((1000*Z47/(2*R47))^2+((S47/2)*1000*Y47/(R47^2))^2)^0.5 -> 238.30512 | AD47: =AB47/$AG$140 -> 0.2659087 | AE47: =2*(($AH$140*AB47/(2*$AG$140^2))^2+(AC47/($AG$140*2))^2)^0.5 -> 0.23886661 | AG47: {=BP47:BQ47} -> 0.095647148 | AH47: 0.0032294417 | AI47: {=BX47:BY47} -> 0.025821967 | AJ47: 0.017984589 | AL47: =1000*AI47/AG47 -> 269.97111 | AM47: =2*((AH47*1000*AI47/(2*AG47^2))^2+(1000*AJ47/(AG47*2))^2)^0.5 -> 188.2514 | AN47: =AL47/$AG$140 -> 0.27058805 | AO47: =2*(($AH$140*AL47/(2*$AG$140^2))^2+(AM47/($AG$140*2))^2)^0.5 -> 0.18870375 | AQ47: =SUM(BP$5:$BP47) -> 6.0690966 | AR47: {=2*SQRT(SUM((BQ$5:$BQ47/2)^2))} -> 0.044857901 | AS47: =SUM($BX$5:BX47) -> 1.4051135 | AT47: {=2*SQRT(SUM(($BY$5:BY47/2)^2))} -> 0.030225291 | AU47: =AU46+R47 -> 6.0246025 | AW47: =AW46+T47 -> 1.5467152 | BF47: =IF((273+D47)>=600, 0.00074*EXP(-6613/(1.987*(273+D47)))*128000000000000000*EXP(1174/(1.987*(273+D47))), 0.000304*EXP(-5580/(1.987*(273+D47)))*199000000000000000*EXP(680/(1.987*(273+D47)))) -> 3.1138789e+11 | BG47: =BF47 * 1.17*EXP(-57/(1.987*(273+D47))) -> 3.4266294e+11 | BH47: =(D47+273)*$D$145*$F$144 -> 4.4596964e-16 | BN47: =BN46*EXP(-BD46*E46*60) -> 0.0021161707 | BO47: =2*((((BO46/2)*EXP(-BD46*E46*60))^2+(BN46*EXP(-BD46*E46*60)*E46*60*BC46*BD46/BB46)^2)^0.5) -> 0.00040220993 | BP47: =R47+BN48-BN47 -> 0.095647148 | BQ47: =2*(((BO47/2)^2+(BO48/2)^2+(S47/2)^2)^(0.5)) -> 0.0032294417 | BR47: =100*(BP47-R47)/R47 -> 42.660788 | BV47: =BV46*EXP(-BB46*BH46*E46*60*0.91357457380209)*EXP(-(M46-1560)*$CW$126*$BH$48*0.91357457380209) -> 0.00094654064 | BW47: =2*SQRT( ((BW46/2) * EXP(-BB46 * BH46 * E46 * 60 * 0.91357457380209) * EXP(-(M46 - 1560) * $CW$126 * $BH$48 * 0.91357457380209))^2 + (BC46 * (-BV46 * BH46 * E46 * 60 * 0.91357457380209 * EXP(-BB46 * BH46 * E46 * 60 * 0.91357457380209) * EXP(-(M46 - 1560) * $CW$126 * $BH$48 * 0.91357457380209)))^2 + ((0.146030972937065 / 2) * BV46 * (-BB46 * BH46 * E46 * 60 - (M46 - 1560) * $CW$126 * $BH$48) * EXP(-BB46 * BH46 * E46 * 60 * 0.91357457380209) * EXP(-(M46 - 1560) * $CW$126 * $BH$48 * 0.91357457380209))^2 + -(M46-1560)*$BH$48*0.91357457380209*BV46*EXP(-BB46*BH46*E46*60*0.91357457380209)*EXP(-(M46-1560)*$CW$126*$BH$48*0.91357457380209)) -> 0.0004672618 | BX47: =Y47+BV48-BV47 -> 0.025821967 | BY47: =2*(((BW47/2)^2+(BW48/2)^2+(Z47/2)^2)^(0.5)) -> 0.017984589 | BZ47: =100*(BX47-Y47)/Y47 -> 45.17127 | CA47: =R47*CC47 -> 0.0073345908 | CB47: =BH47*BG47*J47 -> 10.140954 | CC47: =1/(CB47-1) -> 0.10939777 | CD47: =CF47*T47 -> 0.0040877758 | CE47: =BH47*BF47*J47 -> 9.2153832 | CF47: =1/(CE47-1) -> 0.12172287 | CG47: =R47-CA43 -> 0.049883992 | CH47: =R47+CA47 -> 0.074379747 | CI47: =T47-CD43 -> 0.023825861 | CJ47: =T47+CD47 -> 0.03767042 | CK47: =CE47*1.29 -> 11.887844 | CL47: =R47 / (CK47-1) -> 0.006157799 | CM47: =1000*T47/R47 -> 500.89591 | CN47: =1000*(T47+CD47)/(R47+CL47) -> 514.60245 | CO47: =1000*(T47-CD43)/(R47-CL43) -> 450.79686 | CP47: =1000*(T47+CD47-CD43)/(R47+CL47-CL43) -> 473.02779 | CQ47: =MAX(CM47:CP47) -> 514.60245 | CR47: =MIN(CM47:CP47) -> 450.79686 | CT47: nt/n0 | CU47: lambda | CV47: K
A48: He30413.txt | B48: IrrWin0601bTube012624: 9805_1.0_21.0 26.00 | C48: 45332.867 | D48: 26 | E48: =L48/60 -> 777 | G48: 1.28 | H48: 0 | I48: 0.0452 | J48: =E48*60 -> 46620 | K48: 186.582 | L48: =(C48-C47)*24*3600 -> 46620 | M48: =L48-J48 -> 0 | O48: 0.0061885167 | P48: 0.026033058 | R48: 0.0079213014 | S48: 0.0001718642 | T48: 0.0011766942 | U48: 6.4610475e-06 | AQ48: =SUM(BP$5:$BP48) -> 6.0690966 | AR48: {=2*SQRT(SUM((BQ$5:$BQ48/2)^2))} -> 0.044857901 | AS48: =SUM($BX$5:BX48) -> 1.4051135 | AT48: {=2*SQRT(SUM(($BY$5:BY48/2)^2))} -> 0.030225291 | AU48: =AU47+R48 -> 6.0325238 | AW48: =AW47+T48 -> 1.5478919 | AZ48: ='Naive Apparent Lambdas'!$U$2*(10000/(D48+273))+'Naive Apparent Lambdas'!$V$2 -> 22.056241 | BA48: ='Naive Apparent Lambdas'!$V$4 -> 0.067480704 | BB48: =EXP(AZ48) -> 3.7923086e+09 | BC48: =BA48*BB48 -> 2.5590766e+08 | BD48: =BB48*(D48+273)*$D$145*$F$144 -> 1.0805237e-06 | BF48: =IF((273+D48)>=600, 0.00074*EXP(-6613/(1.987*(273+D48)))*128000000000000000*EXP(1174/(1.987*(273+D48))), 0.000304*EXP(-5580/(1.987*(273+D48)))*199000000000000000*EXP(680/(1.987*(273+D48)))) -> 1.5843246e+10 | BG48: =BF48 * 1.17*EXP(-57/(1.987*(273+D48))) -> 1.6840819e+10 | BH48: =(D48+273)*$D$145*$F$144 -> 2.8492505e-16 | BJ48: =R48/(1-EXP(-E48*60*BD48)) -> 0.16124365 | BK48: =2*SQRT( ((S48/2) * (1 / (1 - EXP(-E48 * 60 * BB48 * BH48))))^2 + (BC48 * (-R48 * 60 * E48 * BH48 * EXP(-E48 * 60 * BB48 * BH48) / (1 - EXP(-E48 * 60 * BB48 * BH48))^2))^2 ) -> 0.021504633 | BL48: =R48/(1-EXP(-E48*60*BB48*BH48)*EXP(-(M48-1560)*$CW$126*$BH$122)) -> 0.20723467 | BM48: =2*SQRT( ((S48/2) * (1 / (1 - EXP(-E48 * 60 * BB48 * BH48) * EXP(-(M48 - 1560) * $CW$126 * $BH$48))))^2 + (BC48 * (-R48 * 60 * E48 * BH48 * EXP(-E48 * 60 * BB48 * BH48) / ((1 - EXP(-E48 * 60 * BB48 * BH48) * EXP(-(M48 - 1560) * $CW$126 * $BH$48))^2)))^2 + ($CX$126 * (-R48 * (M48 - 1560) * $BH$48 * EXP(-(M48 - 1560) * $CW$126 * $BH$48) / ((1 - EXP(-E48 * 60 * BB48 * BH48) * EXP(-(M48 - 1560) * $CW$126 * $BH$48))^2)))^2 ) -> 0.039927903 | BN48: =BN49+R48 -> 0.030718163 | BO48: =BO49+S48 -> 0.0028583371 | BT48: =BN48*(Y47/R47)*1.10204926384627 -> 0.0089812642 | BU48: =2*(((BO48/2)*1.10204926384627*(AB47/(1000)))^2+((AC47/2000)*1.10204926384627*BN48)^2+((0.187040260207234/2)*BN48*(AB47/(1000)))^2)^0.5 -> 0.0082524946 | BV48: =BT48 -> 0.0089812642 | BW48: =BU48 -> 0.0082524946 | CA48: =CA47*(EXP(-BH48*BG48*E48))*(EXP(-$BG$140*$F$144*D187*(24+273)*M48)) -> 0.007307296 | CD48: =CD47*(EXP(-BH48*BF48*E48))*(EXP(-$BF$140*$F$144*D187*(24+273)*M48)) -> 0.0040734631 | CT48: =BN49/BN48 -> 0.74212971 | CU48: =-LN(BN49/BN48)/L48 -> 6.3970664e-06 | CV48: =CU48/((D48+273)*CU50*CV50) -> 2.3413554e+10
A49: He30418.txt | B49: IrrWin0601bTube012624: 1005_150.0_95.0 95.00 | C49: 45332.993 | D49: 95 | E49: =J49/60 -> 150 | F49: Informed Bracket | G49: 0.949 | H49: 0 | I49: 1.09 | J49: 9000 | K49: 9128.522 | L49: =(C49-C48)*24*3600 -> 10920 | M49: =L49-J49 -> 1920 | O49: 0.0062004888 | P49: 0.026033058 | R49: 0.0058842639 | S49: 0.00012811693 | T49: 0.028376033 | U49: 0.00015697369 | AQ49: =SUM(BP$5:$BP49) -> 6.0690966 | AR49: {=2*SQRT(SUM((BQ$5:$BQ49/2)^2))} -> 0.044857901 | AS49: =SUM($BX$5:BX49) -> 1.4051135 | AT49: {=2*SQRT(SUM(($BY$5:BY49/2)^2))} -> 0.030225291 | AU49: =AU48+R49 -> 6.038408 | AW49: =AW48+T49 -> 1.576268 | AZ49: ='Naive Apparent Lambdas'!$U$2*(10000/(D49+273))+'Naive Apparent Lambdas'!$V$2 -> 25.272916 | BA49: ='Naive Apparent Lambdas'!$V$4 -> 0.067480704 | BB49: =EXP(AZ49) -> 9.4599281e+10 | BC49: =BA49*BB49 -> 6.3836261e+09 | BD49: =BB49*(D49+273)*$D$145*$F$144 -> 3.317379e-05 | BF49: =IF((273+D49)>=600, 0.00074*EXP(-6613/(1.987*(273+D49)))*128000000000000000*EXP(1174/(1.987*(273+D49))), 0.000304*EXP(-5580/(1.987*(273+D49)))*199000000000000000*EXP(680/(1.987*(273+D49)))) -> 7.437845e+10 | BG49: =BF49 * 1.17*EXP(-57/(1.987*(273+D49))) -> 8.0496818e+10 | BH49: =(D49+273)*$D$145*$F$144 -> 3.5067698e-16 | BJ49: =R49/(1-EXP(-E49*60*BD49)) -> 0.022796861 | BK49: =2*SQRT( ((S49/2) * (1 / (1 - EXP(-E49 * 60 * BB49 * BH49))))^2 + (BC49 * (-R49 * 60 * E49 * BH49 * EXP(-E49 * 60 * BB49 * BH49) / (1 - EXP(-E49 * 60 * BB49 * BH49))^2))^2 ) -> 0.0026864729 | BL49: =R49/(1-EXP(-E49*60*BB49*BH49)*EXP(-(M49-1560)*$CW$122*$BH$122)) -> 0.022618618 | BM49: =2*SQRT( ((S49/2) * (1 / (1 - EXP(-E49 * 60 * BB49 * BH49) * EXP(-(M49 - 1560) * $CW$122 * $BH$48))))^2 + (BC49 * (-R49 * 60 * E49 * BH49 * EXP(-E49 * 60 * BB49 * BH49) / ((1 - EXP(-E49 * 60 * BB49 * BH49) * EXP(-(M49 - 1560) * $CW$122 * $BH$48))^2)))^2 + ($CX$122 * (-R49 * (M49 - 1560) * $BH$48 * EXP(-(M49 - 1560) * $CW$122 * $BH$48) / ((1 - EXP(-E49 * 60 * BB49 * BH49) * EXP(-(M49 - 1560) * $CW$122 * $BH$48))^2)))^2 ) -> 0.0026464217 | BN49: {=BJ49:BK49} -> 0.022796861 | BO49: 0.0026864729 | BV49: =BV48*EXP(-BB48*BH48*E48*60*0.91357457380209)*EXP(-(M48-1560)*$CW$126*$BH$48*0.91357457380209) -> 0.0086671103 | BW49: =2*SQRT( ((BW48/2) * EXP(-BB48 * BH48 * E48 * 60 * 0.91357457380209) * EXP(-(M48 - 1560) * $CW$126 * $BH$48 * 0.91357457380209))^2 + (BC48 * (-BV48 * BH48 * E48 * 60 * 0.91357457380209 * EXP(-BB48 * BH48 * E48 * 60 * 0.91357457380209) * EXP(-(M48 - 1560) * $CW$126 * $BH$48 * 0.91357457380209)))^2 + ((0.146030972937065 / 2) * BV48 * (-BB48 * BH48 * E48 * 60 - (M48 - 1560) * $CW$126 * $BH$48) * EXP(-BB48 * BH48 * E48 * 60 * 0.91357457380209) * EXP(-(M48 - 1560) * $CW$126 * $BH$48 * 0.91357457380209))^2 + -(M48-1560)*$BH$48*0.91357457380209*BV48*EXP(-BB48*BH48*E48*60*0.91357457380209)*EXP(-(M48-1560)*$CW$126*$BH$48*0.91357457380209)) -> 0.0079641669 | CA49: =CA48*(EXP(-BH49*BG49*E49))*(EXP(-$BG$140*$F$144*D188*(24+273)*M49)) -> 0.0072764204 | CD49: =CD48*(EXP(-BH49*BF49*E49))*(EXP(-$BF$140*$F$144*D188*(24+273)*M49)) -> 0.0040575571 | CS49: 1σ | CT49: =((BO49/(BN48*2))^2+(BO48*BN49/(2*BN48^2))^2)^0.5 -> 0.055716076 | CU49: =CT49/(CT48*L48) -> 1.6103803e-06 | CV49: =CU49/((D48+273)*CU50*CV50) -> 5.894065e+09
A50: He30427.txt | B50: IrrWin0601bTube012624: 1035_150.0_95.0 95.00 | C50: 45333.14 | D50: 95 | E50: =J50/60 -> 150 | G50: -0.00874 | H50: 0 | I50: 0.685 | J50: 9000 | K50: 9125.996 | L50: =(C50-C49)*24*3600 -> 12720 | M50: =L50-J50 -> 3720 | O50: 0.0062115001 | P50: 0.026034274 | R50: -5.4288511e-05 | S50: -1.1919127e-06 | T50: 0.017833478 | U50: 9.8885669e-05 | AQ50: =SUM(BP$5:$BP50) -> 6.0690966 | AR50: {=2*SQRT(SUM((BQ$5:$BQ50/2)^2))} -> 0.044857901 | AS50: =SUM($BX$5:BX50) -> 1.4051135 | AT50: {=2*SQRT(SUM(($BY$5:BY50/2)^2))} -> 0.030225291 | AU50: =AU49+R50 -> 6.0383537 | AW50: =AW49+T50 -> 1.5941014 | AZ50: ='Naive Apparent Lambdas'!$U$2*(10000/(D50+273))+'Naive Apparent Lambdas'!$V$2 -> 25.272916 | BA50: ='Naive Apparent Lambdas'!$V$4 -> 0.067480704 | BB50: =EXP(AZ50) -> 9.4599281e+10 | BC50: =BA50*BB50 -> 6.3836261e+09 | BD50: =BB50*(D50+273)*$D$145*$F$144 -> 3.317379e-05 | BF50: =IF((273+D50)>=600, 0.00074*EXP(-6613/(1.987*(273+D50)))*128000000000000000*EXP(1174/(1.987*(273+D50))), 0.000304*EXP(-5580/(1.987*(273+D50)))*199000000000000000*EXP(680/(1.987*(273+D50)))) -> 7.437845e+10 | BG50: =BF50 * 1.17*EXP(-57/(1.987*(273+D50))) -> 8.0496818e+10 | BH50: =(D50+273)*$D$145*$F$144 -> 3.5067698e-16 | BJ50: =R50/(1-EXP(-E50*60*BD50)) -> -0.00021032497 | BK50: =2*SQRT( ((S50/2) * (1 / (1 - EXP(-E50 * 60 * BB50 * BH50))))^2 + (BC50 * (-R50 * 60 * E50 * BH50 * EXP(-E50 * 60 * BB50 * BH50) / (1 - EXP(-E50 * 60 * BB50 * BH50))^2))^2 ) -> 2.4792647e-05 | BL50: =R50/(1-EXP(-E50*60*BB50*BH50)*EXP(-(M50-1560)*$CW$126*$BH$122)) -> -0.00020126522 | BM50: =2*SQRT( ((S50/2) * (1 / (1 - EXP(-E50 * 60 * BB50 * BH50) * EXP(-(M50 - 1560) * $CW$126 * $BH$48))))^2 + (BC50 * (-R50 * 60 * E50 * BH50 * EXP(-E50 * 60 * BB50 * BH50) / ((1 - EXP(-E50 * 60 * BB50 * BH50) * EXP(-(M50 - 1560) * $CW$126 * $BH$48))^2)))^2 + ($CX$126 * (-R50 * (M50 - 1560) * $BH$48 * EXP(-(M50 - 1560) * $CW$126 * $BH$48) / ((1 - EXP(-E50 * 60 * BB50 * BH50) * EXP(-(M50 - 1560) * $CW$126 * $BH$48))^2)))^2 ) -> 2.2998871e-05 | BN50: =BN49*EXP(-BD49*E49*60) -> 0.016912597 | BO50: =2*((((BO49/2)*EXP(-BD49*E49*60))^2+(BN49*EXP(-BD49*E49*60)*E49*60*BC49*BD49/BB49)^2)^0.5) -> 0.002106339 | BV50: =BV49*EXP(-BB49*BH49*E49*60*0.91357457380209)*EXP(-(M49-1560)*$CW$126*$BH$48*0.91357457380209) -> 0.0065822152 | BW50: =2*SQRT( ((BW49/2) * EXP(-BB49 * BH49 * E49 * 60 * 0.91357457380209) * EXP(-(M49 - 1560) * $CW$126 * $BH$48 * 0.91357457380209))^2 + (BC49 * (-BV49 * BH49 * E49 * 60 * 0.91357457380209 * EXP(-BB49 * BH49 * E49 * 60 * 0.91357457380209) * EXP(-(M49 - 1560) * $CW$126 * $BH$48 * 0.91357457380209)))^2 + ((0.146030972937065 / 2) * BV49 * (-BB49 * BH49 * E49 * 60 - (M49 - 1560) * $CW$126 * $BH$48) * EXP(-BB49 * BH49 * E49 * 60 * 0.91357457380209) * EXP(-(M49 - 1560) * $CW$126 * $BH$48 * 0.91357457380209))^2 + -(M49-1560)*$BH$48*0.91357457380209*BV49*EXP(-BB49*BH49*E49*60*0.91357457380209)*EXP(-(M49-1560)*$CW$126*$BH$48*0.91357457380209)) -> 0.0060601376 | CA50: =CA49*(EXP(-BH50*BG50*E50))*(EXP(-$BG$140*$F$144*D189*(24+273)*M50)) -> 0.0072456753 | CD50: =CD49*(EXP(-BH50*BF50*E50))*(EXP(-$BF$140*$F$144*D189*(24+273)*M50)) -> 0.0040417133 | CU50: 6708.6222 | CV50: 1.3621e-22
A51: He30432.txt | B51: IrrWin0601bTube012624: 1065_740.0_185.0 185.00 | C51: 45333.672 | D51: 185 | E51: =J51/60 -> 740 | F51: Experimental | G51: 3.64 | H51: 0 | I51: 0.304 | J51: 44400 | K51: 44525.35 | L51: =(C51-C50)*24*3600 -> 45960 | M51: =L51-J51 -> 1560 | O51: 0.0062303665 | P51: 0.026118203 | R51: 0.022678534 | S51: 0.00041845996 | T51: 0.0079399337 | U51: 4.1864933e-05 | W51: =(1000*T51/R51)/$AG$140 -> 0.35090796 | Y51: =T51-AVERAGE(T52:T54) -> 0.0019794859 | Z51: =U51+AVERAGE(T52:T54) -> 0.0060023127 | AB51: =(Y51*1000)/R51 -> 87.284562 | AC51: =2*((1000*Z51/(2*R51))^2+((S51/2)*1000*Y51/(R51^2))^2)^0.5 -> 264.67424 | AD51: =AB51/$AG$140 -> 0.087484026 | AE51: =2*(($AH$140*AB51/(2*$AG$140^2))^2+(AC51/($AG$140*2))^2)^0.5 -> 0.26528073 | AG51: {=BP51:BQ51} -> 0.019150164 | AH51: 0.0019966671 | AI51: {=BX51:BY51} -> -0.0020921119 | AJ51: 0.0079839286 | AL51: =1000*AI51/AG51 -> -109.24773 | AM51: =2*((AH51*1000*AI51/(2*AG51^2))^2+(1000*AJ51/(AG51*2))^2)^0.5 -> 417.06735 | AN51: =AL51/$AG$140 -> -0.10949738 | AO51: =2*(($AH$140*AL51/(2*$AG$140^2))^2+(AM51/($AG$140*2))^2)^0.5 -> 0.41802207 | AQ51: =SUM(BP$5:$BP51) -> 6.0882468 | AR51: {=2*SQRT(SUM((BQ$5:$BQ51/2)^2))} -> 0.044902315 | AS51: =SUM($BX$5:BX51) -> 1.4030214 | AT51: {=2*SQRT(SUM(($BY$5:BY51/2)^2))} -> 0.031261979 | AU51: =AU50+R51 -> 6.0610323 | AW51: =AW50+T51 -> 1.6020414 | BF51: =IF((273+D51)>=600, 0.00074*EXP(-6613/(1.987*(273+D51)))*128000000000000000*EXP(1174/(1.987*(273+D51))), 0.000304*EXP(-5580/(1.987*(273+D51)))*199000000000000000*EXP(680/(1.987*(273+D51)))) -> 2.7754673e+11 | BG51: =BF51 * 1.17*EXP(-57/(1.987*(273+D51))) -> 3.0501436e+11 | BH51: =(D51+273)*$D$145*$F$144 -> 4.3644037e-16 | BN51: =BN50*EXP(-BD50*E50*60) -> 0.012547164 | BO51: =2*((((BO50/2)*EXP(-BD50*E50*60))^2+(BN50*EXP(-BD50*E50*60)*E50*60*BC50*BD50/BB50)^2)^0.5) -> 0.0016424098 | BP51: =R51+BN52-BN51 -> 0.019150164 | BQ51: =2*(((BO51/2)^2+(BO52/2)^2+(S51/2)^2)^(0.5)) -> 0.0019966671 | BR51: =100*(BP51-R51)/R51 -> -15.558195 | BV51: =BV50*EXP(-BB50*BH50*E50*60*0.91357457380209)*EXP(-(M50-1560)*$CW$126*$BH$48*0.91357457380209) -> 0.0049391325 | BW51: =2*SQRT( ((BW50/2) * EXP(-BB50 * BH50 * E50 * 60 * 0.91357457380209) * EXP(-(M50 - 1560) * $CW$126 * $BH$48 * 0.91357457380209))^2 + (BC50 * (-BV50 * BH50 * E50 * 60 * 0.91357457380209 * EXP(-BB50 * BH50 * E50 * 60 * 0.91357457380209) * EXP(-(M50 - 1560) * $CW$126 * $BH$48 * 0.91357457380209)))^2 + ((0.146030972937065 / 2) * BV50 * (-BB50 * BH50 * E50 * 60 - (M50 - 1560) * $CW$126 * $BH$48) * EXP(-BB50 * BH50 * E50 * 60 * 0.91357457380209) * EXP(-(M50 - 1560) * $CW$126 * $BH$48 * 0.91357457380209))^2 + -(M50-1560)*$BH$48*0.91357457380209*BV50*EXP(-BB50*BH50*E50*60*0.91357457380209)*EXP(-(M50-1560)*$CW$126*$BH$48*0.91357457380209)) -> 0.004556656 | BX51: =Y51+BV52-BV51 -> -0.0020921119 | BY51: =2*(((BW51/2)^2+(BW52/2)^2+(Z51/2)^2)^(0.5)) -> 0.0079839286 | BZ51: =100*(BX51-Y51)/Y51 -> -205.68966 | CA51: =R51*CC51 -> 0.0046183251 | CB51: =BH51*BG51*J51 -> 5.9105539 | CC51: =1/(CB51-1) -> 0.20364302 | CD51: =CF51*T51 -> 0.0018134793 | CE51: =BH51*BF51*J51 -> 5.3782874 | CF51: =1/(CE51-1) -> 0.22839981 | CG51: =R51-CA47 -> 0.015343943 | CH51: =R51+CA51 -> 0.027296859 | CI51: =T51-CD47 -> 0.0038521579 | CJ51: =T51+CD51 -> 0.009753413 | CK51: =CE51*1.29 -> 6.9379907 | CL51: =R51 / (CK51-1) -> 0.0038192269 | CM51: =1000*T51/R51 -> 350.10789 | CN51: =1000*(T51+CD51)/(R51+CL51) -> 368.08442 | CO51: =1000*(T51-CD47)/(R51-CL47) -> 233.17109 | CP51: =1000*(T51+CD51-CD47)/(R51+CL51-CL47) -> 278.54709 | CQ51: =MAX(CM51:CP51) -> 368.08442 | CR51: =MIN(CM51:CP51) -> 233.17109 | CU51: G | CV51: R
A52: He30434.txt | B52: IrrWin0601bTube012624: 1095_150.0_95.0 95.00 | C52: 45333.794 | D52: 95 | E52: =J52/60 -> 150 | F52: Informed Bracket | G52: 0.373 | H52: 0 | I52: 0.0356 | J52: 9000 | K52: 9127.441 | L52: =(C52-C51)*24*3600 -> 10560 | M52: =L52-J52 -> 1560 | O52: 0.0062410359 | P52: 0.026119403 | R52: 0.0023279064 | S52: 3.9191054e-05 | T52: 0.00092985075 | U52: 4.6911004e-06 | AQ52: =SUM(BP$5:$BP52) -> 6.0882468 | AR52: {=2*SQRT(SUM((BQ$5:$BQ52/2)^2))} -> 0.044902315 | AS52: =SUM($BX$5:BX52) -> 1.4030214 | AT52: {=2*SQRT(SUM(($BY$5:BY52/2)^2))} -> 0.031261979 | AU52: =AU51+R52 -> 6.0633602 | AW52: =AW51+T52 -> 1.6029712 | AZ52: ='Naive Apparent Lambdas'!$U$2*(10000/(D52+273))+'Naive Apparent Lambdas'!$V$2 -> 25.272916 | BA52: ='Naive Apparent Lambdas'!$V$4 -> 0.067480704 | BB52: =EXP(AZ52) -> 9.4599281e+10 | BC52: =BA52*BB52 -> 6.3836261e+09 | BD52: =BB52*(D52+273)*$D$145*$F$144 -> 3.317379e-05 | BF52: =IF((273+D52)>=600, 0.00074*EXP(-6613/(1.987*(273+D52)))*128000000000000000*EXP(1174/(1.987*(273+D52))), 0.000304*EXP(-5580/(1.987*(273+D52)))*199000000000000000*EXP(680/(1.987*(273+D52)))) -> 7.437845e+10 | BG52: =BF52 * 1.17*EXP(-57/(1.987*(273+D52))) -> 8.0496818e+10 | BH52: =(D52+273)*$D$145*$F$144 -> 3.5067698e-16 | BJ52: =R52/(1-EXP(-E52*60*BD52)) -> 0.0090187931 | BK52: =2*SQRT( ((S52/2) * (1 / (1 - EXP(-E52 * 60 * BB52 * BH52))))^2 + (BC52 * (-R52 * 60 * E52 * BH52 * EXP(-E52 * 60 * BB52 * BH52) / (1 - EXP(-E52 * 60 * BB52 * BH52))^2))^2 ) -> 0.0010554908 | BL52: =R52/(1-EXP(-E52*60*BB52*BH52)*EXP(-(M52-1560)*$CW$126*$BH$122)) -> 0.0090187931 | BM52: =2*SQRT( ((S52/2) * (1 / (1 - EXP(-E52 * 60 * BB52 * BH52) * EXP(-(M52 - 1560) * $CW$126 * $BH$48))))^2 + (BC52 * (-R52 * 60 * E52 * BH52 * EXP(-E52 * 60 * BB52 * BH52) / ((1 - EXP(-E52 * 60 * BB52 * BH52) * EXP(-(M52 - 1560) * $CW$126 * $BH$48))^2)))^2 + ($CX$126 * (-R52 * (M52 - 1560) * $BH$48 * EXP(-(M52 - 1560) * $CW$126 * $BH$48) / ((1 - EXP(-E52 * 60 * BB52 * BH52) * EXP(-(M52 - 1560) * $CW$126 * $BH$48))^2)))^2 ) -> 0.0010554908 | BN52: {=BJ52:BK52} -> 0.0090187931 | BO52: 0.0010554908 | BT52: =BN52*(Y51/R51)*1.10204926384627 -> 0.00086753473 | BU52: =2*(((BO52/2)*1.10204926384627*(AB51/(1000)))^2+((AC51/2000)*1.10204926384627*BN52)^2+((0.187040260207234/2)*BN52*(AB51/(1000)))^2)^0.5 -> 0.0026367109 | BV52: =BT52 -> 0.00086753473 | BW52: =BU52 -> 0.0026367109 | CA52: =CA51*(EXP(-BH52*BG52*E52))*(EXP(-$BG$140*$F$144*D191*(24+273)*M52)) -> 0.0045988112 | CD52: =CD51*(EXP(-BH52*BF52*E52))*(EXP(-$BF$140*$F$144*D191*(24+273)*M52)) -> 0.0018063981
A53: He30436.txt | B53: IrrWin0601bTube012624: 1105_150.0_95.0 95.00 | C53: 45333.917 | D53: 95 | E53: =J53/60 -> 150 | G53: 0 | H53: 0 | I53: 0.264 | J53: 9000 | K53: 9128.253 | L53: =(C53-C52)*24*3600 -> 10560 | M53: =L53-J53 -> 1560 | O53: 0.0062583606 | P53: 0.026119403 | R53: 0 | S53: 0 | T53: 0.0068955224 | U53: 3.3284448e-05 | AQ53: =SUM(BP$5:$BP53) -> 6.0882468 | AR53: {=2*SQRT(SUM((BQ$5:$BQ53/2)^2))} -> 0.044902315 | AS53: =SUM($BX$5:BX53) -> 1.4030214 | AT53: {=2*SQRT(SUM(($BY$5:BY53/2)^2))} -> 0.031261979 | AU53: =AU52+R53 -> 6.0633602 | AW53: =AW52+T53 -> 1.6098667 | AZ53: ='Naive Apparent Lambdas'!$U$2*(10000/(D53+273))+'Naive Apparent Lambdas'!$V$2 -> 25.272916 | BA53: ='Naive Apparent Lambdas'!$V$4 -> 0.067480704 | BB53: =EXP(AZ53) -> 9.4599281e+10 | BC53: =BA53*BB53 -> 6.3836261e+09 | BD53: =BB53*(D53+273)*$D$145*$F$144 -> 3.317379e-05 | BF53: =IF((273+D53)>=600, 0.00074*EXP(-6613/(1.987*(273+D53)))*128000000000000000*EXP(1174/(1.987*(273+D53))), 0.000304*EXP(-5580/(1.987*(273+D53)))*199000000000000000*EXP(680/(1.987*(273+D53)))) -> 7.437845e+10 | BG53: =BF53 * 1.17*EXP(-57/(1.987*(273+D53))) -> 8.0496818e+10 | BH53: =(D53+273)*$D$145*$F$144 -> 3.5067698e-16 | BJ53: =R53/(1-EXP(-E53*60*BD53)) -> 0 | BK53: =2*SQRT( ((S53/2) * (1 / (1 - EXP(-E53 * 60 * BB53 * BH53))))^2 + (BC53 * (-R53 * 60 * E53 * BH53 * EXP(-E53 * 60 * BB53 * BH53) / (1 - EXP(-E53 * 60 * BB53 * BH53))^2))^2 ) -> 0 | BL53: =R53/(1-EXP(-E53*60*BB53*BH53)*EXP(-(M53-1560)*$CW$126*$BH$122)) -> 0 | BM53: =2*SQRT( ((S53/2) * (1 / (1 - EXP(-E53 * 60 * BB53 * BH53) * EXP(-(M53 - 1560) * $CW$126 * $BH$48))))^2 + (BC53 * (-R53 * 60 * E53 * BH53 * EXP(-E53 * 60 * BB53 * BH53) / ((1 - EXP(-E53 * 60 * BB53 * BH53) * EXP(-(M53 - 1560) * $CW$126 * $BH$48))^2)))^2 + ($CX$126 * (-R53 * (M53 - 1560) * $BH$48 * EXP(-(M53 - 1560) * $CW$126 * $BH$48) / ((1 - EXP(-E53 * 60 * BB53 * BH53) * EXP(-(M53 - 1560) * $CW$126 * $BH$48))^2)))^2 ) -> 0 | BN53: =BN52*EXP(-BD52*E52*60) -> 0.0066908867 | BO53: =2*((((BO52/2)*EXP(-BD52*E52*60))^2+(BN52*EXP(-BD52*E52*60)*E52*60*BC52*BD52/BB52)^2)^0.5) -> 0.00082816407 | BV53: =BV52*EXP(-BB52*BH52*E52*60*0.91357457380209)*EXP(-(M52-1560)*$CW$126*$BH$48*0.91357457380209) -> 0.00066043253 | BW53: =2*SQRT( ((BW52/2) * EXP(-BB52 * BH52 * E52 * 60 * 0.91357457380209) * EXP(-(M52 - 1560) * $CW$126 * $BH$48 * 0.91357457380209))^2 + (BC52 * (-BV52 * BH52 * E52 * 60 * 0.91357457380209 * EXP(-BB52 * BH52 * E52 * 60 * 0.91357457380209) * EXP(-(M52 - 1560) * $CW$126 * $BH$48 * 0.91357457380209)))^2 + ((0.146030972937065 / 2) * BV52 * (-BB52 * BH52 * E52 * 60 - (M52 - 1560) * $CW$126 * $BH$48) * EXP(-BB52 * BH52 * E52 * 60 * 0.91357457380209) * EXP(-(M52 - 1560) * $CW$126 * $BH$48 * 0.91357457380209))^2 + -(M52-1560)*$BH$48*0.91357457380209*BV52*EXP(-BB52*BH52*E52*60*0.91357457380209)*EXP(-(M52-1560)*$CW$126*$BH$48*0.91357457380209)) -> 0.0020076159 | CA53: =CA52*(EXP(-BH53*BG53*E53))*(EXP(-$BG$140*$F$144*D192*(24+273)*M53)) -> 0.0045793798 | CD53: =CD52*(EXP(-BH53*BF53*E53))*(EXP(-$BF$140*$F$144*D192*(24+273)*M53)) -> 0.0017993445
A54: He30440.txt | B54: IrrWin0601bTube012624: 1135_150.0_95.0 95.00 | C54: 45334.042 | D54: 95 | E54: =J54/60 -> 150 | G54: 0 | H54: 0 | I54: 0.385 | J54: 9000 | K54: 9130.362 | L54: =(C54-C53)*24*3600 -> 10800 | M54: =L54-J54 -> 1800 | O54: 0.0062631579 | P54: 0.026119403 | R54: 0 | S54: 0 | T54: 0.01005597 | U54: 4.5970617e-05 | AQ54: =SUM(BP$5:$BP54) -> 6.0882468 | AR54: {=2*SQRT(SUM((BQ$5:$BQ54/2)^2))} -> 0.044902315 | AS54: =SUM($BX$5:BX54) -> 1.4030214 | AT54: {=2*SQRT(SUM(($BY$5:BY54/2)^2))} -> 0.031261979 | AU54: =AU53+R54 -> 6.0633602 | AW54: =AW53+T54 -> 1.6199227 | AZ54: ='Naive Apparent Lambdas'!$U$2*(10000/(D54+273))+'Naive Apparent Lambdas'!$V$2 -> 25.272916 | BA54: ='Naive Apparent Lambdas'!$V$4 -> 0.067480704 | BB54: =EXP(AZ54) -> 9.4599281e+10 | BC54: =BA54*BB54 -> 6.3836261e+09 | BD54: =BB54*(D54+273)*$D$145*$F$144 -> 3.317379e-05 | BF54: =IF((273+D54)>=600, 0.00074*EXP(-6613/(1.987*(273+D54)))*128000000000000000*EXP(1174/(1.987*(273+D54))), 0.000304*EXP(-5580/(1.987*(273+D54)))*199000000000000000*EXP(680/(1.987*(273+D54)))) -> 7.437845e+10 | BG54: =BF54 * 1.17*EXP(-57/(1.987*(273+D54))) -> 8.0496818e+10 | BH54: =(D54+273)*$D$145*$F$144 -> 3.5067698e-16 | BJ54: =R54/(1-EXP(-E54*60*BD54)) -> 0 | BK54: =2*SQRT( ((S54/2) * (1 / (1 - EXP(-E54 * 60 * BB54 * BH54))))^2 + (BC54 * (-R54 * 60 * E54 * BH54 * EXP(-E54 * 60 * BB54 * BH54) / (1 - EXP(-E54 * 60 * BB54 * BH54))^2))^2 ) -> 0 | BL54: =R54/(1-EXP(-E54*60*BB54*BH54)*EXP(-(M54-1560)*$CW$126*$BH$122)) -> 0 | BM54: =2*SQRT( ((S54/2) * (1 / (1 - EXP(-E54 * 60 * BB54 * BH54) * EXP(-(M54 - 1560) * $CW$126 * $BH$48))))^2 + (BC54 * (-R54 * 60 * E54 * BH54 * EXP(-E54 * 60 * BB54 * BH54) / ((1 - EXP(-E54 * 60 * BB54 * BH54) * EXP(-(M54 - 1560) * $CW$126 * $BH$48))^2)))^2 + ($CX$126 * (-R54 * (M54 - 1560) * $BH$48 * EXP(-(M54 - 1560) * $CW$126 * $BH$48) / ((1 - EXP(-E54 * 60 * BB54 * BH54) * EXP(-(M54 - 1560) * $CW$126 * $BH$48))^2)))^2 ) -> 0 | BN54: =BN53*EXP(-BD53*E53*60) -> 0.0049638532 | BO54: =2*((((BO53/2)*EXP(-BD53*E53*60))^2+(BN53*EXP(-BD53*E53*60)*E53*60*BC53*BD53/BB53)^2)^0.5) -> 0.00064613835 | BV54: =BV53*EXP(-BB53*BH53*E53*60*0.91357457380209)*EXP(-(M53-1560)*$CW$126*$BH$48*0.91357457380209) -> 0.00050277079 | BW54: =2*SQRT( ((BW53/2) * EXP(-BB53 * BH53 * E53 * 60 * 0.91357457380209) * EXP(-(M53 - 1560) * $CW$126 * $BH$48 * 0.91357457380209))^2 + (BC53 * (-BV53 * BH53 * E53 * 60 * 0.91357457380209 * EXP(-BB53 * BH53 * E53 * 60 * 0.91357457380209) * EXP(-(M53 - 1560) * $CW$126 * $BH$48 * 0.91357457380209)))^2 + ((0.146030972937065 / 2) * BV53 * (-BB53 * BH53 * E53 * 60 - (M53 - 1560) * $CW$126 * $BH$48) * EXP(-BB53 * BH53 * E53 * 60 * 0.91357457380209) * EXP(-(M53 - 1560) * $CW$126 * $BH$48 * 0.91357457380209))^2 + -(M53-1560)*$BH$48*0.91357457380209*BV53*EXP(-BB53*BH53*E53*60*0.91357457380209)*EXP(-(M53-1560)*$CW$126*$BH$48*0.91357457380209)) -> 0.0015286171 | CA54: =CA53*(EXP(-BH54*BG54*E54))*(EXP(-$BG$140*$F$144*D193*(24+273)*M54)) -> 0.0045600306 | CD54: =CD53*(EXP(-BH54*BF54*E54))*(EXP(-$BF$140*$F$144*D193*(24+273)*M54)) -> 0.0017923185
A55: He30455.txt | B55: IrrWin0601bTube012624: 1165_920.0_175.0 175.00 | C55: 45334.704 | D55: 175 | E55: =J55/60 -> 920 | F55: Experimental | G55: 2.89 | H55: 0 | I55: 0.581 | J55: 55200 | K55: 55330.002 | L55: =(C55-C54)*24*3600 -> 57240 | M55: =L55-J55 -> 2040 | O55: 0.0062345715 | P55: 0.02614774 | R55: 0.018017912 | S55: 0.00032107528 | T55: 0.015191837 | U55: 6.386013e-05 | W55: =(1000*T55/R55)/$AG$140 -> 0.8450787 | Y55: =T55-AVERAGE(T56:T58) -> 0.012228067 | Z55: =U55+AVERAGE(T56:T58) -> 0.0030276299 | AB55: =(Y55*1000)/R55 -> 678.66173 | AC55: =2*((1000*Z55/(2*R55))^2+((S55/2)*1000*Y55/(R55^2))^2)^0.5 -> 168.46909 | AD55: =AB55/$AG$140 -> 0.68021261 | AE55: =2*(($AH$140*AB55/(2*$AG$140^2))^2+(AC55/($AG$140*2))^2)^0.5 -> 0.16901048 | AG55: {=BP55:BQ55} -> 0.018864768 | AH55: 0.00074198427 | AI55: {=BX55:BY55} -> 0.015233596 | AJ55: 0.0034152722 | AL55: =1000*AI55/AG55 -> 807.51566 | AM55: =2*((AH55*1000*AI55/(2*AG55^2))^2+(1000*AJ55/(AG55*2))^2)^0.5 -> 183.80462 | AN55: =AL55/$AG$140 -> 0.809361 | AO55: =2*(($AH$140*AL55/(2*$AG$140^2))^2+(AM55/($AG$140*2))^2)^0.5 -> 0.1844276 | AQ55: =SUM(BP$5:$BP55) -> 6.1071115 | AR55: {=2*SQRT(SUM((BQ$5:$BQ55/2)^2))} -> 0.044908445 | AS55: =SUM($BX$5:BX55) -> 1.418255 | AT55: {=2*SQRT(SUM(($BY$5:BY55/2)^2))} -> 0.031447979 | AU55: =AU54+R55 -> 6.0813781 | AW55: =AW54+T55 -> 1.6351146 | BF55: =IF((273+D55)>=600, 0.00074*EXP(-6613/(1.987*(273+D55)))*128000000000000000*EXP(1174/(1.987*(273+D55))), 0.000304*EXP(-5580/(1.987*(273+D55)))*199000000000000000*EXP(680/(1.987*(273+D55)))) -> 2.4611603e+11 | BG55: =BF55 * 1.17*EXP(-57/(1.987*(273+D55))) -> 2.7009522e+11 | BH55: =(D55+273)*$D$145*$F$144 -> 4.2691111e-16 | BN55: =BN54*EXP(-BD54*E54*60) -> 0.0036825969 | BO55: =2*((((BO54/2)*EXP(-BD54*E54*60))^2+(BN54*EXP(-BD54*E54*60)*E54*60*BC54*BD54/BB54)^2)^0.5) -> 0.00050180095 | BP55: =R55+BN56-BN55 -> 0.018864768 | BQ55: =2*(((BO55/2)^2+(BO56/2)^2+(S55/2)^2)^(0.5)) -> 0.00074198427 | BR55: =100*(BP55-R55)/R55 -> 4.7000831 | BV55: =BV54*EXP(-BB54*BH54*E54*60*0.91357457380209)*EXP(-(M54-1560)*$CW$126*$BH$48*0.91357457380209) -> 0.00038213405 | BW55: =2*SQRT( ((BW54/2) * EXP(-BB54 * BH54 * E54 * 60 * 0.91357457380209) * EXP(-(M54 - 1560) * $CW$126 * $BH$48 * 0.91357457380209))^2 + (BC54 * (-BV54 * BH54 * E54 * 60 * 0.91357457380209 * EXP(-BB54 * BH54 * E54 * 60 * 0.91357457380209) * EXP(-(M54 - 1560) * $CW$126 * $BH$48 * 0.91357457380209)))^2 + ((0.146030972937065 / 2) * BV54 * (-BB54 * BH54 * E54 * 60 - (M54 - 1560) * $CW$126 * $BH$48) * EXP(-BB54 * BH54 * E54 * 60 * 0.91357457380209) * EXP(-(M54 - 1560) * $CW$126 * $BH$48 * 0.91357457380209))^2 + -(M54-1560)*$BH$48*0.91357457380209*BV54*EXP(-BB54*BH54*E54*60*0.91357457380209)*EXP(-(M54-1560)*$CW$126*$BH$48*0.91357457380209)) -> 0.0011620409 | BX55: =Y55+BV56-BV55 -> 0.015233596 | BY55: =2*(((BW55/2)^2+(BW56/2)^2+(Z55/2)^2)^(0.5)) -> 0.0034152722 | BZ55: =100*(BX55-Y55)/Y55 -> 24.578937 | CA55: =R55*CC55 -> 0.0033584635 | CB55: =BH55*BG55*J55 -> 6.364927 | CC55: =1/(CB55-1) -> 0.18639583 | CD55: =CF55*T55 -> 0.0031650678 | CE55: =BH55*BF55*J55 -> 5.7998456 | CF55: =1/(CE55-1) -> 0.20834004 | CG55: =R55-CA51 -> 0.013399587 | CH55: =R55+CA55 -> 0.021376375 | CI55: =T55-CD51 -> 0.013378357 | CJ55: =T55+CD55 -> 0.018356905 | CK55: =CE55*1.29 -> 7.4818008 | CL55: =R55 / (CK55-1) -> 0.0027797694 | CM55: =1000*T55/R55 -> 843.15192 | CN55: =1000*(T55+CD55)/(R55+CL55) -> 882.6419 | CO55: =1000*(T55-CD51)/(R55-CL51) -> 942.22513 | CP55: =1000*(T55+CD55-CD51)/(R55+CL55-CL51) -> 974.3776 | CQ55: =MAX(CM55:CP55) -> 974.3776 | CR55: =MIN(CM55:CP55) -> 843.15192
A56: He30458.txt | B56: IrrWin0601bTube012624: 1255_150.0_115.0 115.00 | C56: 45334.826 | D56: 115 | E56: =J56/60 -> 150 | F56: Informed Bracket | G56: 0.347 | H56: 0 | I56: 0.0742 | J56: 9000 | K56: 9127.522 | L56: =(C56-C55)*24*3600 -> 10560 | M56: =L56-J56 -> 1560 | O56: 0.0062097822 | P56: 0.026120648 | R56: 0.0021547944 | S56: 3.8061234e-05 | T56: 0.0019381521 | U56: 8.1504492e-06 | AQ56: =SUM(BP$5:$BP56) -> 6.1071115 | AR56: {=2*SQRT(SUM((BQ$5:$BQ56/2)^2))} -> 0.044908445 | AS56: =SUM($BX$5:BX56) -> 1.418255 | AT56: {=2*SQRT(SUM(($BY$5:BY56/2)^2))} -> 0.031447979 | AU56: =AU55+R56 -> 6.0835329 | AW56: =AW55+T56 -> 1.6370527 | AZ56: ='Naive Apparent Lambdas'!$U$2*(10000/(D56+273))+'Naive Apparent Lambdas'!$V$2 -> 25.991417 | BA56: ='Naive Apparent Lambdas'!$V$4 -> 0.067480704 | BB56: =EXP(AZ56) -> 1.9405685e+11 | BC56: =BA56*BB56 -> 1.3095093e+10 | BD56: =BB56*(D56+273)*$D$145*$F$144 -> 7.1749708e-05 | BF56: =IF((273+D56)>=600, 0.00074*EXP(-6613/(1.987*(273+D56)))*128000000000000000*EXP(1174/(1.987*(273+D56))), 0.000304*EXP(-5580/(1.987*(273+D56)))*199000000000000000*EXP(680/(1.987*(273+D56)))) -> 1.0506584e+11 | BG56: =BF56 * 1.17*EXP(-57/(1.987*(273+D56))) -> 1.1416637e+11 | BH56: =(D56+273)*$D$145*$F$144 -> 3.6973551e-16 | BJ56: =R56/(1-EXP(-E56*60*BD56)) -> 0.0045294537 | BK56: =2*SQRT( ((S56/2) * (1 / (1 - EXP(-E56 * 60 * BB56 * BH56))))^2 + (BC56 * (-R56 * 60 * E56 * BH56 * EXP(-E56 * 60 * BB56 * BH56) / (1 - EXP(-E56 * 60 * BB56 * BH56))^2))^2 ) -> 0.00044232016 | BL56: =R56/(1-EXP(-E56*60*BB56*BH56)*EXP(-(M56-1560)*$CW$126*$BH$122)) -> 0.0045294537 | BM56: =2*SQRT( ((S56/2) * (1 / (1 - EXP(-E56 * 60 * BB56 * BH56) * EXP(-(M56 - 1560) * $CW$126 * $BH$48))))^2 + (BC56 * (-R56 * 60 * E56 * BH56 * EXP(-E56 * 60 * BB56 * BH56) / ((1 - EXP(-E56 * 60 * BB56 * BH56) * EXP(-(M56 - 1560) * $CW$126 * $BH$48))^2)))^2 + ($CX$126 * (-R56 * (M56 - 1560) * $BH$48 * EXP(-(M56 - 1560) * $CW$126 * $BH$48) / ((1 - EXP(-E56 * 60 * BB56 * BH56) * EXP(-(M56 - 1560) * $CW$126 * $BH$48))^2)))^2 ) -> 0.00044232016 | BN56: {=BJ56:BK56} -> 0.0045294537 | BO56: 0.00044232016 | BT56: =BN56*(Y55/R55)*1.10204926384627 -> 0.0033876629 | BU56: =2*(((BO56/2)*1.10204926384627*(AB55/(1000)))^2+((AC55/2000)*1.10204926384627*BN56)^2+((0.187040260207234/2)*BN56*(AB55/(1000)))^2)^0.5 -> 0.0010710752 | BV56: =BT56 -> 0.0033876629 | BW56: =BU56 -> 0.0010710752 | CA56: =CA55*(EXP(-BH56*BG56*E56))*(EXP(-$BG$140*$F$144*D195*(24+273)*M56)) -> 0.0033372659 | CD56: =CD55*(EXP(-BH56*BF56*E56))*(EXP(-$BF$140*$F$144*D195*(24+273)*M56)) -> 0.0031466786
A57: He30462.txt | B57: IrrWin0601bTube012624: 1265_150.0_115.0 115.00 | C57: 45334.948 | D57: 115 | E57: =J57/60 -> 150 | G57: -0.00395 | H57: 0 | I57: 0.126 | J57: 9000 | K57: 9123.808 | L57: =(C57-C56)*24*3600 -> 10500 | M57: =L57-J57 -> 1500 | O57: 0.0062188139 | P57: 0.026127464 | R57: -2.4564315e-05 | S57: -4.8146794e-07 | T57: 0.0032920604 | U57: 1.4470162e-05 | AQ57: =SUM(BP$5:$BP57) -> 6.1071115 | AR57: {=2*SQRT(SUM((BQ$5:$BQ57/2)^2))} -> 0.044908445 | AS57: =SUM($BX$5:BX57) -> 1.418255 | AT57: {=2*SQRT(SUM(($BY$5:BY57/2)^2))} -> 0.031447979 | AU57: =AU56+R57 -> 6.0835083 | AW57: =AW56+T57 -> 1.6403448 | AZ57: ='Naive Apparent Lambdas'!$U$2*(10000/(D57+273))+'Naive Apparent Lambdas'!$V$2 -> 25.991417 | BA57: ='Naive Apparent Lambdas'!$V$4 -> 0.067480704 | BB57: =EXP(AZ57) -> 1.9405685e+11 | BC57: =BA57*BB57 -> 1.3095093e+10 | BD57: =BB57*(D57+273)*$D$145*$F$144 -> 7.1749708e-05 | BF57: =IF((273+D57)>=600, 0.00074*EXP(-6613/(1.987*(273+D57)))*128000000000000000*EXP(1174/(1.987*(273+D57))), 0.000304*EXP(-5580/(1.987*(273+D57)))*199000000000000000*EXP(680/(1.987*(273+D57)))) -> 1.0506584e+11 | BG57: =BF57 * 1.17*EXP(-57/(1.987*(273+D57))) -> 1.1416637e+11 | BH57: =(D57+273)*$D$145*$F$144 -> 3.6973551e-16 | BJ57: =R57/(1-EXP(-E57*60*BD57)) -> -5.1635054e-05 | BK57: =2*SQRT( ((S57/2) * (1 / (1 - EXP(-E57 * 60 * BB57 * BH57))))^2 + (BC57 * (-R57 * 60 * E57 * BH57 * EXP(-E57 * 60 * BB57 * BH57) / (1 - EXP(-E57 * 60 * BB57 * BH57))^2))^2 ) -> 5.0614245e-06 | BL57: =R57/(1-EXP(-E57*60*BB57*BH57)*EXP(-(M57-1560)*$CW$126*$BH$122)) -> -5.1660023e-05 | BM57: =2*SQRT( ((S57/2) * (1 / (1 - EXP(-E57 * 60 * BB57 * BH57) * EXP(-(M57 - 1560) * $CW$126 * $BH$48))))^2 + (BC57 * (-R57 * 60 * E57 * BH57 * EXP(-E57 * 60 * BB57 * BH57) / ((1 - EXP(-E57 * 60 * BB57 * BH57) * EXP(-(M57 - 1560) * $CW$126 * $BH$48))^2)))^2 + ($CX$126 * (-R57 * (M57 - 1560) * $BH$48 * EXP(-(M57 - 1560) * $CW$126 * $BH$48) / ((1 - EXP(-E57 * 60 * BB57 * BH57) * EXP(-(M57 - 1560) * $CW$126 * $BH$48))^2)))^2 ) -> 5.0662426e-06 | BN57: =BN56*EXP(-BD56*E56*60) -> 0.0023746593 | BO57: =2*((((BO56/2)*EXP(-BD56*E56*60))^2+(BN56*EXP(-BD56*E56*60)*E56*60*BC56*BD56/BB56)^2)^0.5) -> 0.0003108141 | BV57: =BV56*EXP(-BB56*BH56*E56*60*0.91357457380209)*EXP(-(M56-1560)*$CW$126*$BH$48*0.91357457380209) -> 0.0018779897 | BW57: =2*SQRT( ((BW56/2) * EXP(-BB56 * BH56 * E56 * 60 * 0.91357457380209) * EXP(-(M56 - 1560) * $CW$126 * $BH$48 * 0.91357457380209))^2 + (BC56 * (-BV56 * BH56 * E56 * 60 * 0.91357457380209 * EXP(-BB56 * BH56 * E56 * 60 * 0.91357457380209) * EXP(-(M56 - 1560) * $CW$126 * $BH$48 * 0.91357457380209)))^2 + ((0.146030972937065 / 2) * BV56 * (-BB56 * BH56 * E56 * 60 - (M56 - 1560) * $CW$126 * $BH$48) * EXP(-BB56 * BH56 * E56 * 60 * 0.91357457380209) * EXP(-(M56 - 1560) * $CW$126 * $BH$48 * 0.91357457380209))^2 + -(M56-1560)*$BH$48*0.91357457380209*BV56*EXP(-BB56*BH56*E56*60*0.91357457380209)*EXP(-(M56-1560)*$CW$126*$BH$48*0.91357457380209)) -> 0.00063739581 | CA57: =CA56*(EXP(-BH57*BG57*E57))*(EXP(-$BG$140*$F$144*D196*(24+273)*M57)) -> 0.0033162021 | CD57: =CD56*(EXP(-BH57*BF57*E57))*(EXP(-$BF$140*$F$144*D196*(24+273)*M57)) -> 0.0031283963
A58: He30465.txt | B58: IrrWin0601bTube012624: 1275_150.0_115.0 115.00 | C58: 45335.071 | D58: 115 | E58: =J58/60 -> 150 | G58: 0.346 | H58: 0 | I58: 0.14 | J58: 9000 | K58: 9127.517 | L58: =(C58-C57)*24*3600 -> 10620 | M58: =L58-J58 -> 1620 | O58: 0.0062479708 | P58: 0.026150692 | R58: 0.0021617979 | S58: 5.646444e-05 | T58: 0.0036610969 | U58: 1.8095661e-05 | AQ58: =SUM(BP$5:$BP58) -> 6.1071115 | AR58: {=2*SQRT(SUM((BQ$5:$BQ58/2)^2))} -> 0.044908445 | AS58: =SUM($BX$5:BX58) -> 1.418255 | AT58: {=2*SQRT(SUM(($BY$5:BY58/2)^2))} -> 0.031447979 | AU58: =AU57+R58 -> 6.0856701 | AW58: =AW57+T58 -> 1.6440059 | AZ58: ='Naive Apparent Lambdas'!$U$2*(10000/(D58+273))+'Naive Apparent Lambdas'!$V$2 -> 25.991417 | BA58: ='Naive Apparent Lambdas'!$V$4 -> 0.067480704 | BB58: =EXP(AZ58) -> 1.9405685e+11 | BC58: =BA58*BB58 -> 1.3095093e+10 | BD58: =BB58*(D58+273)*$D$145*$F$144 -> 7.1749708e-05 | BF58: =IF((273+D58)>=600, 0.00074*EXP(-6613/(1.987*(273+D58)))*128000000000000000*EXP(1174/(1.987*(273+D58))), 0.000304*EXP(-5580/(1.987*(273+D58)))*199000000000000000*EXP(680/(1.987*(273+D58)))) -> 1.0506584e+11 | BG58: =BF58 * 1.17*EXP(-57/(1.987*(273+D58))) -> 1.1416637e+11 | BH58: =(D58+273)*$D$145*$F$144 -> 3.6973551e-16 | BJ58: =R58/(1-EXP(-E58*60*BD58)) -> 0.0045441753 | BK58: =2*SQRT( ((S58/2) * (1 / (1 - EXP(-E58 * 60 * BB58 * BH58))))^2 + (BC58 * (-R58 * 60 * E58 * BH58 * EXP(-E58 * 60 * BB58 * BH58) / (1 - EXP(-E58 * 60 * BB58 * BH58))^2))^2 ) -> 0.0004522894 | BL58: =R58/(1-EXP(-E58*60*BB58*BH58)*EXP(-(M58-1560)*$CW$126*$BH$122)) -> 0.004541981 | BM58: =2*SQRT( ((S58/2) * (1 / (1 - EXP(-E58 * 60 * BB58 * BH58) * EXP(-(M58 - 1560) * $CW$126 * $BH$48))))^2 + (BC58 * (-R58 * 60 * E58 * BH58 * EXP(-E58 * 60 * BB58 * BH58) / ((1 - EXP(-E58 * 60 * BB58 * BH58) * EXP(-(M58 - 1560) * $CW$126 * $BH$48))^2)))^2 + ($CX$126 * (-R58 * (M58 - 1560) * $BH$48 * EXP(-(M58 - 1560) * $CW$126 * $BH$48) / ((1 - EXP(-E58 * 60 * BB58 * BH58) * EXP(-(M58 - 1560) * $CW$126 * $BH$48))^2)))^2 ) -> 0.00045186945 | BN58: =BN57*EXP(-BD57*E57*60) -> 0.001244964 | BO58: =2*((((BO57/2)*EXP(-BD57*E57*60))^2+(BN57*EXP(-BD57*E57*60)*E57*60*BC57*BD57/BB57)^2)^0.5) -> 0.00019576807 | BV58: =BV57*EXP(-BB57*BH57*E57*60*0.91357457380209)*EXP(-(M57-1560)*$CW$126*$BH$48*0.91357457380209) -> 0.0010415022 | BW58: =2*SQRT( ((BW57/2) * EXP(-BB57 * BH57 * E57 * 60 * 0.91357457380209) * EXP(-(M57 - 1560) * $CW$126 * $BH$48 * 0.91357457380209))^2 + (BC57 * (-BV57 * BH57 * E57 * 60 * 0.91357457380209 * EXP(-BB57 * BH57 * E57 * 60 * 0.91357457380209) * EXP(-(M57 - 1560) * $CW$126 * $BH$48 * 0.91357457380209)))^2 + ((0.146030972937065 / 2) * BV57 * (-BB57 * BH57 * E57 * 60 - (M57 - 1560) * $CW$126 * $BH$48) * EXP(-BB57 * BH57 * E57 * 60 * 0.91357457380209) * EXP(-(M57 - 1560) * $CW$126 * $BH$48 * 0.91357457380209))^2 + -(M57-1560)*$BH$48*0.91357457380209*BV57*EXP(-BB57*BH57*E57*60*0.91357457380209)*EXP(-(M57-1560)*$CW$126*$BH$48*0.91357457380209)) -> 0.00037611641 | CA58: =CA57*(EXP(-BH58*BG58*E58))*(EXP(-$BG$140*$F$144*D197*(24+273)*M58)) -> 0.0032952712 | CD58: =CD57*(EXP(-BH58*BF58*E58))*(EXP(-$BF$140*$F$144*D197*(24+273)*M58)) -> 0.0031102202
A59: He30479.txt | B59: IrrWin0601bTube012624: 1295_260_21.0 200 | C59: 45335.587 | D59: 200 | E59: =J59/60 -> 260 | F59: Experimental | G59: 3.62 | H59: 0 | I59: 0.408 | J59: 15600 | K59: 186.163 | L59: =(C59-C58)*24*3600 -> 44580 | M59: =L59-J59 -> 28980 | O59: 0.0061944599 | P59: 0.0261333 | R59: 0.022423945 | S59: 0.0010953192 | T59: 0.010662386 | U59: 5.7384764e-05 | W59: =(1000*T59/R59)/$AG$140 -> 0.4765777 | Y59: =T59-AVERAGE(T60) -> 0.010517018 | Z59: =U59+AVERAGE(T60) -> 0.00020275349 | AB59: =(Y59*1000)/R59 -> 469.00836 | AC59: =2*((1000*Z59/(2*R59))^2+((S59/2)*1000*Y59/(R59^2))^2)^0.5 -> 24.628938 | AD59: =AB59/$AG$140 -> 0.47008014 | AE59: =2*(($AH$140*AB59/(2*$AG$140^2))^2+(AC59/($AG$140*2))^2)^0.5 -> 0.025191234 | AG59: {=BP59:BQ59} -> 0.031311095 | AH59: 0.0016538991 | AI59: {=BX59:BY59} -> 0.014870744 | AJ59: 0.0011241 | AL59: =1000*AI59/AG59 -> 474.9353 | AM59: =2*((AH59*1000*AI59/(2*AG59^2))^2+(1000*AJ59/(AG59*2))^2)^0.5 -> 43.797604 | AN59: =AL59/$AG$140 -> 0.47602063 | AO59: =2*(($AH$140*AL59/(2*$AG$140^2))^2+(AM59/($AG$140*2))^2)^0.5 -> 0.044191485 | AQ59: =SUM(BP$5:$BP59) -> 6.1384226 | AR59: {=2*SQRT(SUM((BQ$5:$BQ59/2)^2))} -> 0.04493889 | AS59: =SUM($BX$5:BX59) -> 1.4331257 | AT59: {=2*SQRT(SUM(($BY$5:BY59/2)^2))} -> 0.031468063 | AU59: =AU58+R59 -> 6.1080941 | AW59: =AW58+T59 -> 1.6546683 | BF59: =IF((273+D59)>=600, 0.00074*EXP(-6613/(1.987*(273+D59)))*128000000000000000*EXP(1174/(1.987*(273+D59))), 0.000304*EXP(-5580/(1.987*(273+D59)))*199000000000000000*EXP(680/(1.987*(273+D59)))) -> 3.2922459e+11 | BG59: =BF59 * 1.17*EXP(-57/(1.987*(273+D59))) -> 3.6252593e+11 | BH59: =(D59+273)*$D$145*$F$144 -> 4.5073427e-16 | BN59: =BN58*EXP(-BD58*E58*60) -> 0.00065269797 | BO59: =2*((((BO58/2)*EXP(-BD58*E58*60))^2+(BN58*EXP(-BD58*E58*60)*E58*60*BC58*BD58/BB58)^2)^0.5) -> 0.00011734453 | BP59: =R59+BN60-BN59 -> 0.031311095 | BQ59: =2*(((BO59/2)^2+(BO60/2)^2+(S59/2)^2)^(0.5)) -> 0.0016538991 | BR59: =100*(BP59-R59)/R59 -> 39.632411 | BV59: =BV58*EXP(-BB58*BH58*E58*60*0.91357457380209)*EXP(-(M58-1560)*$CW$126*$BH$48*0.91357457380209) -> 0.00057713743 | BW59: =2*SQRT( ((BW58/2) * EXP(-BB58 * BH58 * E58 * 60 * 0.91357457380209) * EXP(-(M58 - 1560) * $CW$126 * $BH$48 * 0.91357457380209))^2 + (BC58 * (-BV58 * BH58 * E58 * 60 * 0.91357457380209 * EXP(-BB58 * BH58 * E58 * 60 * 0.91357457380209) * EXP(-(M58 - 1560) * $CW$126 * $BH$48 * 0.91357457380209)))^2 + ((0.146030972937065 / 2) * BV58 * (-BB58 * BH58 * E58 * 60 - (M58 - 1560) * $CW$126 * $BH$48) * EXP(-BB58 * BH58 * E58 * 60 * 0.91357457380209) * EXP(-(M58 - 1560) * $CW$126 * $BH$48 * 0.91357457380209))^2 + -(M58-1560)*$BH$48*0.91357457380209*BV58*EXP(-BB58*BH58*E58*60*0.91357457380209)*EXP(-(M58-1560)*$CW$126*$BH$48*0.91357457380209)) -> 0.00022026514 | BX59: =Y59+BV60-BV59 -> 0.014870744 | BY59: =2*(((BW59/2)^2+(BW60/2)^2+(Z59/2)^2)^(0.5)) -> 0.0011241 | BZ59: =100*(BX59-Y59)/Y59 -> 41.396971 | CA59: =(R59*CC59)+((CA55-(CC59*R59))*EXP(-CB59)) -> 0.01360677 | CB59: =BH59*BG59*J59 -> 2.5490846 | CC59: =1/(CB59-1) -> 0.64554253 | CD59: =(CF59*T59) + ((CD55-(CF59*T59))*EXP(-CE59)) -> 0.0076204226 | CE59: =BH59*BF59*J59 -> 2.3149278 | CF59: =1/(CE59-1) -> 0.76049805 | CG59: =R59-CA55 -> 0.019065481 | CH59: =R59+CA59 -> 0.036030714 | CI59: =T59-CD55 -> 0.0074973184 | CJ59: =T59+CD59 -> 0.018282809 | CK59: =CE59*1.29 -> 2.9862568 | CL59: =(R59 / (CK59-1)) + ((CL55-(R59 / (CK59-1)))*EXP(-CK59)) -> 0.01086001 | CM59: =1000*T59/R59 -> 475.4911 | CN59: =1000*(T59+CD59)/(R59+CL59) -> 549.29798 | CO59: =1000*(T59-CD55)/(R59-CL55) -> 381.65605 | CP59: =1000*(T59+CD59-CD55)/(R59+CL59-CL55) -> 495.59564 | CQ59: =MAX(CM59:CP59) -> 549.29798 | CR59: =MIN(CM59:CP59) -> 381.65605
A60: He30483.txt | B60: IrrWin0601bTube012624: 1305_150.0_90.0 89.99 | C60: 45335.709 | D60: 89.99 | E60: =J60/60 -> 150 | F60: Informed Bracket | G60: 0.335 | H60: 0 | I60: 0.00557 | J60: 9000 | K60: 9129.081 | L60: =(C60-C59)*24*3600 -> 10560 | M60: =L60-J60 -> 1560 | O60: 0.0061424121 | P60: 0.026098515 | R60: 0.0020577081 | S60: 0.00010302418 | T60: 0.00014536873 | U60: 8.1348216e-07 | AQ60: =SUM(BP$5:$BP60) -> 6.1384226 | AR60: {=2*SQRT(SUM((BQ$5:$BQ60/2)^2))} -> 0.04493889 | AS60: =SUM($BX$5:BX60) -> 1.4331257 | AT60: {=2*SQRT(SUM(($BY$5:BY60/2)^2))} -> 0.031468063 | AU60: =AU59+R60 -> 6.1101518 | AW60: =AW59+T60 -> 1.6548136 | AZ60: ='Naive Apparent Lambdas'!$U$2*(10000/(D60+273))+'Naive Apparent Lambdas'!$V$2 -> 25.08053 | BA60: ='Naive Apparent Lambdas'!$V$4 -> 0.067480704 | BB60: =EXP(AZ60) -> 7.8043345e+10 | BC60: =BA60*BB60 -> 5.2664199e+09 | BD60: =BB60*(D60+273)*$D$145*$F$144 -> 2.6995413e-05 | BF60: =IF((273+D60)>=600, 0.00074*EXP(-6613/(1.987*(273+D60)))*128000000000000000*EXP(1174/(1.987*(273+D60))), 0.000304*EXP(-5580/(1.987*(273+D60)))*199000000000000000*EXP(680/(1.987*(273+D60)))) -> 6.7807752e+10 | BG60: =BF60 * 1.17*EXP(-57/(1.987*(273+D60))) -> 7.3306702e+10 | BH60: =(D60+273)*$D$145*$F$144 -> 3.4590282e-16 | BJ60: =R60/(1-EXP(-E60*60*BD60)) -> 0.0095398478 | BK60: =2*SQRT( ((S60/2) * (1 / (1 - EXP(-E60 * 60 * BB60 * BH60))))^2 + (BC60 * (-R60 * 60 * E60 * BH60 * EXP(-E60 * 60 * BB60 * BH60) / (1 - EXP(-E60 * 60 * BB60 * BH60))^2))^2 ) -> 0.0012336484 | BL60: =R60/(1-EXP(-E60*60*BB60*BH60)*EXP(-(M60-1560)*$CW$126*$BH$122)) -> 0.0095398478 | BM60: =2*SQRT( ((S60/2) * (1 / (1 - EXP(-E60 * 60 * BB60 * BH60) * EXP(-(M60 - 1560) * $CW$126 * $BH$48))))^2 + (BC60 * (-R60 * 60 * E60 * BH60 * EXP(-E60 * 60 * BB60 * BH60) / ((1 - EXP(-E60 * 60 * BB60 * BH60) * EXP(-(M60 - 1560) * $CW$126 * $BH$48))^2)))^2 + ($CX$126 * (-R60 * (M60 - 1560) * $BH$48 * EXP(-(M60 - 1560) * $CW$126 * $BH$48) / ((1 - EXP(-E60 * 60 * BB60 * BH60) * EXP(-(M60 - 1560) * $CW$126 * $BH$48))^2)))^2 ) -> 0.0012336484 | BN60: {=BJ60:BK60} -> 0.0095398478 | BO60: 0.0012336484 | BT60: =BN60*(Y59/R59)*1.10204926384627 -> 0.0049308642 | BU60: =2*(((BO60/2)*1.10204926384627*(AB59/(1000)))^2+((AC59/2000)*1.10204926384627*BN60)^2+((0.187040260207234/2)*BN60*(AB59/(1000)))^2)^0.5 -> 0.0010835013 | BV60: =BT60 -> 0.0049308642 | BW60: =BU60 -> 0.0010835013 | CA60: =CA59*(EXP(-BH60*BG60*E60))*(EXP(-$BG$140*$F$144*D199*(24+273)*M60)) -> 0.013555114 | CD60: =CD59*(EXP(-BH60*BF60*E60))*(EXP(-$BF$140*$F$144*D199*(24+273)*M60)) -> 0.0075936593
A61: He30502.txt | B61: IrrWin0601bTube012624: 1335_520.0_210.0 209.99 | C61: 45336.111 | D61: 209.99 | E61: =J61/60 -> 520 | F61: Experimental | G61: 13.6 | H61: 0 | I61: 8.28 | J61: 31200 | K61: 31325.997 | L61: =(C61-C60)*24*3600 -> 34740 | M61: =L61-J61 -> 3540 | O61: 0.0059711077 | P61: 0.02615775 | R61: 0.081207065 | S61: 0.0034788919 | T61: 0.21658617 | U61: 0.0013357088 | W61: =(1000*T61/R61)/$AG$140 -> 2.6731802 | Y61: =T61-AVERAGE(T62:T64) -> 0.054421774 | Z61: =U61+AVERAGE(T62:T64) -> 0.16350011 | AB61: =(Y61*1000)/R61 -> 670.16059 | AC61: =2*((1000*Z61/(2*R61))^2+((S61/2)*1000*Y61/(R61^2))^2)^0.5 -> 2013.5776 | AD61: =AB61/$AG$140 -> 0.67169204 | AE61: =2*(($AH$140*AB61/(2*$AG$140^2))^2+(AC61/($AG$140*2))^2)^0.5 -> 2.0181919 | AG61: {=BP61:BQ61} -> 0.088202729 | AH61: 0.0038527112 | AI61: {=BX61:BY61} -> 0.061164997 | AJ61: 0.16664174 | AL61: =1000*AI61/AG61 -> 693.45923 | AM61: =2*((AH61*1000*AI61/(2*AG61^2))^2+(1000*AJ61/(AG61*2))^2)^0.5 -> 1889.5465 | AN61: =AL61/$AG$140 -> 0.69504393 | AO61: =2*(($AH$140*AL61/(2*$AG$140^2))^2+(AM61/($AG$140*2))^2)^0.5 -> 1.8938791 | AQ61: =SUM(BP$5:$BP61) -> 6.2266254 | AR61: {=2*SQRT(SUM((BQ$5:$BQ61/2)^2))} -> 0.045103739 | AS61: =SUM($BX$5:BX61) -> 1.4942907 | AT61: {=2*SQRT(SUM(($BY$5:BY61/2)^2))} -> 0.16958688 | AU61: =AU60+R61 -> 6.1913588 | AW61: =AW60+T61 -> 1.8713998 | BF61: =IF((273+D61)>=600, 0.00074*EXP(-6613/(1.987*(273+D61)))*128000000000000000*EXP(1174/(1.987*(273+D61))), 0.000304*EXP(-5580/(1.987*(273+D61)))*199000000000000000*EXP(680/(1.987*(273+D61)))) -> 3.6671182e+11 | BG61: =BF61 * 1.17*EXP(-57/(1.987*(273+D61))) -> 4.0431189e+11 | BH61: =(D61+273)*$D$145*$F$144 -> 4.6025401e-16 | BN61: =BN60*EXP(-BD60*E60*60) -> 0.0074821398 | BO61: =2*((((BO60/2)*EXP(-BD60*E60*60))^2+(BN60*EXP(-BD60*E60*60)*E60*60*BC60*BD60/BB60)^2)^0.5) -> 0.00099817571 | BP61: =R61+BN62-BN61 -> 0.088202729 | BQ61: =2*(((BO61/2)^2+(BO62/2)^2+(S61/2)^2)^(0.5)) -> 0.0038527112 | BR61: =100*(BP61-R61)/R61 -> 8.6146007 | BV61: =BV60*EXP(-BB60*BH60*E60*60*0.91357457380209)*EXP(-(M60-1560)*$CW$126*$BH$48*0.91357457380209) -> 0.0039493593 | BW61: =2*SQRT( ((BW60/2) * EXP(-BB60 * BH60 * E60 * 60 * 0.91357457380209) * EXP(-(M60 - 1560) * $CW$126 * $BH$48 * 0.91357457380209))^2 + (BC60 * (-BV60 * BH60 * E60 * 60 * 0.91357457380209 * EXP(-BB60 * BH60 * E60 * 60 * 0.91357457380209) * EXP(-(M60 - 1560) * $CW$126 * $BH$48 * 0.91357457380209)))^2 + ((0.146030972937065 / 2) * BV60 * (-BB60 * BH60 * E60 * 60 - (M60 - 1560) * $CW$126 * $BH$48) * EXP(-BB60 * BH60 * E60 * 60 * 0.91357457380209) * EXP(-(M60 - 1560) * $CW$126 * $BH$48 * 0.91357457380209))^2 + -(M60-1560)*$BH$48*0.91357457380209*BV60*EXP(-BB60*BH60*E60*60*0.91357457380209)*EXP(-(M60-1560)*$CW$126*$BH$48*0.91357457380209)) -> 0.00088699153 | BX61: =Y61+BV62-BV61 -> 0.061164997 | BY61: =2*(((BW61/2)^2+(BW62/2)^2+(Z61/2)^2)^(0.5)) -> 0.16664174 | BZ61: =100*(BX61-Y61)/Y61 -> 12.390671 | CA61: =R61*CC61 -> 0.01689741 | CB61: =BH61*BG61*J61 -> 5.8058884 | CC61: =1/(CB61-1) -> 0.20807807 | CD61: =CF61*T61 -> 0.050770861 | CE61: =BH61*BF61*J61 -> 5.2659543 | CF61: =1/(CE61-1) -> 0.23441414 | CG61: =R61-CA59 -> 0.067600295 | CH61: =R61+CA61 -> 0.098104474 | CI61: =T61-CD59 -> 0.20896575 | CJ61: =T61+CD61 -> 0.26735703 | CK61: =CE61*1.29 -> 6.7930811 | CL61: =R61 / (CK61-1) -> 0.01401794 | CM61: =1000*T61/R61 -> 2667.0854 | CN61: =1000*(T61+CD61)/(R61+CL61) -> 2807.6348 | CO61: =1000*(T61-CD59)/(R61-CL59) -> 2970.4975 | CP61: =1000*(T61+CD61-CD59)/(R61+CL61-CL59) -> 3078.7249 | CQ61: =MAX(CM61:CP61) -> 3078.7249 | CR61: =MIN(CM61:CP61) -> 2667.0854
A62: He30509.txt | B62: IrrWin0601bTube012624: 1465_150.0_105.0 105.01 | C62: 45336.278 | D62: 105.01 | E62: =J62/60 -> 150 | G62: 0.857 | H62: 0 | I62: 7.93 | J62: 9000 | K62: 9125.939 | L62: =(C62-C61)*24*3600 -> 14400 | M62: =L62-J62 -> 5400 | O62: 0.0059765599 | P62: 0.026187101 | R62: 0.0051219118 | S62: 0.00022883429 | T62: 0.20766371 | U62: 0.0014429936 | AQ62: =SUM(BP$5:$BP62) -> 6.2266254 | AR62: {=2*SQRT(SUM((BQ$5:$BQ62/2)^2))} -> 0.045103739 | AS62: =SUM($BX$5:BX62) -> 1.4942907 | AT62: {=2*SQRT(SUM(($BY$5:BY62/2)^2))} -> 0.16958688 | AU62: =AU61+R62 -> 6.1964807 | AW62: =AW61+T62 -> 2.0790635 | AZ62: ='Naive Apparent Lambdas'!$U$2*(10000/(D62+273))+'Naive Apparent Lambdas'!$V$2 -> 25.642029 | BA62: ='Naive Apparent Lambdas'!$V$4 -> 0.067480704 | BB62: =EXP(AZ62) -> 1.3683331e+11 | BC62: =BA62*BB62 -> 9.2336082e+09 | BD62: =BB62*(D62+273)*$D$145*$F$144 -> 4.9289518e-05 | BF62: =IF((273+D62)>=600, 0.00074*EXP(-6613/(1.987*(273+D62)))*128000000000000000*EXP(1174/(1.987*(273+D62))), 0.000304*EXP(-5580/(1.987*(273+D62)))*199000000000000000*EXP(680/(1.987*(273+D62)))) -> 8.8820579e+10 | BG62: =BF62 * 1.17*EXP(-57/(1.987*(273+D62))) -> 9.632559e+10 | BH62: =(D62+273)*$D$145*$F$144 -> 3.6021578e-16 | BJ62: =R62/(1-EXP(-E62*60*BD62)) -> 0.014295772 | BK62: =2*SQRT( ((S62/2) * (1 / (1 - EXP(-E62 * 60 * BB62 * BH62))))^2 + (BC62 * (-R62 * 60 * E62 * BH62 * EXP(-E62 * 60 * BB62 * BH62) / (1 - EXP(-E62 * 60 * BB62 * BH62))^2))^2 ) -> 0.0016607052 | BL62: =R62/(1-EXP(-E62*60*BB62*BH62)*EXP(-(M62-1560)*$CW$126*$BH$122)) -> 0.01362067 | BM62: =2*SQRT( ((S62/2) * (1 / (1 - EXP(-E62 * 60 * BB62 * BH62) * EXP(-(M62 - 1560) * $CW$126 * $BH$48))))^2 + (BC62 * (-R62 * 60 * E62 * BH62 * EXP(-E62 * 60 * BB62 * BH62) / ((1 - EXP(-E62 * 60 * BB62 * BH62) * EXP(-(M62 - 1560) * $CW$126 * $BH$48))^2)))^2 + ($CX$126 * (-R62 * (M62 - 1560) * $BH$48 * EXP(-(M62 - 1560) * $CW$126 * $BH$48) / ((1 - EXP(-E62 * 60 * BB62 * BH62) * EXP(-(M62 - 1560) * $CW$126 * $BH$48))^2)))^2 ) -> 0.0015470185 | BN62: =BN63+R62 -> 0.014477804 | BO62: =BO63+S62 -> 0.0013207348 | BT62: =BN62*(Y61/R61)*1.10204926384627 -> 0.010692582 | BU62: =2*(((BO62/2)*1.10204926384627*(AB61/(1000)))^2+((AC61/2000)*1.10204926384627*BN62)^2+((0.187040260207234/2)*BN62*(AB61/(1000)))^2)^0.5 -> 0.032193136 | BV62: =BT62 -> 0.010692582 | BW62: =BU62 -> 0.032193136 | CA62: =CA61*(EXP(-BH62*BG62*E62))*(EXP(-$BG$140*$F$144*D201*(24+273)*M62)) -> 0.016809692 | CD62: =CD61*(EXP(-BH62*BF62*E62))*(EXP(-$BF$140*$F$144*D201*(24+273)*M62)) -> 0.050527786
A63: He30514.txt | B63: IrrWin0601bTube012624: 1515_150.0_105.0 105.00 | C63: 45336.416 | D63: 105 | E63: =J63/60 -> 150 | F63: Informed Bracket | G63: 0.569 | H63: 0 | I63: 7.08 | J63: 9000 | K63: 9127.269 | L63: =(C63-C62)*24*3600 -> 11940 | M63: =L63-J63 -> 2940 | O63: 0.0059952065 | P63: 0.026205505 | R63: 0.0034112725 | S63: 0.00016905769 | T63: 0.18553498 | U63: 0.0014701071 | AQ63: =SUM(BP$5:$BP63) -> 6.2266254 | AR63: {=2*SQRT(SUM((BQ$5:$BQ63/2)^2))} -> 0.045103739 | AS63: =SUM($BX$5:BX63) -> 1.4942907 | AT63: {=2*SQRT(SUM(($BY$5:BY63/2)^2))} -> 0.16958688 | AU63: =AU62+R63 -> 6.199892 | AW63: =AW62+T63 -> 2.2645985 | AZ63: ='Naive Apparent Lambdas'!$U$2*(10000/(D63+273))+'Naive Apparent Lambdas'!$V$2 -> 25.64167 | BA63: ='Naive Apparent Lambdas'!$V$4 -> 0.067480704 | BB63: =EXP(AZ63) -> 1.367842e+11 | BC63: =BA63*BB63 -> 9.2302941e+09 | BD63: =BB63*(D63+273)*$D$145*$F$144 -> 4.9270523e-05 | BF63: =IF((273+D63)>=600, 0.00074*EXP(-6613/(1.987*(273+D63)))*128000000000000000*EXP(1174/(1.987*(273+D63))), 0.000304*EXP(-5580/(1.987*(273+D63)))*199000000000000000*EXP(680/(1.987*(273+D63)))) -> 8.8805251e+10 | BG63: =BF63 * 1.17*EXP(-57/(1.987*(273+D63))) -> 9.6308773e+10 | BH63: =(D63+273)*$D$145*$F$144 -> 3.6020625e-16 | BJ63: =R63/(1-EXP(-E63*60*BD63)) -> 0.009524122 | BK63: =2*SQRT( ((S63/2) * (1 / (1 - EXP(-E63 * 60 * BB63 * BH63))))^2 + (BC63 * (-R63 * 60 * E63 * BH63 * EXP(-E63 * 60 * BB63 * BH63) / (1 - EXP(-E63 * 60 * BB63 * BH63))^2))^2 ) -> 0.0011251767 | BL63: =R63/(1-EXP(-E63*60*BB63*BH63)*EXP(-(M63-1560)*$CW$126*$BH$122)) -> 0.0093558924 | BM63: =2*SQRT( ((S63/2) * (1 / (1 - EXP(-E63 * 60 * BB63 * BH63) * EXP(-(M63 - 1560) * $CW$126 * $BH$48))))^2 + (BC63 * (-R63 * 60 * E63 * BH63 * EXP(-E63 * 60 * BB63 * BH63) / ((1 - EXP(-E63 * 60 * BB63 * BH63) * EXP(-(M63 - 1560) * $CW$126 * $BH$48))^2)))^2 + ($CX$126 * (-R63 * (M63 - 1560) * $BH$48 * EXP(-(M63 - 1560) * $CW$126 * $BH$48) / ((1 - EXP(-E63 * 60 * BB63 * BH63) * EXP(-(M63 - 1560) * $CW$126 * $BH$48))^2)))^2 ) -> 0.0010919005 | BN63: {=BL63:BM63} -> 0.0093558924 | BO63: 0.0010919005 | BV63: =BV62*EXP(-BB62*BH62*E62*60*0.91357457380209)*EXP(-(M62-1560)*$CW$126*$BH$48*0.91357457380209) -> 0.0069493349 | BW63: =2*SQRT( ((BW62/2) * EXP(-BB62 * BH62 * E62 * 60 * 0.91357457380209) * EXP(-(M62 - 1560) * $CW$126 * $BH$48 * 0.91357457380209))^2 + (BC62 * (-BV62 * BH62 * E62 * 60 * 0.91357457380209 * EXP(-BB62 * BH62 * E62 * 60 * 0.91357457380209) * EXP(-(M62 - 1560) * $CW$126 * $BH$48 * 0.91357457380209)))^2 + ((0.146030972937065 / 2) * BV62 * (-BB62 * BH62 * E62 * 60 - (M62 - 1560) * $CW$126 * $BH$48) * EXP(-BB62 * BH62 * E62 * 60 * 0.91357457380209) * EXP(-(M62 - 1560) * $CW$126 * $BH$48 * 0.91357457380209))^2 + -(M62-1560)*$BH$48*0.91357457380209*BV62*EXP(-BB62*BH62*E62*60*0.91357457380209)*EXP(-(M62-1560)*$CW$126*$BH$48*0.91357457380209)) -> 0.020931925 | CA63: =CA62*(EXP(-BH63*BG63*E63))*(EXP(-$BG$140*$F$144*D202*(24+273)*M63)) -> 0.016722447 | CD63: =CD62*(EXP(-BH63*BF63*E63))*(EXP(-$BF$140*$F$144*D202*(24+273)*M63)) -> 0.050285922
A64: He30524.txt | B64: IrrWin0601bTube012624: 1565_150.0_105.0 105.01 | C64: 45336.608 | D64: 105.01 | E64: =J64/60 -> 150 | G64: 0.52 | H64: 0 | I64: 3.56 | J64: 9000 | K64: 9126.263 | L64: =(C64-C63)*24*3600 -> 16560 | M64: =L64-J64 -> 7560 | O64: 0.0060301071 | P64: 0.026206323 | R64: 0.0031356557 | S64: 0.00017997654 | T64: 0.093294509 | U64: 0.00072349375 | AQ64: =SUM(BP$5:$BP64) -> 6.2266254 | AR64: {=2*SQRT(SUM((BQ$5:$BQ64/2)^2))} -> 0.045103739 | AS64: =SUM($BX$5:BX64) -> 1.4942907 | AT64: {=2*SQRT(SUM(($BY$5:BY64/2)^2))} -> 0.16958688 | AU64: =AU63+R64 -> 6.2030277 | AW64: =AW63+T64 -> 2.357893 | AZ64: ='Naive Apparent Lambdas'!$U$2*(10000/(D64+273))+'Naive Apparent Lambdas'!$V$2 -> 25.642029 | BA64: ='Naive Apparent Lambdas'!$V$4 -> 0.067480704 | BB64: =EXP(AZ64) -> 1.3683331e+11 | BC64: =BA64*BB64 -> 9.2336082e+09 | BD64: =BB64*(D64+273)*$D$145*$F$144 -> 4.9289518e-05 | BF64: =IF((273+D64)>=600, 0.00074*EXP(-6613/(1.987*(273+D64)))*128000000000000000*EXP(1174/(1.987*(273+D64))), 0.000304*EXP(-5580/(1.987*(273+D64)))*199000000000000000*EXP(680/(1.987*(273+D64)))) -> 8.8820579e+10 | BG64: =BF64 * 1.17*EXP(-57/(1.987*(273+D64))) -> 9.632559e+10 | BH64: =(D64+273)*$D$145*$F$144 -> 3.6021578e-16 | BJ64: =R64/(1-EXP(-E64*60*BD64)) -> 0.0087519312 | BK64: =2*SQRT( ((S64/2) * (1 / (1 - EXP(-E64 * 60 * BB64 * BH64))))^2 + (BC64 * (-R64 * 60 * E64 * BH64 * EXP(-E64 * 60 * BB64 * BH64) / (1 - EXP(-E64 * 60 * BB64 * BH64))^2))^2 ) -> 0.0010644743 | BL64: =R64/(1-EXP(-E64*60*BB64*BH64)*EXP(-(M64-1560)*$CW$126*$BH$122)) -> 0.008127425 | BM64: =2*SQRT( ((S64/2) * (1 / (1 - EXP(-E64 * 60 * BB64 * BH64) * EXP(-(M64 - 1560) * $CW$126 * $BH$48))))^2 + (BC64 * (-R64 * 60 * E64 * BH64 * EXP(-E64 * 60 * BB64 * BH64) / ((1 - EXP(-E64 * 60 * BB64 * BH64) * EXP(-(M64 - 1560) * $CW$126 * $BH$48))^2)))^2 + ($CX$126 * (-R64 * (M64 - 1560) * $BH$48 * EXP(-(M64 - 1560) * $CW$126 * $BH$48) / ((1 - EXP(-E64 * 60 * BB64 * BH64) * EXP(-(M64 - 1560) * $CW$126 * $BH$48))^2)))^2 ) -> 0.00097043916 | BN64: =BN63-R63 -> 0.0059446198 | BO64: =BO63+S63 -> 0.0012609582 | BV64: =BV63*EXP(-BB63*BH63*E63*60*0.91357457380209)*EXP(-(M63-1560)*$CW$126*$BH$48*0.91357457380209) -> 0.0045920283 | BW64: =2*SQRT( ((BW63/2) * EXP(-BB63 * BH63 * E63 * 60 * 0.91357457380209) * EXP(-(M63 - 1560) * $CW$126 * $BH$48 * 0.91357457380209))^2 + (BC63 * (-BV63 * BH63 * E63 * 60 * 0.91357457380209 * EXP(-BB63 * BH63 * E63 * 60 * 0.91357457380209) * EXP(-(M63 - 1560) * $CW$126 * $BH$48 * 0.91357457380209)))^2 + ((0.146030972937065 / 2) * BV63 * (-BB63 * BH63 * E63 * 60 - (M63 - 1560) * $CW$126 * $BH$48) * EXP(-BB63 * BH63 * E63 * 60 * 0.91357457380209) * EXP(-(M63 - 1560) * $CW$126 * $BH$48 * 0.91357457380209))^2 + -(M63-1560)*$BH$48*0.91357457380209*BV63*EXP(-BB63*BH63*E63*60*0.91357457380209)*EXP(-(M63-1560)*$CW$126*$BH$48*0.91357457380209)) -> 0.013837159 | CA64: =CA63*(EXP(-BH64*BG64*E64))*(EXP(-$BG$140*$F$144*D203*(24+273)*M64)) -> 0.016635638 | CD64: =CD63*(EXP(-BH64*BF64*E64))*(EXP(-$BF$140*$F$144*D203*(24+273)*M64)) -> 0.050045169
A65: He30552.txt | B65: IrrWin0601bTube012624: 1605_1167_220.0 219.98 | C65: 45337.437 | D65: 219.98 | E65: =J65/60 -> 1167 | F65: Experimental | G65: 91 | H65: 0 | I65: 12.1 | J65: 70020 | K65: 70177.054 | L65: =(C65-C64)*24*3600 -> 71640 | M65: =L65-J65 -> 1620 | O65: 0.0063364848 | P65: 0.026337793 | R65: 0.57662012 | S65: 0.024225092 | T65: 0.31868729 | U65: 0.0021313082 | W65: =(1000*T65/R65)/$AG$140 -> 0.55394453 | Y65: =T65-AVERAGE(T66:T68) -> 0.22743994 | Z65: =U65+AVERAGE(T66:T68) -> 0.093378658 | AB65: =(Y65*1000)/R65 -> 394.43636 | AC65: =2*((1000*Z65/(2*R65))^2+((S65/2)*1000*Y65/(R65^2))^2)^0.5 -> 162.78702 | AD65: =AB65/$AG$140 -> 0.39533773 | AE65: =2*(($AH$140*AB65/(2*$AG$140^2))^2+(AC65/($AG$140*2))^2)^0.5 -> 0.16321372 | AG65: {=BP65:BQ65} -> 0.60142107 | AH65: 0.024482586 | AI65: {=BX65:BY65} -> 0.23649992 | AJ65: 0.093962121 | AL65: =1000*AI65/AG65 -> 393.23518 | AM65: =2*((AH65*1000*AI65/(2*AG65^2))^2+(1000*AJ65/(AG65*2))^2)^0.5 -> 157.05145 | AN65: =AL65/$AG$140 -> 0.39413381 | AO65: =2*(($AH$140*AL65/(2*$AG$140^2))^2+(AM65/($AG$140*2))^2)^0.5 -> 0.15746669 | AQ65: =SUM(BP$5:$BP65) -> 6.8280464 | AR65: {=2*SQRT(SUM((BQ$5:$BQ65/2)^2))} -> 0.051320018 | AS65: =SUM($BX$5:BX65) -> 1.7307906 | AT65: {=2*SQRT(SUM(($BY$5:BY65/2)^2))} -> 0.19387777 | AU65: =AU64+R65 -> 6.7796478 | AW65: =AW64+T65 -> 2.6765803 | BF65: =IF((273+D65)>=600, 0.00074*EXP(-6613/(1.987*(273+D65)))*128000000000000000*EXP(1174/(1.987*(273+D65))), 0.000304*EXP(-5580/(1.987*(273+D65)))*199000000000000000*EXP(680/(1.987*(273+D65)))) -> 4.0668624e+11 | BG65: =BF65 * 1.17*EXP(-57/(1.987*(273+D65))) -> 4.48925e+11 | BH65: =(D65+273)*$D$145*$F$144 -> 4.6977375e-16 | BN65: =BN64-R64 -> 0.0028089642 | BO65: =BO64+S64 -> 0.0014409347 | BP65: =R65+BN66-BN65 -> 0.60142107 | BQ65: =2*(((BO65/2)^2+(BO66/2)^2+(S65/2)^2)^(0.5)) -> 0.024482586 | BR65: =100*(BP65-R65)/R65 -> 4.3010904 | BV65: =BV64*EXP(-BB64*BH64*E64*60*0.91357457380209)*EXP(-(M64-1560)*$CW$126*$BH$48*0.91357457380209) -> 0.0029417261 | BW65: =2*SQRT( ((BW64/2) * EXP(-BB64 * BH64 * E64 * 60 * 0.91357457380209) * EXP(-(M64 - 1560) * $CW$126 * $BH$48 * 0.91357457380209))^2 + (BC64 * (-BV64 * BH64 * E64 * 60 * 0.91357457380209 * EXP(-BB64 * BH64 * E64 * 60 * 0.91357457380209) * EXP(-(M64 - 1560) * $CW$126 * $BH$48 * 0.91357457380209)))^2 + ((0.146030972937065 / 2) * BV64 * (-BB64 * BH64 * E64 * 60 - (M64 - 1560) * $CW$126 * $BH$48) * EXP(-BB64 * BH64 * E64 * 60 * 0.91357457380209) * EXP(-(M64 - 1560) * $CW$126 * $BH$48 * 0.91357457380209))^2 + -(M64-1560)*$BH$48*0.91357457380209*BV64*EXP(-BB64*BH64*E64*60*0.91357457380209)*EXP(-(M64-1560)*$CW$126*$BH$48*0.91357457380209)) -> 0.008868236 | BX65: =Y65+BV66-BV65 -> 0.23649992 | BY65: =2*(((BW65/2)^2+(BW66/2)^2+(Z65/2)^2)^(0.5)) -> 0.093962121 | BZ65: =100*(BX65-Y65)/Y65 -> 3.9834612 | CA65: =R65*CC65 -> 0.041885015 | CB65: =BH65*BG65*J65 -> 14.76674 | CC65: =1/(CB65-1) -> 0.072638837 | CD65: =CF65*T65 -> 0.025747603 | CE65: =BH65*BF65*J65 -> 13.377357 | CF65: =1/(CE65-1) -> 0.08079269 | CG65: =R65-CA61 -> 0.55972271 | CH65: =R65+CA65 -> 0.61850513 | CI65: =T65-CD61 -> 0.26791643 | CJ65: =T65+CD65 -> 0.34443489 | CK65: =CE65*1.29 -> 17.256791 | CL65: =R65 / (CK65-1) -> 0.035469492 | CM65: =1000*T65/R65 -> 552.68154 | CN65: =1000*(T65+CD65)/(R65+CL65) -> 562.71972 | CO65: =1000*(T65-CD61)/(R65-CL61) -> 476.20937 | CP65: =1000*(T65+CD65-CD61)/(R65+CL65-CL61) -> 491.01813 | CQ65: =MAX(CM65:CP65) -> 562.71972 | CR65: =MIN(CM65:CP65) -> 476.20937
A66: He30559.txt | B66: IrrWin0601bTube012624: 1695_150.0_100.0 99.99 | C66: 45337.565 | D66: 99.99 | E66: =J66/60 -> 150 | F66: Informed Bracket | G66: 1.34 | H66: 0 | I66: 3.47 | J66: 9000 | K66: 9122.695 | L66: =(C66-C65)*24*3600 -> 11100 | M66: =L66-J66 -> 2100 | O66: 0.0063522237 | P66: 0.026337793 | R66: 0.0085119798 | S66: 0.00032140583 | T66: 0.09139214 | U66: 0.00056900306 | AQ66: =SUM(BP$5:$BP66) -> 6.8280464 | AR66: {=2*SQRT(SUM((BQ$5:$BQ66/2)^2))} -> 0.051320018 | AS66: =SUM($BX$5:BX66) -> 1.7307906 | AT66: {=2*SQRT(SUM(($BY$5:BY66/2)^2))} -> 0.19387777 | AU66: =AU65+R66 -> 6.7881598 | AW66: =AW65+T66 -> 2.7679724 | AZ66: ='Naive Apparent Lambdas'!$U$2*(10000/(D66+273))+'Naive Apparent Lambdas'!$V$2 -> 25.459396 | BA66: ='Naive Apparent Lambdas'!$V$4 -> 0.067480704 | BB66: =EXP(AZ66) -> 1.139922e+11 | BC66: =BA66*BB66 -> 7.692274e+09 | BD66: =BB66*(D66+273)*$D$145*$F$144 -> 4.0516486e-05 | BF66: =IF((273+D66)>=600, 0.00074*EXP(-6613/(1.987*(273+D66)))*128000000000000000*EXP(1174/(1.987*(273+D66))), 0.000304*EXP(-5580/(1.987*(273+D66)))*199000000000000000*EXP(680/(1.987*(273+D66)))) -> 8.1354566e+10 | BG66: =BF66 * 1.17*EXP(-57/(1.987*(273+D66))) -> 8.8138659e+10 | BH66: =(D66+273)*$D$145*$F$144 -> 3.5543209e-16 | BJ66: =R66/(1-EXP(-E66*60*BB66*BH66)) -> 0.027857055 | BK66: =2*SQRT( ((S66/2) * (1 / (1 - EXP(-E66 * 60 * BB66 * BH66))))^2 + (BC66 * (-R66 * 60 * E66 * BH66 * EXP(-E66 * 60 * BB66 * BH66) / (1 - EXP(-E66 * 60 * BB66 * BH66))^2))^2 ) -> 0.0032884869 | BL66: =R66/(1-EXP(-E66*60*BB66*BH66)*EXP(-(M66-1560)*$CW$126*$BH$122)) -> 0.027609917 | BM66: =2*SQRT( ((S66/2) * (1 / (1 - EXP(-E66 * 60 * BB66 * BH66) * EXP(-(M66 - 1560) * $CW$126 * $BH$48))))^2 + (BC66 * (-R66 * 60 * E66 * BH66 * EXP(-E66 * 60 * BB66 * BH66) / ((1 - EXP(-E66 * 60 * BB66 * BH66) * EXP(-(M66 - 1560) * $CW$126 * $BH$48))^2)))^2 + ($CX$126 * (-R66 * (M66 - 1560) * $BH$48 * EXP(-(M66 - 1560) * $CW$126 * $BH$48) / ((1 - EXP(-E66 * 60 * BB66 * BH66) * EXP(-(M66 - 1560) * $CW$126 * $BH$48))^2)))^2 ) -> 0.0032350614 | BN66: {=BL66:BM66} -> 0.027609917 | BO66: 0.0032350614 | BT66: =BN66*(Y65/R65)*1.10204926384627 -> 0.012001708 | BU66: =2*(((BO66/2)*1.10204926384627*(AB65/(1000)))^2+((AC65/2000)*1.10204926384627*BN66)^2+((0.187040260207234/2)*BN66*(AB65/(1000)))^2)^0.5 -> 0.0055372209 | BV66: =BT66 -> 0.012001708 | BW66: =BU66 -> 0.0055372209 | CA66: =CA65*(EXP(-BH66*BG66*E66))*(EXP(-$BG$140*$F$144*D205*(24+273)*M66)) -> 0.041688655 | CD66: =CD65*(EXP(-BH66*BF66*E66))*(EXP(-$BF$140*$F$144*D205*(24+273)*M66)) -> 0.025636168
A67: He30564.txt | B67: IrrWin0601bTube012624: 1735_150.0_100.0 99.99 | C67: 45337.704 | D67: 99.99 | E67: =J67/60 -> 150 | G67: 0.981 | H67: 0 | I67: 1.95 | J67: 9000 | K67: 9127.059 | L67: =(C67-C66)*24*3600 -> 12000 | M67: =L67-J67 -> 3000 | O67: 0.0062844484 | P67: 0.026300508 | R67: 0.0061650438 | S67: 0.00023374272 | T67: 0.051285991 | U67: 0.00032286204 | AQ67: =SUM(BP$5:$BP67) -> 6.8280464 | AR67: {=2*SQRT(SUM((BQ$5:$BQ67/2)^2))} -> 0.051320018 | AS67: =SUM($BX$5:BX67) -> 1.7307906 | AT67: {=2*SQRT(SUM(($BY$5:BY67/2)^2))} -> 0.19387777 | AU67: =AU66+R67 -> 6.7943248 | AW67: =AW66+T67 -> 2.8192584 | AZ67: ='Naive Apparent Lambdas'!$U$2*(10000/(D67+273))+'Naive Apparent Lambdas'!$V$2 -> 25.459396 | BA67: ='Naive Apparent Lambdas'!$V$4 -> 0.067480704 | BB67: =EXP(AZ67) -> 1.139922e+11 | BC67: =BA67*BB67 -> 7.692274e+09 | BD67: =BB67*(D67+273)*$D$145*$F$144 -> 4.0516486e-05 | BF67: =IF((273+D67)>=600, 0.00074*EXP(-6613/(1.987*(273+D67)))*128000000000000000*EXP(1174/(1.987*(273+D67))), 0.000304*EXP(-5580/(1.987*(273+D67)))*199000000000000000*EXP(680/(1.987*(273+D67)))) -> 8.1354566e+10 | BG67: =BF67 * 1.17*EXP(-57/(1.987*(273+D67))) -> 8.8138659e+10 | BH67: =(D67+273)*$D$145*$F$144 -> 3.5543209e-16 | BJ67: =R67/(1-EXP(-E67*60*BD67)) -> 0.020176266 | BK67: =2*SQRT( ((S67/2) * (1 / (1 - EXP(-E67 * 60 * BB67 * BH67))))^2 + (BC67 * (-R67 * 60 * E67 * BH67 * EXP(-E67 * 60 * BB67 * BH67) / (1 - EXP(-E67 * 60 * BB67 * BH67))^2))^2 ) -> 0.0023827823 | BL67: =R67/(1-EXP(-E67*60*BB67*BH67)*EXP(-(M67-1560)*$CW$126*$BH$122)) -> 0.019707401 | BM67: =2*SQRT( ((S67/2) * (1 / (1 - EXP(-E67 * 60 * BB67 * BH67) * EXP(-(M67 - 1560) * $CW$126 * $BH$48))))^2 + (BC67 * (-R67 * 60 * E67 * BH67 * EXP(-E67 * 60 * BB67 * BH67) / ((1 - EXP(-E67 * 60 * BB67 * BH67) * EXP(-(M67 - 1560) * $CW$126 * $BH$48))^2)))^2 + ($CX$126 * (-R67 * (M67 - 1560) * $BH$48 * EXP(-(M67 - 1560) * $CW$126 * $BH$48) / ((1 - EXP(-E67 * 60 * BB67 * BH67) * EXP(-(M67 - 1560) * $CW$126 * $BH$48))^2)))^2 ) -> 0.002287293 | BN67: =BN66-R66 -> 0.019097937 | BO67: =BO66+S66 -> 0.0035564672 | BV67: =BV66*EXP(-BB66*BH66*E66*60*0.91357457380209)*EXP(-(M66-1560)*$CW$126*$BH$48*0.91357457380209) -> 0.008570364 | BW67: =2*SQRT( ((BW66/2) * EXP(-BB66 * BH66 * E66 * 60 * 0.91357457380209) * EXP(-(M66 - 1560) * $CW$126 * $BH$48 * 0.91357457380209))^2 + (BC66 * (-BV66 * BH66 * E66 * 60 * 0.91357457380209 * EXP(-BB66 * BH66 * E66 * 60 * 0.91357457380209) * EXP(-(M66 - 1560) * $CW$126 * $BH$48 * 0.91357457380209)))^2 + ((0.146030972937065 / 2) * BV66 * (-BB66 * BH66 * E66 * 60 - (M66 - 1560) * $CW$126 * $BH$48) * EXP(-BB66 * BH66 * E66 * 60 * 0.91357457380209) * EXP(-(M66 - 1560) * $CW$126 * $BH$48 * 0.91357457380209))^2 + -(M66-1560)*$BH$48*0.91357457380209*BV66*EXP(-BB66*BH66*E66*60*0.91357457380209)*EXP(-(M66-1560)*$CW$126*$BH$48*0.91357457380209)) -> 0.0039995275 | CA67: =CA66*(EXP(-BH67*BG67*E67))*(EXP(-$BG$140*$F$144*D206*(24+273)*M67)) -> 0.041493215 | CD67: =CD66*(EXP(-BH67*BF67*E67))*(EXP(-$BF$140*$F$144*D206*(24+273)*M67)) -> 0.025525214
A68: He30567.txt | B68: IrrWin0601bTube012624: 1775_150.0_100.0 100.00 | C68: 45337.847 | D68: 100 | E68: =J68/60 -> 150 | G68: 0.696 | H68: 0 | I68: 5 | J68: 9000 | K68: 9124.627 | L68: =(C68-C67)*24*3600 -> 12360 | M68: =L68-J68 -> 3360 | O68: 0.0061247739 | P68: 0.026212784 | R68: 0.0042628426 | S68: 0.00016510362 | T68: 0.13106392 | U68: 0.00084744101 | AQ68: =SUM(BP$5:$BP68) -> 6.8280464 | AR68: {=2*SQRT(SUM((BQ$5:$BQ68/2)^2))} -> 0.051320018 | AS68: =SUM($BX$5:BX68) -> 1.7307906 | AT68: {=2*SQRT(SUM(($BY$5:BY68/2)^2))} -> 0.19387777 | AU68: =AU67+R68 -> 6.7985877 | AW68: =AW67+T68 -> 2.9503223 | AZ68: ='Naive Apparent Lambdas'!$U$2*(10000/(D68+273))+'Naive Apparent Lambdas'!$V$2 -> 25.459765 | BA68: ='Naive Apparent Lambdas'!$V$4 -> 0.067480704 | BB68: =EXP(AZ68) -> 1.1403424e+11 | BC68: =BA68*BB68 -> 7.6951106e+09 | BD68: =BB68*(D68+273)*$D$145*$F$144 -> 4.0532513e-05 | BF68: =IF((273+D68)>=600, 0.00074*EXP(-6613/(1.987*(273+D68)))*128000000000000000*EXP(1174/(1.987*(273+D68))), 0.000304*EXP(-5580/(1.987*(273+D68)))*199000000000000000*EXP(680/(1.987*(273+D68)))) -> 8.1368988e+10 | BG68: =BF68 * 1.17*EXP(-57/(1.987*(273+D68))) -> 8.8154465e+10 | BH68: =(D68+273)*$D$145*$F$144 -> 3.5544161e-16 | BJ68: =R68/(1-EXP(-E68*60*BD68)) -> 0.013946383 | BK68: =2*SQRT( ((S68/2) * (1 / (1 - EXP(-E68 * 60 * BB68 * BH68))))^2 + (BC68 * (-R68 * 60 * E68 * BH68 * EXP(-E68 * 60 * BB68 * BH68) / (1 - EXP(-E68 * 60 * BB68 * BH68))^2))^2 ) -> 0.0016506228 | BL68: =R68/(1-EXP(-E68*60*BB68*BH68)*EXP(-(M68-1560)*$CW$126*$BH$122)) -> 0.013544305 | BM68: =2*SQRT( ((S68/2) * (1 / (1 - EXP(-E68 * 60 * BB68 * BH68) * EXP(-(M68 - 1560) * $CW$126 * $BH$48))))^2 + (BC68 * (-R68 * 60 * E68 * BH68 * EXP(-E68 * 60 * BB68 * BH68) / ((1 - EXP(-E68 * 60 * BB68 * BH68) * EXP(-(M68 - 1560) * $CW$126 * $BH$48))^2)))^2 + ($CX$126 * (-R68 * (M68 - 1560) * $BH$48 * EXP(-(M68 - 1560) * $CW$126 * $BH$48) / ((1 - EXP(-E68 * 60 * BB68 * BH68) * EXP(-(M68 - 1560) * $CW$126 * $BH$48))^2)))^2 ) -> 0.0015706455 | BN68: =BN67-R67 -> 0.012932893 | BO68: =BO67+S67 -> 0.0037902099 | BV68: =BV67*EXP(-BB67*BH67*E67*60*0.91357457380209)*EXP(-(M67-1560)*$CW$126*$BH$48*0.91357457380209) -> 0.0060833936 | BW68: =2*SQRT( ((BW67/2) * EXP(-BB67 * BH67 * E67 * 60 * 0.91357457380209) * EXP(-(M67 - 1560) * $CW$126 * $BH$48 * 0.91357457380209))^2 + (BC67 * (-BV67 * BH67 * E67 * 60 * 0.91357457380209 * EXP(-BB67 * BH67 * E67 * 60 * 0.91357457380209) * EXP(-(M67 - 1560) * $CW$126 * $BH$48 * 0.91357457380209)))^2 + ((0.146030972937065 / 2) * BV67 * (-BB67 * BH67 * E67 * 60 - (M67 - 1560) * $CW$126 * $BH$48) * EXP(-BB67 * BH67 * E67 * 60 * 0.91357457380209) * EXP(-(M67 - 1560) * $CW$126 * $BH$48 * 0.91357457380209))^2 + -(M67-1560)*$BH$48*0.91357457380209*BV67*EXP(-BB67*BH67*E67*60*0.91357457380209)*EXP(-(M67-1560)*$CW$126*$BH$48*0.91357457380209)) -> 0.0028714869 | CA68: =CA67*(EXP(-BH68*BG68*E68))*(EXP(-$BG$140*$F$144*D207*(24+273)*M68)) -> 0.041298652 | CD68: =CD67*(EXP(-BH68*BF68*E68))*(EXP(-$BF$140*$F$144*D207*(24+273)*M68)) -> 0.025414718
