Workbook

Sheet ReducedBigLVCOPy230707
B1: Reference File | C1: Metadata | D1: Timestamp | E1: 3 | F1: 3He (cps) | G1: 3He (pccSTP) | H1: (3) +/- | I1: Sensitivity 3He (pccSTP/cps) | J1: Heated Time (s) | K1: Target Temp (C) | L1: Recorded Av Temp (C) | N1: K (atoms/(s*atm*cm)) | O1: λ = KGRT | P1: λt | Q1: nt UB | S1: Prev. Cum Yield | T1: Cum Yield | V1: FLB | W1: Fm | X1: FUB | Z1: λLB | AA1: λm | AB1: λUB
A2: 0 | B2: He27318.txt | C2: BigLVCOPy230707: 654_60.0_25.0 26.99 | D2: 45114.749 | E2: 0 | F2: 0.000715 | G2: 3.8108251e-06 | H2: 1.5987121e-07 | I2: 0.0053298253 | J2: 3600 | K2: 25 | L2: 26.99 | N2: =(0.000304*EXP(-5580/(1.987*(L2+273))))*(199000000000000000*EXP(680/(1.987*(L2+273))))*1.17*EXP(-57/(1.987*(273+L2))) -> 1.7310967e+10 | O2: =N2*$C$38*$C$39*(L2+273) -> 1.4044751e-06 | P2: =O2*J2 -> 0.0050561105 | Q2: =G2/((O2*J2)-1) -> -3.830191e-06 | S2: 0 | T2: =S3 -> 3.8108251e-06
A3: 1 | B3: He27322.txt | C3: BigLVCOPy230707: 656_60.0_300.0 300.00 | D3: 45114.853 | E3: 0 | F3: 19.3 | G3: 0.10272511 | H3: 0.0042751774 | I3: 0.0053225444 | J3: 3600 | K3: 300 | L3: 300 | N3: =(0.000304*EXP(-5580/(1.987*(L3+273))))*(199000000000000000*EXP(680/(1.987*(L3+273))))*1.17*EXP(-57/(1.987*(273+L3))) -> 9.1010209e+11 | O3: =N3*$C$38*$C$39*(L3+273) -> 0.00014103623 | P3: =O3*J3 -> 0.50773041 | Q3: =G3/((O3*J3)-1) -> -0.20867652 | S3: =G2+S2 -> 3.8108251e-06 | T3: =S3+G3 -> 0.10272892 | V3: =(G3-Q2)/($G$34-(S3+Q2)) -> 0.00044956228 | W3: =(G3)/($G$34-(S3)) -> 0.00044954552 | X3: =(G3+Q3)/($G$34-(S3)) -> -0.0004636645 | Z3: =-LN(1-V3)/J3 -> 1.2490649e-07 | AA3: =-LN(1-W3)/J3 -> 1.2490183e-07 | AB3: =-LN(1-X3)/J3 -> -1.2876584e-07
A4: 2 | B4: He27325.txt | C4: BigLVCOPy230707: 659_120.0_300.0 300.00 | D4: 45114.955 | E4: 0 | F4: 30.5 | G4: 0.16274474 | H4: 0.0066903744 | I4: 0.0053358931 | J4: 7200 | K4: 300 | L4: 300 | N4: =(0.000304*EXP(-5580/(1.987*(L4+273))))*(199000000000000000*EXP(680/(1.987*(L4+273))))*1.17*EXP(-57/(1.987*(273+L4))) -> 9.1010209e+11 | O4: =N4*$C$38*$C$39*(L4+273) -> 0.00014103623 | P4: =O4*J4 -> 1.0154608 | Q4: =G4/((O4*J4)-1) -> 10.526267 | S4: =G3+S3 -> 0.10272892 | T4: =S4+G4 -> 0.26547366 | V4: =(G4-Q3)/($G$34-(S4+Q3)) -> 0.0016246601 | W4: =(G4)/($G$34-(S4)) -> 0.0007125237 | X4: =(G4+Q4)/($G$34-(S4)) -> 0.046798281 | Z4: =-LN(1-V4)/J4 -> 2.2583074e-07 | AA4: =-LN(1-W4)/J4 -> 9.8996898e-08 | AB4: =-LN(1-X4)/J4 -> 6.656768e-06
A5: 3 | B5: He27328.txt | C5: BigLVCOPy230707: 662_180.0_300.0 300.00 | D5: 45115.098 | E5: 0 | F5: 19.4 | G5: 0.10419872 | H5: 0.0041695219 | I5: 0.0053710679 | J5: 10800 | K5: 300 | L5: 300 | N5: =(0.000304*EXP(-5580/(1.987*(L5+273))))*(199000000000000000*EXP(680/(1.987*(L5+273))))*1.17*EXP(-57/(1.987*(273+L5))) -> 9.1010209e+11 | O5: =N5*$C$38*$C$39*(L5+273) -> 0.00014103623 | P5: =O5*J5 -> 1.5231912 | Q5: =G5/((O5*J5)-1) -> 0.19915991 | S5: =G4+S4 -> 0.26547366 | T5: =S5+G5 -> 0.36967237 | V5: =(G5-Q4)/($G$34-(S5+Q4)) -> -0.047869781 | W5: =(G5)/($G$34-(S5)) -> 0.00045652471 | X5: =(G5+Q5)/($G$34-(S5)) -> 0.0013291018 | Z5: =-LN(1-V5)/J5 -> -4.329567e-06 | AA5: =-LN(1-W5)/J5 -> 4.2280458e-08 | AB5: =-LN(1-X5)/J5 -> 1.2314684e-07
A6: 4 | B6: He27331.txt | C6: BigLVCOPy230707: 665_60.0_25.0 39.30 | D6: 45115.176 | E6: 0 | F6: 0 | G6: 0 | H6: 0 | I6: 0.0053844831 | J6: 3600 | K6: 25 | L6: 39.3 | N6: =(0.000304*EXP(-5580/(1.987*(L6+273))))*(199000000000000000*EXP(680/(1.987*(L6+273))))*1.17*EXP(-57/(1.987*(273+L6))) -> 2.4025932e+10 | O6: =N6*$C$38*$C$39*(L6+273) -> 2.0292622e-06 | P6: =O6*J6 -> 0.007305344 | Q6: =G6/((O6*J6)-1) -> 0 | S6: =G5+S5 -> 0.36967237 | T6: =S6+G6 -> 0.36967237 | V6: =(G6-Q5)/($G$34-(S6+Q5)) -> -0.00087373842 | W6: =(G6)/($G$34-(S6)) -> 0 | X6: =(G6+Q6)/($G$34-(S6)) -> 0 | Z6: =-LN(1-V6)/J6 -> -2.4259915e-07 | AA6: =-LN(1-W6)/J6 -> 0 | AB6: =-LN(1-X6)/J6 -> 0
A7: 5 | B7: He27334.txt | C7: BigLVCOPy230707: 668_60.0_350.0 350.03 | D7: 45115.253 | E7: 0 | F7: 15 | G7: 0.080922909 | H7: 0.0031478074 | I7: 0.0053948606 | J7: 3600 | K7: 350 | L7: 350.03 | N7: =(0.000304*EXP(-5580/(1.987*(L7+273))))*(199000000000000000*EXP(680/(1.987*(L7+273))))*1.17*EXP(-57/(1.987*(273+L7))) -> 1.290997e+12 | O7: =N7*$C$38*$C$39*(L7+273) -> 0.0002175305 | P7: =O7*J7 -> 0.78310979 | Q7: =G7/((O7*J7)-1) -> -0.37310539 | S7: =G6+S6 -> 0.36967237 | T7: =S7+G7 -> 0.45059528 | V7: =(G7-Q6)/($G$34-(S7+Q6)) -> 0.00035470859 | W7: =(G7)/($G$34-(S7)) -> 0.00035470859 | X7: =(G7+Q7)/($G$34-(S7)) -> -0.0012807206 | Z7: =-LN(1-V7)/J7 -> 9.8547643e-08 | AA7: =-LN(1-W7)/J7 -> 9.8547643e-08 | AB7: =-LN(1-X7)/J7 -> -3.5552811e-07
A8: 6 | B8: He27338.txt | C8: BigLVCOPy230707: 671_60.0_360.0 360.02 | D8: 45115.355 | E8: 0 | F8: 13 | G8: 0.07019778 | H8: 0.0026094246 | I8: 0.0053998292 | J8: 3600 | K8: 360 | L8: 360.02 | N8: =(0.000304*EXP(-5580/(1.987*(L8+273))))*(199000000000000000*EXP(680/(1.987*(L8+273))))*1.17*EXP(-57/(1.987*(273+L8))) -> 1.3752101e+12 | O8: =N8*$C$38*$C$39*(L8+273) -> 0.00023543576 | P8: =O8*J8 -> 0.84756875 | Q8: =G8/((O8*J8)-1) -> -0.46052093 | S8: =G7+S7 -> 0.45059528 | T8: =S8+G8 -> 0.52079306 | V8: =(G8-Q7)/($G$34-(S8+Q7)) -> 0.001940641 | W8: =(G8)/($G$34-(S8)) -> 0.00030780642 | X8: =(G8+Q8)/($G$34-(S8)) -> -0.0017115067 | Z8: =-LN(1-V8)/J8 -> 5.395907e-07 | AA8: =-LN(1-W8)/J8 -> 8.5514945e-08 | AB8: =-LN(1-X8)/J8 -> -4.7501215e-07
A9: 7 | B9: He27341.txt | C9: BigLVCOPy230707: 674_60.0_370.0 370.01 | D9: 45115.431 | E9: 0 | F9: 8.3 | G9: 0.044772338 | H9: 0.0015449633 | I9: 0.0053942576 | J9: 3600 | K9: 370 | L9: 370.01 | N9: =(0.000304*EXP(-5580/(1.987*(L9+273))))*(199000000000000000*EXP(680/(1.987*(L9+273))))*1.17*EXP(-57/(1.987*(273+L9))) -> 1.4620429e+12 | O9: =N9*$C$38*$C$39*(L9+273) -> 0.00025425166 | P9: =O9*J9 -> 0.91530597 | Q9: =G9/((O9*J9)-1) -> -0.52863629 | S9: =G8+S8 -> 0.52079306 | T9: =S9+G9 -> 0.5655654 | V9: =(G9-Q8)/($G$34-(S9+Q8)) -> 0.0022118473 | W9: =(G9)/($G$34-(S9)) -> 0.00019638023 | X9: =(G9+Q9)/($G$34-(S9)) -> -0.002122322 | Z9: =-LN(1-V9)/J9 -> 6.1508252e-07 | AA9: =-LN(1-W9)/J9 -> 5.4555422e-08 | AB9: =-LN(1-X9)/J9 -> -5.8890917e-07
A10: 8 | B10: He27344.txt | C10: BigLVCOPy230707: 677_60.0_380.0 380.04 | D10: 45115.508 | E10: 0 | F10: 5.89 | G10: 0.031718244 | H10: 0.00097020897 | I10: 0.0053851009 | J10: 3600 | K10: 380 | L10: 380.04 | N10: =(0.000304*EXP(-5580/(1.987*(L10+273))))*(199000000000000000*EXP(680/(1.987*(L10+273))))*1.17*EXP(-57/(1.987*(273+L10))) -> 1.5518123e+12 | O10: =N10*$C$38*$C$39*(L10+273) -> 0.00027407216 | P10: =O10*J10 -> 0.98665979 | Q10: =G10/((O10*J10)-1) -> -2.3776416 | S10: =G9+S9 -> 0.5655654 | T10: =S10+G10 -> 0.59728364 | V10: =(G10-Q9)/($G$34-(S10+Q9)) -> 0.0024526194 | W10: =(G10)/($G$34-(S10)) -> 0.00013914975 | X10: =(G10+Q10)/($G$34-(S10)) -> -0.0102917 | Z10: =-LN(1-V10)/J10 -> 6.8211999e-07 | AA10: =-LN(1-W10)/J10 -> 3.8655398e-08 | AB10: =-LN(1-X10)/J10 -> -2.8441947e-06
A11: 9 | B11: He27347.txt | C11: BigLVCOPy230707: 680_60.0_390.0 390.04 | D11: 45115.585 | E11: 0 | F11: 4.64 | G11: 0.02490527 | H11: 0.00058261887 | I11: 0.0053675152 | J11: 3600 | K11: 390 | L11: 390.04 | N11: =(0.000304*EXP(-5580/(1.987*(L11+273))))*(199000000000000000*EXP(680/(1.987*(L11+273))))*1.17*EXP(-57/(1.987*(273+L11))) -> 1.6438471e+12 | O11: =N11*$C$38*$C$39*(L11+273) -> 0.00029477259 | P11: =O11*J11 -> 1.0611813 | Q11: =G11/((O11*J11)-1) -> 0.40707314 | S11: =G10+S10 -> 0.59728364 | T11: =S11+G11 -> 0.62218892 | V11: =(G11-Q10)/($G$34-(S11+Q10)) -> 0.01043274 | W11: =(G11)/($G$34-(S11)) -> 0.00010927605 | X11: =(G11+Q11)/($G$34-(S11)) -> 0.0018953777 | Z11: =-LN(1-V11)/J11 -> 2.9132062e-06 | AA11: =-LN(1-W11)/J11 -> 3.0356117e-08 | AB11: =-LN(1-X11)/J11 -> 5.2699339e-07
A12: 10 | B12: He27350.txt | C12: BigLVCOPy230707: 683_60.0_405.0 405.05 | D12: 45115.662 | E12: 0 | F12: 6.68 | G12: 0.035772326 | H12: 0.00065885151 | I12: 0.0053551386 | J12: 3600 | K12: 405 | L12: 405.05 | N12: =(0.000304*EXP(-5580/(1.987*(L12+273))))*(199000000000000000*EXP(680/(1.987*(L12+273))))*1.17*EXP(-57/(1.987*(273+L12))) -> 1.7866292e+12 | O12: =N12*$C$38*$C$39*(L12+273) -> 0.00032762882 | P12: =O12*J12 -> 1.1794637 | Q12: =G12/((O12*J12)-1) -> 0.19932899 | S12: =G11+S11 -> 0.62218892 | T12: =S12+G12 -> 0.65796124 | V12: =(G12-Q11)/($G$34-(S12+Q11)) -> -0.0016322383 | W12: =(G12)/($G$34-(S12)) -> 0.00015697423 | X12: =(G12+Q12)/($G$34-(S12)) -> 0.0010316592 | Z12: =-LN(1-V12)/J12 -> -4.530299e-07 | AA12: =-LN(1-W12)/J12 -> 4.3607376e-08 | AB12: =-LN(1-X12)/J12 -> 2.8671992e-07
A13: 11 | B13: He27353.txt | C13: BigLVCOPy230707: 686_70.0_395.0 395.04 | D13: 45115.74 | E13: 0 | F13: 3.95 | G13: 0.021107896 | H13: 0.00029276747 | I13: 0.0053437711 | J13: 4200 | K13: 395 | L13: 395.04 | N13: =(0.000304*EXP(-5580/(1.987*(L13+273))))*(199000000000000000*EXP(680/(1.987*(L13+273))))*1.17*EXP(-57/(1.987*(273+L13))) -> 1.6907976e+12 | O13: =N13*$C$38*$C$39*(L13+273) -> 0.00030547806 | P13: =O13*J13 -> 1.2830078 | Q13: =G13/((O13*J13)-1) -> 0.074584138 | S13: =G12+S12 -> 0.65796124 | T13: =S13+G13 -> 0.67906914 | V13: =(G13-Q12)/($G$34-(S13+Q12)) -> -0.00078286806 | W13: =(G13)/($G$34-(S13)) -> 9.2639097e-05 | X13: =(G13+Q13)/($G$34-(S13)) -> 0.00041997666 | Z13: =-LN(1-V13)/J13 -> -1.8632423e-07 | AA13: =-LN(1-W13)/J13 -> 2.205795e-08 | AB13: =-LN(1-X13)/J13 -> 1.0001545e-07
A14: 12 | B14: He27356.txt | C14: BigLVCOPy230707: 689_80.0_385.0 385.04 | D14: 45115.817 | E14: 0 | F14: 2.01 | G14: 0.010716282 | H14: 9.5828697e-05 | I14: 0.0053314836 | J14: 4800 | K14: 385 | L14: 385.04 | N14: =(0.000304*EXP(-5580/(1.987*(L14+273))))*(199000000000000000*EXP(680/(1.987*(L14+273))))*1.17*EXP(-57/(1.987*(273+L14))) -> 1.5975166e+12 | O14: =N14*$C$38*$C$39*(L14+273) -> 0.00028430442 | P14: =O14*J14 -> 1.3646612 | Q14: =G14/((O14*J14)-1) -> 0.029386953 | S14: =G13+S13 -> 0.67906914 | T14: =S14+G14 -> 0.68978542 | V14: =(G14-Q13)/($G$34-(S14+Q13)) -> -0.00028042332 | W14: =(G14)/($G$34-(S14)) -> 4.7036364e-05 | X14: =(G14+Q14)/($G$34-(S14)) -> 0.00017602284 | Z14: =-LN(1-V14)/J14 -> -5.8413336e-08 | AA14: =-LN(1-W14)/J14 -> 9.799473e-09 | AB14: =-LN(1-X14)/J14 -> 3.6674652e-08
... A33: 31 | B33: He27433.txt | C33: BigLVCOPy230707: 739_100.0_510.0 510.03 | D33: 45117.876 | E33: 0 | F33: 7.08 | G33: 0.037766729 | H33: 0.00016663508 | I33: 0.0053342838 | J33: 6000 | K33: 510 | L33: 510.03 | N33: =(0.000304*EXP(-5580/(1.987*(L33+273))))*(199000000000000000*EXP(680/(1.987*(L33+273))))*1.17*EXP(-57/(1.987*(273+L33))) -> 2.9259052e+12 | O33: =N33*$C$38*$C$39*(L33+273) -> 0.00061961881 | P33: =O33*J33 -> 3.7177128 | Q33: =G33/((O33*J33)-1) -> 0.013896512 | S33: =G32+S32 -> 1.0957999 | T33: =S33+G33 -> 1.1335667 | V33: =(G33-Q32)/($G$34-(S33+Q32)) -> 0.00013401623 | W33: =(G33)/($G$34-(S33)) -> 0.00016607111 | X33: =(G33+Q33)/($G$34-(S33)) -> 0.00022717805 | Z33: =-LN(1-V33)/J33 -> 2.2337536e-08 | AA33: =-LN(1-W33)/J33 -> 2.7680817e-08 | AB33: =-LN(1-X33)/J33 -> 3.786731e-08
A34: TOTAL | G34: =(4.16*54.93) -> 228.5088
B35: CONSTANTS
B36: ID (cm) | C36: 0.13
B37: OD (cm) | C37: 0.165
B38: G (cm^-1) | C38: =2/((LN(C37/C36)*((C36/2)^2))) -> 1985.5323
B39: R (cm^3 * atm * atoms^-1 * K^1) | C39: 1.3621e-22

Sheet Diffusivities
A1: 3 | D1: Cum 3He | E1: λt | F1: ntUB | G1: Fim | H1: FiUP | J1: D<10% | K1: D<90% | L1: D>90% | M1: D/a^2 | N1: 10000/TK | O1: ln(d/a^2) | Q1: D<10% | R1: D<90% | S1: D>90% | T1: D/a^2 | U1: ln(d/a^2) | V1: Δln(d/a^2) | X1: D<10% | Y1: D<90% | Z1: D>90% | AA1: D/a^2 | AB1: ln(d/a^2) | AC1: Δln(d/a^2)
J2: m | Q2: LB | X2: UB
A3: Step | B3: Temp © | C3: Seconds | D3: 0 | E3: 0 | G3: 0
A4: {=ReducedBigLVCOPy230707!A2:A33} -> #VALUE! | B4: {=ReducedBigLVCOPy230707!L2:L33} -> 26.99 | C4: {=ReducedBigLVCOPy230707!J2:J33} -> 3600 | D4: {=ReducedBigLVCOPy230707!T2:T33} -> 3.8108251e-06 | E4: {=ReducedBigLVCOPy230707!P2:P33} -> 0.0050561105 | F4: {=ReducedBigLVCOPy230707!Q2:Q33} -> -3.830191e-06 | G4: =D4/$D$36 -> 1.6676929e-08 | H4: =(D4+F4)/$D$36 -> -8.4748896e-11 | J4: =((G4^2-G3^2)*PI())/(36*C4) -> 6.7418183e-21 | K4: =(1/(PI()*PI()*C4))*(-(G4-G3)*PI()*PI()/3-2*PI()*(SQRT(1-PI()/3*G4)-SQRT(1-PI()/3*G3))) -> 2.474116e-21 | L4: =(1/(PI()^2*C4))*LN((1-G3)/(1-G4)) -> 4.693684e-13 | M4: =(G4<0.05)*J4+((G4>=0.05)*(G4<0.9))*K4+(G4>=0.9)*L4 -> 6.7418183e-21 | N4: =10000/(273+B4) -> 33.334444 | O4: =LN(M4) -> -46.445957 | Q4: =((G4^2-H3^2)*PI())/(36*C4) -> 6.7418183e-21 | R4: =(1/(PI()*PI()*C4))*(-(G4-H3)*PI()*PI()/3-2*PI()*(SQRT(1-PI()/3*G4)-SQRT(1-PI()/3*H3))) -> 2.474116e-21 | S4: =(1/(PI()^2*C4))*LN((1-H3)/(1-G4)) -> 4.693684e-13 | T4: =(G4<0.05)*Q4+((G4>=0.05)*(G4<0.9))*R4+(G4>=0.9)*S4 -> 6.7418183e-21 | U4: =LN(T4) -> -46.445957 | V4: =O4-U4 -> 0 | X4: =((H4^2-G3^2)*PI())/(36*C4) -> 1.7410569e-25 | Y4: =(1/(PI()*PI()*C4))*(-(H4-G3)*PI()*PI()/3-2*PI()*(SQRT(1-PI()/3*H4)-SQRT(1-PI()/3*G3))) -> 2.410211e-20 | Z4: =(1/(PI()^2*C4))*LN((1-G3)/(1-H4)) -> -2.3852379e-15 | AA4: =(H4<0.05)*X4+((H4>=0.05)*(H4<0.9))*Y4+(H4>=0.9)*Z4 -> 1.7410569e-25 | AB4: =LN(AA4) -> -57.010135 | AC4: =AB4-O4 -> -10.564178
A5: 1 | B5: 300 | C5: 3600 | D5: 0.10272892 | E5: 0.50773041 | F5: -0.20867652 | G5: =D5/$D$36 -> 0.00044956219 | H5: =(D5+F5)/$D$36 -> -0.00046364782 | J5: =((G5^2-G4^2)*PI())/(36*C5) -> 4.8991917e-12 | K5: =(1/(PI()*PI()*C5))*(-(G5-G4)*PI()*PI()/3-2*PI()*(SQRT(1-PI()/3*G5)-SQRT(1-PI()/3*G4))) -> 4.9003452e-12 | L5: =(1/(PI()^2*C5))*LN((1-G4)/(1-G5)) -> 1.2655202e-08 | M5: =(G5<0.05)*J5+((G5>=0.05)*(G5<0.9))*K5+(G5>=0.9)*L5 -> 4.8991917e-12 | N5: =10000/(273+B5) -> 17.452007 | O5: =LN(M5) -> -26.041951 | Q5: =((G5^2-H4^2)*PI())/(36*C5) -> 4.8991917e-12 | R5: =(1/(PI()*PI()*C5))*(-(G5-H4)*PI()*PI()/3-2*PI()*(SQRT(1-PI()/3*G5)-SQRT(1-PI()/3*H4))) -> 4.9003452e-12 | S5: =(1/(PI()^2*C5))*LN((1-H4)/(1-G5)) -> 1.2655673e-08 | T5: =(G5<0.05)*Q5+((G5>=0.05)*(G5<0.9))*R5+(G5>=0.9)*S5 -> 4.8991917e-12 | U5: =LN(T5) -> -26.041951 | V5: =O5-U5 -> -1.3760726e-09 | X5: =((H5^2-G4^2)*PI())/(36*C5) -> 5.2110028e-12 | Y5: =(1/(PI()*PI()*C5))*(-(H5-G4)*PI()*PI()/3-2*PI()*(SQRT(1-PI()/3*H5)-SQRT(1-PI()/3*G4))) -> 5.2097382e-12 | Z5: =(1/(PI()^2*C5))*LN((1-G4)/(1-H5)) -> -1.3046708e-08 | AA5: =(H5<0.05)*X5+((H5>=0.05)*(H5<0.9))*Y5+(H5>=0.9)*Z5 -> 5.2110028e-12 | AB5: =LN(AA5) -> -25.980249 | AC5: =AB5-O5 -> 0.061702088
A6: 2 | B6: 300 | C6: 7200 | D6: 0.26547366 | E6: 1.0154608 | F6: 10.526267 | G6: =D6/$D$36 -> 0.0011617656 | H6: =(D6+F6)/$D$36 -> 0.047226804 | J6: =((G6^2-G5^2)*PI())/(36*C6) -> 1.390922e-11 | K6: =(1/(PI()*PI()*C6))*(-(G6-G5)*PI()*PI()/3-2*PI()*(SQRT(1-PI()/3*G6)-SQRT(1-PI()/3*G5))) -> 1.3918602e-11 | L6: =(1/(PI()^2*C6))*LN((1-G5)/(1-G6)) -> 1.0030483e-08 | M6: =(G6<0.05)*J6+((G6>=0.05)*(G6<0.9))*K6+(G6>=0.9)*L6 -> 1.390922e-11 | N6: =10000/(273+B6) -> 17.452007 | O6: =LN(M6) -> -24.998469 | Q6: =((G6^2-H5^2)*PI())/(36*C6) -> 1.3753315e-11 | R6: =(1/(PI()*PI()*C6))*(-(G6-H5)*PI()*PI()/3-2*PI()*(SQRT(1-PI()/3*G6)-SQRT(1-PI()/3*H5))) -> 1.3763906e-11 | S6: =(1/(PI()^2*C6))*LN((1-H5)/(1-G6)) -> 2.2881438e-08 | T6: =(G6<0.05)*Q6+((G6>=0.05)*(G6<0.9))*R6+(G6>=0.9)*S6 -> 1.3753315e-11 | U6: =LN(T6) -> -25.009741 | V6: =O6-U6 -> 0.011272084 | X6: =((H6^2-G5^2)*PI())/(36*C6) -> 2.703041e-08 | Y6: =(1/(PI()*PI()*C6))*(-(H6-G5)*PI()*PI()/3-2*PI()*(SQRT(1-PI()/3*H6)-SQRT(1-PI()/3*G5))) -> 2.772028e-08 | Z6: =(1/(PI()^2*C6))*LN((1-G5)/(1-H6)) -> 6.7447162e-07 | AA6: =(H6<0.05)*X6+((H6>=0.05)*(H6<0.9))*Y6+(H6>=0.9)*Z6 -> 2.703041e-08 | AB6: =LN(AA6) -> -17.426303 | AC6: =AB6-O6 -> 7.5721658
A7: 3 | B7: 300 | C7: 10800 | D7: 0.36967237 | E7: 1.5231912 | F7: 0.19915991 | G7: =D7/$D$36 -> 0.0016177599 | H7: =(D7+F7)/$D$36 -> 0.0024893233 | J7: =((G7^2-G6^2)*PI())/(36*C7) -> 1.0241268e-11 | K7: =(1/(PI()*PI()*C7))*(-(G7-G6)*PI()*PI()/3-2*PI()*(SQRT(1-PI()/3*G7)-SQRT(1-PI()/3*G6))) -> 1.025256e-11 | L7: =(1/(PI()^2*C7))*LN((1-G6)/(1-G7)) -> 4.2839061e-09 | M7: =(G7<0.05)*J7+((G7>=0.05)*(G7<0.9))*K7+(G7>=0.9)*L7 -> 1.0241268e-11 | N7: =10000/(273+B7) -> 17.452007 | O7: =LN(M7) -> -25.304596 | Q7: =((G7^2-H6^2)*PI())/(36*C7) -> -1.8000759e-08 | R7: =(1/(PI()*PI()*C7))*(-(G7-H6)*PI()*PI()/3-2*PI()*(SQRT(1-PI()/3*G7)-SQRT(1-PI()/3*H6))) -> -1.8460655e-08 | S7: =(1/(PI()^2*C7))*LN((1-H6)/(1-G7)) -> -4.3867685e-07 | T7: =(G7<0.05)*Q7+((G7>=0.05)*(G7<0.9))*R7+(G7>=0.9)*S7 -> -1.8000759e-08 | U7: =LN(T7) -> #NUM! | V7: =O7-U7 -> #NUM! | X7: =((H7^2-G6^2)*PI())/(36*C7) -> 3.9165118e-11 | Y7: =(1/(PI()*PI()*C7))*(-(H7-G6)*PI()*PI()/3-2*PI()*(SQRT(1-PI()/3*H7)-SQRT(1-PI()/3*G6))) -> 3.9223848e-11 | Z7: =(1/(PI()^2*C7))*LN((1-G6)/(1-H7)) -> 1.2477384e-08 | AA7: =(H7<0.05)*X7+((H7>=0.05)*(H7<0.9))*Y7+(H7>=0.9)*Z7 -> 3.9165118e-11 | AB7: =LN(AA7) -> -23.963235 | AC7: =AB7-O7 -> 1.3413611
A8: 4 | B8: 39.3 | C8: 3600 | D8: 0.36967237 | E8: 0.007305344 | F8: 0 | G8: =D8/$D$36 -> 0.0016177599 | H8: =(D8+F8)/$D$36 -> 0.0016177599 | J8: =((G8^2-G7^2)*PI())/(36*C8) -> 0 | K8: =(1/(PI()*PI()*C8))*(-(G8-G7)*PI()*PI()/3-2*PI()*(SQRT(1-PI()/3*G8)-SQRT(1-PI()/3*G7))) -> 0 | L8: =(1/(PI()^2*C8))*LN((1-G7)/(1-G8)) -> 0 | M8: =(G8<0.05)*J8+((G8>=0.05)*(G8<0.9))*K8+(G8>=0.9)*L8 -> 0 | N8: =10000/(273+B8) -> 32.020493 | O8: =LN(M8) -> #NUM! | Q8: =((G8^2-H7^2)*PI())/(36*C8) -> -8.6771551e-11 | R8: =(1/(PI()*PI()*C8))*(-(G8-H7)*PI()*PI()/3-2*PI()*(SQRT(1-PI()/3*G8)-SQRT(1-PI()/3*H7))) -> -8.6913864e-11 | S8: =(1/(PI()^2*C8))*LN((1-H7)/(1-G8)) -> -2.4580433e-08 | T8: =(G8<0.05)*Q8+((G8>=0.05)*(G8<0.9))*R8+(G8>=0.9)*S8 -> -8.6771551e-11 | U8: =LN(T8) -> #NUM! | V8: =O8-U8 -> #NUM! | X8: =((H8^2-G7^2)*PI())/(36*C8) -> 0 | Y8: =(1/(PI()*PI()*C8))*(-(H8-G7)*PI()*PI()/3-2*PI()*(SQRT(1-PI()/3*H8)-SQRT(1-PI()/3*G7))) -> 0 | Z8: =(1/(PI()^2*C8))*LN((1-G7)/(1-H8)) -> 0 | AA8: =(H8<0.05)*X8+((H8>=0.05)*(H8<0.9))*Y8+(H8>=0.9)*Z8 -> 0 | AB8: =LN(AA8) -> #NUM! | AC8: =AB8-O8 -> #NUM!
A9: 5 | B9: 350.03 | C9: 3600 | D9: 0.45059528 | E9: 0.78310979 | F9: -0.37310539 | G9: =D9/$D$36 -> 0.0019718947 | H9: =(D9+F9)/$D$36 -> 0.00033911118 | J9: =((G9^2-G8^2)*PI())/(36*C9) -> 3.0815278e-11 | K9: =(1/(PI()*PI()*C9))*(-(G9-G8)*PI()*PI()/3-2*PI()*(SQRT(1-PI()/3*G9)-SQRT(1-PI()/3*G8))) -> 3.0858926e-11 | L9: =(1/(PI()^2*C9))*LN((1-G8)/(1-G9)) -> 9.9849639e-09 | M9: =(G9<0.05)*J9+((G9>=0.05)*(G9<0.9))*K9+(G9>=0.9)*L9 -> 3.0815278e-11 | N9: =10000/(273+B9) -> 16.050591 | O9: =LN(M9) -> -24.203011 | Q9: =((G9^2-H8^2)*PI())/(36*C9) -> 3.0815278e-11 | R9: =(1/(PI()*PI()*C9))*(-(G9-H8)*PI()*PI()/3-2*PI()*(SQRT(1-PI()/3*G9)-SQRT(1-PI()/3*H8))) -> 3.0858926e-11 | S9: =(1/(PI()^2*C9))*LN((1-H8)/(1-G9)) -> 9.9849639e-09 | T9: =(G9<0.05)*Q9+((G9>=0.05)*(G9<0.9))*R9+(G9>=0.9)*S9 -> 3.0815278e-11 | U9: =LN(T9) -> -24.203011 | V9: =O9-U9 -> 0 | X9: =((H9^2-G8^2)*PI())/(36*C9) -> -6.0653845e-11 | Y9: =(1/(PI()*PI()*C9))*(-(H9-G8)*PI()*PI()/3-2*PI()*(SQRT(1-PI()/3*H9)-SQRT(1-PI()/3*G8))) -> -6.0707145e-11 | Z9: =(1/(PI()^2*C9))*LN((1-G8)/(1-H9)) -> -3.6022529e-08 | AA9: =(H9<0.05)*X9+((H9>=0.05)*(H9<0.9))*Y9+(H9>=0.9)*Z9 -> -6.0653845e-11 | AB9: =LN(AA9) -> #NUM! | AC9: =AB9-O9 -> #NUM!
A10: 6 | B10: 360.02 | C10: 3600 | D10: 0.52079306 | E10: 0.84756875 | F10: -0.46052093 | G10: =D10/$D$36 -> 0.0022790941 | H10: =(D10+F10)/$D$36 -> 0.00026376286 | J10: =((G10^2-G9^2)*PI())/(36*C10) -> 3.1655945e-11 | K10: =(1/(PI()*PI()*C10))*(-(G10-G9)*PI()*PI()/3-2*PI()*(SQRT(1-PI()/3*G10)-SQRT(1-PI()/3*G9))) -> 3.170898e-11 | L10: =(1/(PI()^2*C10))*LN((1-G9)/(1-G10)) -> 8.6644755e-09 | M10: =(G10<0.05)*J10+((G10>=0.05)*(G10<0.9))*K10+(G10>=0.9)*L10 -> 3.1655945e-11 | N10: =10000/(273+B10) -> 15.797289 | O10: =LN(M10) -> -24.176095 | Q10: =((G10^2-H9^2)*PI())/(36*C10) -> 1.2312507e-10 | R10: =(1/(PI()*PI()*C10))*(-(G10-H9)*PI()*PI()/3-2*PI()*(SQRT(1-PI()/3*G10)-SQRT(1-PI()/3*H9))) -> 1.2327505e-10 | S10: =(1/(PI()^2*C10))*LN((1-H9)/(1-G10)) -> 5.4671968e-08 | T10: =(G10<0.05)*Q10+((G10>=0.05)*(G10<0.9))*R10+(G10>=0.9)*S10 -> 1.2312507e-10 | U10: =LN(T10) -> -22.81782 | V10: =O10-U10 -> -1.3582747 | X10: =((H10^2-G9^2)*PI())/(36*C10) -> -9.2570269e-11 | Y10: =(1/(PI()*PI()*C10))*(-(H10-G9)*PI()*PI()/3-2*PI()*(SQRT(1-PI()/3*H10)-SQRT(1-PI()/3*G9))) -> -9.266748e-11 | Z10: =(1/(PI()^2*C10))*LN((1-G9)/(1-H10)) -> -4.8128794e-08 | AA10: =(H10<0.05)*X10+((H10>=0.05)*(H10<0.9))*Y10+(H10>=0.9)*Z10 -> -9.2570269e-11 | AB10: =LN(AA10) -> #NUM! | AC10: =AB10-O10 -> #NUM!
A11: 7 | B11: 370.01 | C11: 3600 | D11: 0.5655654 | E11: 0.91530597 | F11: -0.52863629 | G11: =D11/$D$36 -> 0.0024750268 | H11: =(D11+F11)/$D$36 -> 0.00016160914 | J11: =((G11^2-G10^2)*PI())/(36*C11) -> 2.2579896e-11 | K11: =(1/(PI()*PI()*C11))*(-(G11-G10)*PI()*PI()/3-2*PI()*(SQRT(1-PI()/3*G11)-SQRT(1-PI()/3*G10))) -> 2.2622163e-11 | L11: =(1/(PI()^2*C11))*LN((1-G10)/(1-G11)) -> 5.5276199e-09 | M11: =(G11<0.05)*J11+((G11>=0.05)*(G11<0.9))*K11+(G11>=0.9)*L11 -> 2.2579896e-11 | N11: =10000/(273+B11) -> 15.551858 | O11: =LN(M11) -> -24.513961 | Q11: =((G11^2-H10^2)*PI())/(36*C11) -> 1.4680611e-10 | R11: =(1/(PI()*PI()*C11))*(-(G11-H10)*PI()*PI()/3-2*PI()*(SQRT(1-PI()/3*G11)-SQRT(1-PI()/3*H10))) -> 1.4699862e-10 | S11: =(1/(PI()^2*C11))*LN((1-H10)/(1-G11)) -> 6.2320889e-08 | T11: =(G11<0.05)*Q11+((G11>=0.05)*(G11<0.9))*R11+(G11>=0.9)*S11 -> 1.4680611e-10 | U11: =LN(T11) -> -22.641908 | V11: =O11-U11 -> -1.8720528 | X11: =((H11^2-G10^2)*PI())/(36*C11) -> -1.2527955e-10 | Y11: =(1/(PI()*PI()*C11))*(-(H11-G10)*PI()*PI()/3-2*PI()*(SQRT(1-PI()/3*H11)-SQRT(1-PI()/3*G10))) -> -1.2542998e-10 | Z11: =(1/(PI()^2*C11))*LN((1-G10)/(1-H11)) -> -5.9668974e-08 | AA11: =(H11<0.05)*X11+((H11>=0.05)*(H11<0.9))*Y11+(H11>=0.9)*Z11 -> -1.2527955e-10 | AB11: =LN(AA11) -> #NUM! | AC11: =AB11-O11 -> #NUM!
A12: 8 | B12: 380.04 | C12: 3600 | D12: 0.59728364 | E12: 0.98665979 | F12: -2.3776416 | G12: =D12/$D$36 -> 0.0026138321 | H12: =(D12+F12)/$D$36 -> -0.0077912009 | J12: =((G12^2-G11^2)*PI())/(36*C12) -> 1.712267e-11 | K12: =(1/(PI()*PI()*C12))*(-(G12-G11)*PI()*PI()/3-2*PI()*(SQRT(1-PI()/3*G12)-SQRT(1-PI()/3*G11))) -> 1.7156973e-11 | L12: =(1/(PI()^2*C12))*LN((1-G11)/(1-G12)) -> 3.9166107e-09 | M12: =(G12<0.05)*J12+((G12>=0.05)*(G12<0.9))*K12+(G12>=0.9)*L12 -> 1.712267e-11 | N12: =10000/(273+B12) -> 15.312998 | O12: =LN(M12) -> -24.790618 | Q12: =((G12^2-H11^2)*PI())/(36*C12) -> 1.6498212e-10 | R12: =(1/(PI()*PI()*C12))*(-(G12-H11)*PI()*PI()/3-2*PI()*(SQRT(1-PI()/3*G12)-SQRT(1-PI()/3*H11))) -> 1.6520911e-10 | S12: =(1/(PI()^2*C12))*LN((1-H11)/(1-G12)) -> 6.9113205e-08 | T12: =(G12<0.05)*Q12+((G12>=0.05)*(G12<0.9))*R12+(G12>=0.9)*S12 -> 1.6498212e-10 | U12: =LN(T12) -> -22.525184 | V12: =O12-U12 -> -2.2654338 | X12: =((H12^2-G11^2)*PI())/(36*C12) -> 1.3229851e-09 | Y12: =(1/(PI()*PI()*C12))*(-(H12-G11)*PI()*PI()/3-2*PI()*(SQRT(1-PI()/3*H12)-SQRT(1-PI()/3*G11))) -> 1.31682e-09 | Z12: =(1/(PI()^2*C12))*LN((1-G11)/(1-H12)) -> -2.8817717e-07 | AA12: =(H12<0.05)*X12+((H12>=0.05)*(H12<0.9))*Y12+(H12>=0.9)*Z12 -> 1.3229851e-09 | AB12: =LN(AA12) -> -20.443375 | AC12: =AB12-O12 -> 4.3472426
A13: 9 | B13: 390.04 | C13: 3600 | D13: 0.62218892 | E13: 1.0611813 | F13: 0.40707314 | G13: =D13/$D$36 -> 0.0027228226 | H13: =(D13+F13)/$D$36 -> 0.0045042556 | J13: =((G13^2-G12^2)*PI())/(36*C13) -> 1.4099454e-11 | K13: =(1/(PI()*PI()*C13))*(-(G13-G12)*PI()*PI()/3-2*PI()*(SQRT(1-PI()/3*G13)-SQRT(1-PI()/3*G12))) -> 1.4129076e-11 | L13: =(1/(PI()^2*C13))*LN((1-G12)/(1-G13)) -> 3.0757177e-09 | M13: =(G13<0.05)*J13+((G13>=0.05)*(G13<0.9))*K13+(G13>=0.9)*L13 -> 1.4099454e-11 | N13: =10000/(273+B13) -> 15.082046 | O13: =LN(M13) -> -24.984885 | Q13: =((G13^2-H12^2)*PI())/(36*C13) -> -1.291763e-09 | R13: =(1/(PI()*PI()*C13))*(-(G13-H12)*PI()*PI()/3-2*PI()*(SQRT(1-PI()/3*G13)-SQRT(1-PI()/3*H12))) -> -1.2855339e-09 | S13: =(1/(PI()^2*C13))*LN((1-H12)/(1-G13)) -> 2.951695e-07 | T13: =(G13<0.05)*Q13+((G13>=0.05)*(G13<0.9))*R13+(G13>=0.9)*S13 -> -1.291763e-09 | U13: =LN(T13) -> #NUM! | V13: =O13-U13 -> #NUM! | X13: =((H13^2-G12^2)*PI())/(36*C13) -> 3.2618751e-10 | Y13: =(1/(PI()*PI()*C13))*(-(H13-G12)*PI()*PI()/3-2*PI()*(SQRT(1-PI()/3*H13)-SQRT(1-PI()/3*G12))) -> 3.2712377e-10 | Z13: =(1/(PI()^2*C13))*LN((1-G12)/(1-H13)) -> 5.3395594e-08 | AA13: =(H13<0.05)*X13+((H13>=0.05)*(H13<0.9))*Y13+(H13>=0.9)*Z13 -> 3.2618751e-10 | AB13: =LN(AA13) -> -21.843549 | AC13: =AB13-O13 -> 3.1413363
A14: 10 | B14: 405.05 | C14: 3600 | D14: 0.65796124 | E14: 1.1794637 | F14: 0.19932899 | G14: =D14/$D$36 -> 0.0028793694 | H14: =(D14+F14)/$D$36 -> 0.0037516727 | J14: =((G14^2-G13^2)*PI())/(36*C14) -> 2.1259209e-11 | K14: =(1/(PI()*PI()*C14))*(-(G14-G13)*PI()*PI()/3-2*PI()*(SQRT(1-PI()/3*G14)-SQRT(1-PI()/3*G13))) -> 2.1306106e-11 | L14: =(1/(PI()^2*C14))*LN((1-G13)/(1-G14)) -> 4.4183509e-09 | M14: =(G14<0.05)*J14+((G14>=0.05)*(G14<0.9))*K14+(G14>=0.9)*L14 -> 2.1259209e-11 | N14: =10000/(273+B14) -> 14.748175 | O14: =LN(M14) -> -24.574231 | Q14: =((G14^2-H13^2)*PI())/(36*C14) -> -2.9082884e-10 | R14: =(1/(PI()*PI()*C14))*(-(G14-H13)*PI()*PI()/3-2*PI()*(SQRT(1-PI()/3*G14)-SQRT(1-PI()/3*H13))) -> -2.9168858e-10 | S14: =(1/(PI()^2*C14))*LN((1-H13)/(1-G14)) -> -4.5901526e-08 | T14: =(G14<0.05)*Q14+((G14>=0.05)*(G14<0.9))*R14+(G14>=0.9)*S14 -> -2.9082884e-10 | U14: =LN(T14) -> #NUM! | V14: =O14-U14 -> #NUM! | X14: =((H14^2-G13^2)*PI())/(36*C14) -> 1.6147412e-10 | Y14: =(1/(PI()*PI()*C14))*(-(H14-G13)*PI()*PI()/3-2*PI()*(SQRT(1-PI()/3*H14)-SQRT(1-PI()/3*G13))) -> 1.6188932e-10 | Z14: =(1/(PI()^2*C14))*LN((1-G13)/(1-H14)) -> 2.9050802e-08 | AA14: =(H14<0.05)*X14+((H14>=0.05)*(H14<0.9))*Y14+(H14>=0.9)*Z14 -> 1.6147412e-10 | AB14: =LN(AA14) -> -22.546676 | AC14: =AB14-O14 -> 2.0275547
A15: 11 | B15: 395.04 | C15: 4200 | D15: 0.67906914 | E15: 1.2830078 | F15: 0.074584138 | G15: =D15/$D$36 -> 0.0029717417 | H15: =(D15+F15)/$D$36 -> 0.0032981368 | J15: =((G15^2-G14^2)*PI())/(36*C15) -> 1.1229966e-11 | K15: =(1/(PI()*PI()*C15))*(-(G15-G14)*PI()*PI()/3-2*PI()*(SQRT(1-PI()/3*G15)-SQRT(1-PI()/3*G14))) -> 1.1255838e-11 | L15: =(1/(PI()^2*C15))*LN((1-G14)/(1-G15)) -> 2.2349376e-09 | M15: =(G15<0.05)*J15+((G15>=0.05)*(G15<0.9))*K15+(G15>=0.9)*L15 -> 1.1229966e-11 | N15: =10000/(273+B15) -> 14.969164 | O15: =LN(M15) -> -25.212435 | Q15: =((G15^2-H14^2)*PI())/(36*C15) -> -1.0895424e-10 | R15: =(1/(PI()*PI()*C15))*(-(G15-H14)*PI()*PI()/3-2*PI()*(SQRT(1-PI()/3*G15)-SQRT(1-PI()/3*H14))) -> -1.0924406e-10 | S15: =(1/(PI()^2*C15))*LN((1-H14)/(1-G15)) -> -1.8878592e-08 | T15: =(G15<0.05)*Q15+((G15>=0.05)*(G15<0.9))*R15+(G15>=0.9)*S15 -> -1.0895424e-10 | U15: =LN(T15) -> #NUM! | V15: =O15-U15 -> #NUM! | X15: =((H15^2-G14^2)*PI())/(36*C15) -> 5.37507e-11 | Y15: =(1/(PI()*PI()*C15))*(-(H15-G14)*PI()*PI()/3-2*PI()*(SQRT(1-PI()/3*H15)-SQRT(1-PI()/3*G14))) -> 5.3881647e-11 | Z15: =(1/(PI()^2*C15))*LN((1-G14)/(1-H15)) -> 1.0133683e-08 | AA15: =(H15<0.05)*X15+((H15>=0.05)*(H15<0.9))*Y15+(H15>=0.9)*Z15 -> 5.37507e-11 | AB15: =LN(AA15) -> -23.646664 | AC15: =AB15-O15 -> 1.5657709
A16: 12 | B16: 385.04 | C16: 4800 | D16: 0.68978542 | E16: 1.3646612 | F16: 0.029386953 | G16: =D16/$D$36 -> 0.0030186383 | H16: =(D16+F16)/$D$36 -> 0.0031472415 | J16: =((G16^2-G15^2)*PI())/(36*C16) -> 5.1074217e-12 | K16: =(1/(PI()*PI()*C16))*(-(G16-G15)*PI()*PI()/3-2*PI()*(SQRT(1-PI()/3*G16)-SQRT(1-PI()/3*G15))) -> 5.1194682e-12 | L16: =(1/(PI()^2*C16))*LN((1-G15)/(1-G16)) -> 9.928942e-10 | M16: =(G16<0.05)*J16+((G16>=0.05)*(G16<0.9))*K16+(G16>=0.9)*L16 -> 5.1074217e-12 | N16: =10000/(273+B16) -> 15.196645 | O16: =LN(M16) -> -26.000326 | Q16: =((G16^2-H15^2)*PI())/(36*C16) -> -3.209822e-11 | R16: =(1/(PI()*PI()*C16))*(-(G16-H15)*PI()*PI()/3-2*PI()*(SQRT(1-PI()/3*G16)-SQRT(1-PI()/3*H15))) -> -3.2178115e-11 | S16: =(1/(PI()^2*C16))*LN((1-H15)/(1-G16)) -> -5.9185084e-09 | T16: =(G16<0.05)*Q16+((G16>=0.05)*(G16<0.9))*R16+(G16>=0.9)*S16 -> -3.209822e-11 | U16: =LN(T16) -> #NUM! | V16: =O16-U16 -> #NUM! | X16: =((H16^2-G15^2)*PI())/(36*C16) -> 1.9523689e-11 | Y16: =(1/(PI()*PI()*C16))*(-(H16-G15)*PI()*PI()/3-2*PI()*(SQRT(1-PI()/3*H16)-SQRT(1-PI()/3*G15))) -> 1.9570741e-11 | Z16: =(1/(PI()^2*C16))*LN((1-G15)/(1-H16)) -> 3.7159192e-09 | AA16: =(H16<0.05)*X16+((H16>=0.05)*(H16<0.9))*Y16+(H16>=0.9)*Z16 -> 1.9523689e-11 | AB16: =LN(AA16) -> -24.659393 | AC16: =AB16-O16 -> 1.3409338
... A35: 31 | B35: 510.03 | C35: 6000 | D35: 1.1335667 | E35: 3.7177128 | F35: 0.013896512 | G35: =D35/$D$36 -> 0.0049607133 | H35: =(D35+F35)/$D$36 -> 0.0050215273 | J35: =((G35^2-G34^2)*PI())/(36*C35) -> 2.3452067e-11 | K35: =(1/(PI()*PI()*C35))*(-(G35-G34)*PI()*PI()/3-2*PI()*(SQRT(1-PI()/3*G35)-SQRT(1-PI()/3*G34))) -> 2.354231e-11 | L35: =(1/(PI()^2*C35))*LN((1-G34)/(1-G35)) -> 2.8046531e-09 | M35: =(G35<0.05)*J35+((G35>=0.05)*(G35<0.9))*K35+(G35>=0.9)*L35 -> 2.3452067e-11 | N35: =10000/(273+B35) -> 12.770903 | O35: =LN(M35) -> -24.476062 | Q35: =((G35^2-H34^2)*PI())/(36*C35) -> 1.8986656e-11 | R35: =(1/(PI()*PI()*C35))*(-(G35-H34)*PI()*PI()/3-2*PI()*(SQRT(1-PI()/3*G35)-SQRT(1-PI()/3*H34))) -> 1.9059954e-11 | S35: =(1/(PI()^2*C35))*LN((1-H34)/(1-G35)) -> 2.2632656e-09 | T35: =(G35<0.05)*Q35+((G35>=0.05)*(G35<0.9))*R35+(G35>=0.9)*S35 -> 1.8986656e-11 | U35: =LN(T35) -> -24.687285 | V35: =O35-U35 -> 0.21122223 | X35: =((H35^2-G34^2)*PI())/(36*C35) -> 3.2281382e-11 | Y35: =(1/(PI()*PI()*C35))*(-(H35-G34)*PI()*PI()/3-2*PI()*(SQRT(1-PI()/3*H35)-SQRT(1-PI()/3*G34))) -> 3.2406389e-11 | Z35: =(1/(PI()^2*C35))*LN((1-G34)/(1-H35)) -> 3.8367606e-09 | AA35: =(H35<0.05)*X35+((H35>=0.05)*(H35<0.9))*Y35+(H35>=0.9)*Z35 -> 3.2281382e-11 | AB35: =LN(AA35) -> -24.15653 | AC35: =AB35-O35 -> 0.31953204
D36: =(4.16*54.93) -> 228.5088

Sheet Sheet2
